student_id,score
1,51
2,92
3,14
4,71
5,60
6,20
7,82
8,86
9,74
10,74
11,87
12,99
13,23
14,2
15,21
16,52
17,1
18,87
19,29
20,37
21,1
22,63
23,59
24,20
25,32
26,75
27,57
28,21
29,88
30,48
31,90
32,58
33,41
34,91
35,59
36,79
37,14
38,61
39,61
40,46
41,61
42,50
43,54
44,63
45,2
46,100
47,50
48,6
49,20
50,72
51,38
52,17
53,3
54,88
55,59
56,13
57,8
58,89
59,52
60,1
61,83
62,91
63,59
64,70
65,43
66,7
67,46
68,34
69,77
70,80
71,35
72,49
73,3
74,1
75,5
76,53
77,3
78,53
79,92
80,62
81,17
82,89
83,43
84,33
85,73
86,61
87,99
88,13
89,94
90,47
91,14
92,71
93,77
94,86
95,61
96,39
97,84
98,79
99,81
100,52
101,23
102,25
103,88
104,59
105,40
106,28
107,14
108,44
109,64
110,88
111,70
112,8
113,87
114,0
115,7
116,87
117,62
118,10
119,80
120,7
121,34
122,34
123,32
124,4
125,40
126,27
127,6
128,72
129,71
130,11
131,33
132,32
133,47
134,22
135,61
136,87
137,36
138,98
139,43
140,85
141,90
142,34
143,64
144,98
145,100
146,46
147,77
148,2
149,0
150,4
151,89
152,13
153,26
154,8
155,78
156,14
157,89
158,41
159,76
160,50
161,62
162,95
163,51
164,95
165,3
166,93
167,100
168,22
169,14
170,42
171,28
172,35
173,12
174,31
175,70
176,58
177,85
178,27
179,65
180,41
181,44
182,61
183,56
184,5
185,27
186,27
187,43
188,83
189,29
190,61
191,74
192,91
193,88
194,61
195,96
196,0
197,26
198,61
199,76
200,2
201,69
202,71
203,26
204,8
205,61
206,36
207,96
208,50
209,43
210,23
211,78
212,58
213,31
214,95
215,87
216,51
217,61
218,57
219,51
220,11
221,38
222,1
223,2
224,100
225,55
226,80
227,58
228,1
229,1
230,91
231,53
232,86
233,100
234,95
235,96
236,0
237,18
238,1
239,52
240,43
241,89
242,31
243,69
244,31
245,67
246,54
247,74
248,55
249,16
250,37
251,23
252,68
253,97
254,69
255,85
256,10
257,15
258,96
259,72
260,58
261,69
262,79
263,92
264,2
265,19
266,58
267,35
268,18
269,89
270,66
271,18
272,19
273,95
274,70
275,51
276,32
277,39
278,38
279,81
280,0
281,10
282,91
283,56
284,88
285,49
286,22
287,30
288,93
289,41
290,98
291,6
292,15
293,89
294,59
295,1
296,0
297,47
298,11
299,68
300,36
301,31
302,8
303,98
304,18
305,47
306,79
307,2
308,19
309,23
310,53
311,32
312,23
313,74
314,71
315,35
316,37
317,83
318,98
319,88
320,98
321,24
322,92
323,17
324,81
325,65
326,53
327,34
328,79
329,60
330,40
331,99
332,32
333,67
334,32
335,13
336,20
337,47
338,19
339,7
340,6
341,66
342,16
343,32
344,47
345,75
346,58
347,85
348,21
349,29
350,37
351,50
352,53
353,7
354,26
355,26
356,97
357,20
358,29
359,96
360,27
361,63
362,96
363,68
364,60
365,47
366,18
367,3
368,34
369,63
370,48
371,16
372,43
373,91
374,29
375,92
376,45
377,5
378,98
379,36
380,23
381,92
382,45
383,52
384,94
385,98
386,59
387,96
388,62
389,84
390,31
391,86
392,32
393,66
394,17
395,24
396,94
397,53
398,57
399,66
400,45
401,23
402,31
403,46
404,85
405,22
406,65
407,26
408,1
409,89
410,16
411,32
412,8
413,42
414,47
415,38
416,92
417,41
418,25
419,98
420,49
421,24
422,23
423,12
424,59
425,6
426,56
427,35
428,44
429,19
430,64
431,7
432,15
433,13
434,75
435,86
436,14
437,91
438,97
439,65
440,31
441,86
442,62
443,85
444,50
445,24
446,57
447,62
448,61
449,21
450,57
451,57
452,85
453,48
454,51
455,41
456,69
457,14
458,53
459,59
460,100
461,96
462,7
463,52
464,59
465,4
466,67
467,5
468,95
469,93
470,46
471,98
472,54
473,39
474,51
475,15
476,12
477,29
478,18
479,16
480,62
481,18
482,91
483,57
484,54
485,89
486,100
487,89
488,61
489,22
490,8
491,11
492,0
493,57
494,0
495,33
496,95
497,47
498,88
499,0
500,15
501,60
502,63
503,62
504,68
505,21
506,92
507,66
508,75
509,25
510,15
511,50
512,100
513,85
514,56
515,28
516,77
517,91
518,68
519,46
520,93
521,61
522,68
523,75
524,15
525,89
526,89
527,47
528,84
529,38
530,99
531,32
532,93
533,100
534,22
535,9
536,68
537,99
538,33
539,51
540,94
541,9
542,18
543,57
544,95
545,0
546,68
547,3
548,15
549,23
550,79
551,1
552,91
553,31
554,90
555,83
556,23
557,11
558,49
559,34
560,32
561,32
562,60
563,50
564,42
565,100
566,11
567,66
568,64
569,32
570,39
571,73
572,42
573,43
574,28
575,12
576,11
577,94
578,45
579,1
580,34
581,86
582,80
583,89
584,7
585,92
586,25
587,73
588,89
589,33
590,6
591,67
592,57
593,74
594,28
595,35
596,88
597,20
598,35
599,9
600,100
601,72
602,23
603,63
604,98
605,48
606,98
607,35
608,81
609,95
610,23
611,22
612,61
613,95
614,36
615,11
616,54
617,12
618,22
619,88
620,98
621,29
622,16
623,61
624,83
625,88
626,85
627,12
628,58
629,18
630,48
631,99
632,11
633,60
634,18
635,75
636,8
637,70
638,27
639,77
640,94
641,51
642,82
643,15
644,68
645,98
646,11
647,24
648,51
649,84
650,99
651,52
652,22
653,15
654,56
655,38
656,52
657,41
658,57
659,38
660,13
661,94
662,4
663,34
664,86
665,92
666,74
667,17
668,75
669,8
670,73
671,57
672,16
673,6
674,45
675,12
676,39
677,41
678,8
679,49
680,26
681,65
682,4
683,28
684,36
685,37
686,82
687,7
688,64
689,85
690,16
691,70
692,88
693,44
694,3
695,35
696,69
697,30
698,18
699,60
700,53
701,38
702,90
703,73
704,89
705,18
706,38
707,66
708,44
709,12
710,91
711,57
712,19
713,91
714,71
715,60
716,38
717,0
718,2
719,76
720,91
721,61
722,62
723,24
724,55
725,32
726,37
727,5
728,57
729,43
730,44
731,31
732,44
733,60
734,46
735,20
736,79
737,84
738,74
739,100
740,35
741,98
742,18
743,19
744,56
745,17
746,46
747,48
748,13
749,14
750,30
751,0
752,53
753,2
754,15
755,86
756,56
757,74
758,11
759,73
760,95
761,15
762,71
763,75
764,23
765,27
766,7
767,91
768,35
769,89
770,7
771,57
772,59
773,49
774,27
775,91
776,100
777,40
778,99
779,63
780,26
781,62
782,16
783,72
784,32
785,83
786,76
787,91
788,28
789,12
790,45
791,34
792,5
793,81
794,68
795,46
796,24
797,65
798,9
799,55
800,29
801,4
802,32
803,64
804,17
805,95
806,48
807,10
808,84
809,25
810,62
811,88
812,85
813,58
814,26
815,48
816,76
817,32
818,97
819,98
820,0
821,20
822,54
823,5
824,91
825,80
826,68
827,94
828,4
829,2
830,52
831,22
832,100
833,52
834,36
835,73
836,73
837,82
838,16
839,84
840,77
841,72
842,0
843,50
844,44
845,76
846,3
847,61
848,64
849,31
850,33
851,91
852,94
853,71
854,38
855,25
856,33
857,53
858,2
859,49
860,11
861,64
862,53
863,4
864,93
865,93
866,56
867,16
868,46
869,22
870,78
871,100
872,84
873,13
874,65
875,74
876,50
877,37
878,63
879,97
880,37
881,49
882,97
883,81
884,29
885,78
886,90
887,50
888,62
889,97
890,51
891,37
892,96
893,87
894,78
895,29
896,50
897,80
898,4
899,28
900,3
901,9
902,55
903,16
904,73
905,16
906,83
907,87
908,68
909,33
910,5
911,52
912,65
913,76
914,42
915,74
916,22
917,54
918,79
919,94
920,74
921,15
922,7
923,3
924,3
925,55
926,24
927,66
928,95
929,66
930,26
931,92
932,31
933,49
934,60
935,50
936,18
937,20
938,4
939,81
940,91
941,41
942,60
943,21
944,20
945,69
946,0
947,4
948,11
949,89
950,45
951,33
952,48
953,77
954,89
955,44
956,26
957,72
958,25
959,46
960,85
961,55
962,93
963,62
964,47
965,60
966,80
967,25
968,35
969,0
970,7
971,98
972,51
973,78
974,46
975,55
976,85
977,13
978,89
979,27
980,86
981,77
982,87
983,1
984,25
985,13
986,58
987,55
988,6
989,2
990,22
991,17
992,37
993,98
994,14
995,63
996,88
997,100
998,27
999,73
1000,38
1001,56
1002,16
1003,85
1004,89
1005,43
1006,24
1007,16
1008,12
1009,83
1010,24
1011,67
1012,9
1013,66
1014,17
1015,99
1016,85
1017,33
1018,7
1019,39
1020,82
1021,41
1022,40
1023,100
1024,5
1025,51
1026,25
1027,63
1028,97
1029,58
1030,55
1031,58
1032,69
1033,100
1034,32
1035,52
1036,21
1037,20
1038,69
1039,69
1040,3
1041,93
1042,74
1043,61
1044,61
1045,93
1046,94
1047,23
1048,54
1049,8
1050,2
1051,30
1052,39
1053,100
1054,35
1055,23
1056,94
1057,5
1058,65
1059,83
1060,91
1061,74
1062,3
1063,78
1064,5
1065,93
1066,50
1067,61
1068,56
1069,65
1070,78
1071,74
1072,7
1073,25
1074,50
1075,44
1076,43
1077,4
1078,69
1079,25
1080,67
1081,18
1082,83
1083,96
1084,19
1085,11
1086,46
1087,0
1088,89
1089,13
1090,63
1091,37
1092,36
1093,10
1094,99
1095,76
1096,2
1097,32
1098,5
1099,49
1100,9
1101,4
1102,22
1103,9
1104,43
1105,1
1106,12
1107,39
1108,1
1109,83
1110,64
1111,62
1112,100
1113,72
1114,16
1115,8
1116,74
1117,14
1118,23
1119,37
1120,34
1121,93
1122,94
1123,48
1124,68
1125,61
1126,59
1127,49
1128,77
1129,74
1130,8
1131,33
1132,75
1133,98
1134,34
1135,0
1136,39
1137,63
1138,21
1139,59
1140,63
1141,92
1142,71
1143,10
1144,100
1145,13
1146,59
1147,29
1148,34
1149,84
1150,36
1151,4
1152,82
1153,77
1154,25
1155,61
1156,3
1157,88
1158,41
1159,88
1160,17
1161,39
1162,71
1163,38
1164,13
1165,31
1166,50
1167,37
1168,96
1169,22
1170,62
1171,14
1172,96
1173,24
1174,16
1175,96
1176,65
1177,77
1178,52
1179,50
1180,38
1181,50
1182,69
1183,5
1184,66
1185,6
1186,50
1187,71
1188,41
1189,63
1190,14
1191,28
1192,32
1193,93
1194,26
1195,35
1196,28
1197,37
1198,56
1199,96
1200,100
1201,26
1202,54
1203,32
1204,67
1205,85
1206,65
1207,9
1208,4
1209,73
1210,96
1211,37
1212,12
1213,30
1214,46
1215,99
1216,87
1217,51
1218,55
1219,14
1220,28
1221,7
1222,4
1223,28
1224,46
1225,67
1226,75
1227,44
1228,1
1229,26
1230,94
1231,35
1232,35
1233,25
1234,42
1235,26
1236,68
1237,19
1238,10
1239,73
1240,37
1241,5
1242,71
1243,22
1244,46
1245,89
1246,45
1247,11
1248,89
1249,12
1250,61
1251,81
1252,88
1253,96
1254,59
1255,42
1256,75
1257,99
1258,67
1259,4
1260,36
1261,71
1262,91
1263,30
1264,8
1265,50
1266,28
1267,77
1268,39
1269,40
1270,85
1271,10
1272,22
1273,0
1274,45
1275,100
1276,20
1277,89
1278,35
1279,53
1280,86
1281,56
1282,0
1283,62
1284,53
1285,54
1286,39
1287,14
1288,20
1289,46
1290,72
1291,52
1292,8
1293,73
1294,51
1295,56
1296,25
1297,40
1298,34
1299,62
1300,24
1301,89
1302,74
1303,37
1304,1
1305,6
1306,81
1307,90
1308,33
1309,90
1310,16
1311,42
1312,58
1313,50
1314,53
1315,23
1316,24
1317,70
1318,51
1319,69
1320,87
1321,32
1322,48
1323,28
1324,62
1325,21
1326,25
1327,27
1328,84
1329,48
1330,70
1331,80
1332,83
1333,48
1334,19
1335,85
1336,91
1337,62
1338,60
1339,48
1340,70
1341,0
1342,95
1343,12
1344,93
1345,86
1346,50
1347,55
1348,82
1349,61
1350,31
1351,29
1352,28
1353,48
1354,44
1355,92
1356,29
1357,15
1358,39
1359,18
1360,17
1361,0
1362,77
1363,46
1364,65
1365,91
1366,93
1367,37
1368,50
1369,62
1370,3
1371,0
1372,7
1373,28
1374,54
1375,2
1376,31
1377,9
1378,73
1379,82
1380,33
1381,96
1382,86
1383,54
1384,91
1385,31
1386,49
1387,6
1388,92
1389,7
1390,64
1391,56
1392,66
1393,87
1394,86
1395,58
1396,71
1397,53
1398,100
1399,66
1400,50
1401,96
1402,91
1403,7
1404,33
1405,34
1406,95
1407,87
1408,77
1409,31
1410,45
1411,15
1412,67
1413,36
1414,53
1415,84
1416,13
1417,94
1418,54
1419,47
1420,81
1421,6
1422,73
1423,6
1424,32
1425,22
1426,84
1427,18
1428,18
1429,35
1430,28
1431,59
1432,81
1433,1
1434,0
1435,46
1436,68
1437,19
1438,10
1439,1
1440,66
1441,86
1442,11
1443,19
1444,4
1445,36
1446,37
1447,93
1448,8
1449,97
1450,52
1451,43
1452,98
1453,85
1454,23
1455,80
1456,73
1457,29
1458,58
1459,86
1460,95
1461,80
1462,80
1463,13
1464,8
1465,39
1466,65
1467,24
1468,72
1469,21
1470,3
1471,25
1472,57
1473,28
1474,97
1475,86
1476,36
1477,74
1478,69
1479,17
1480,84
1481,41
1482,99
1483,40
1484,37
1485,33
1486,16
1487,36
1488,24
1489,75
1490,86
1491,85
1492,84
1493,26
1494,56
1495,30
1496,5
1497,90
1498,39
1499,97
1500,11
1501,52
1502,70
1503,9
1504,44
1505,16
1506,25
1507,84
1508,91
1509,61
1510,45
1511,63
1512,1
1513,53
1514,64
1515,50
1516,52
1517,35
1518,25
1519,28
1520,20
1521,10
1522,39
1523,10
1524,35
1525,58
1526,38
1527,98
1528,53
1529,97
1530,54
1531,23
1532,21
1533,68
1534,55
1535,32
1536,35
1537,19
1538,82
1539,98
1540,80
1541,61
1542,97
1543,72
1544,25
1545,65
1546,72
1547,72
1548,39
1549,16
1550,0
1551,88
1552,60
1553,42
1554,41
1555,24
1556,38
1557,34
1558,2
1559,100
1560,43
1561,50
1562,93
1563,97
1564,11
1565,18
1566,100
1567,43
1568,58
1569,48
1570,60
1571,16
1572,73
1573,56
1574,54
1575,46
1576,11
1577,61
1578,79
1579,87
1580,82
1581,7
1582,94
1583,20
1584,80
1585,86
1586,100
1587,79
1588,69
1589,71
1590,24
1591,81
1592,88
1593,11
1594,14
1595,58
1596,25
1597,25
1598,46
1599,31
1600,9
1601,15
1602,70
1603,16
1604,22
1605,25
1606,84
1607,85
1608,6
1609,13
1610,78
1611,6
1612,8
1613,47
1614,71
1615,58
1616,86
1617,92
1618,81
1619,94
1620,93
1621,38
1622,98
1623,17
1624,58
1625,16
1626,13
1627,30
1628,23
1629,98
1630,59
1631,44
1632,97
1633,2
1634,36
1635,42
1636,39
1637,89
1638,54
1639,86
1640,38
1641,14
1642,3
1643,92
1644,85
1645,24
1646,12
1647,81
1648,32
1649,15
1650,41
1651,65
1652,54
1653,98
1654,41
1655,33
1656,29
1657,12
1658,12
1659,17
1660,31
1661,95
1662,98
1663,38
1664,45
1665,28
1666,61
1667,92
1668,61
1669,56
1670,15
1671,55
1672,9
1673,29
1674,24
1675,83
1676,4
1677,64
1678,93
1679,48
1680,2
1681,44
1682,13
1683,29
1684,67
1685,17
1686,61
1687,36
1688,24
1689,47
1690,64
1691,52
1692,78
1693,72
1694,14
1695,48
1696,87
1697,67
1698,11
1699,58
1700,36
1701,60
1702,100
1703,42
1704,69
1705,38
1706,55
1707,62
1708,45
1709,87
1710,10
1711,61
1712,76
1713,97
1714,24
1715,70
1716,51
1717,3
1718,58
1719,71
1720,19
1721,92
1722,62
1723,53
1724,73
1725,97
1726,56
1727,89
1728,40
1729,2
1730,5
1731,4
1732,4
1733,53
1734,46
1735,86
1736,48
1737,8
1738,98
1739,19
1740,60
1741,34
1742,49
1743,81
1744,61
1745,16
1746,87
1747,2
1748,31
1749,98
1750,12
1751,88
1752,72
1753,67
1754,13
1755,100
1756,97
1757,10
1758,55
1759,66
1760,91
1761,28
1762,8
1763,66
1764,24
1765,97
1766,75
1767,41
1768,8
1769,78
1770,39
1771,24
1772,4
1773,10
1774,58
1775,97
1776,87
1777,78
1778,37
1779,71
1780,4
1781,47
1782,89
1783,17
1784,69
1785,36
1786,59
1787,47
1788,76
1789,27
1790,68
1791,76
1792,80
1793,39
1794,44
1795,95
1796,61
1797,92
1798,57
1799,66
1800,55
1801,39
1802,97
1803,39
1804,90
1805,76
1806,32
1807,5
1808,87
1809,18
1810,79
1811,39
1812,91
1813,96
1814,58
1815,58
1816,47
1817,40
1818,12
1819,44
1820,88
1821,52
1822,41
1823,99
1824,62
1825,26
1826,37
1827,59
1828,6
1829,4
1830,44
1831,57
1832,30
1833,22
1834,41
1835,9
1836,31
1837,52
1838,29
1839,38
1840,30
1841,81
1842,99
1843,1
1844,77
1845,76
1846,92
1847,11
1848,38
1849,65
1850,95
1851,12
1852,45
1853,26
1854,16
1855,94
1856,97
1857,59
1858,63
1859,87
1860,34
1861,69
1862,82
1863,29
1864,70
1865,73
1866,95
1867,97
1868,62
1869,27
1870,59
1871,78
1872,93
1873,36
1874,92
1875,21
1876,67
1877,19
1878,95
1879,99
1880,67
1881,90
1882,63
1883,16
1884,11
1885,21
1886,16
1887,9
1888,64
1889,21
1890,89
1891,81
1892,49
1893,13
1894,63
1895,46
1896,28
1897,75
1898,35
1899,98
1900,51
1901,75
1902,6
1903,28
1904,10
1905,32
1906,5
1907,78
1908,31
1909,50
1910,74
1911,57
1912,86
1913,25
1914,97
1915,45
1916,97
1917,28
1918,3
1919,80
1920,98
1921,12
1922,38
1923,14
1924,28
1925,28
1926,74
1927,31
1928,1
1929,46
1930,77
1931,83
1932,21
1933,74
1934,26
1935,66
1936,80
1937,55
1938,91
1939,92
1940,20
1941,46
1942,79
1943,100
1944,58
1945,83
1946,5
1947,18
1948,56
1949,68
1950,2
1951,0
1952,57
1953,37
1954,14
1955,33
1956,60
1957,34
1958,63
1959,24
1960,23
1961,11
1962,17
1963,14
1964,79
1965,26
1966,71
1967,59
1968,45
1969,88
1970,16
1971,92
1972,52
1973,7
1974,78
1975,26
1976,45
1977,49
1978,70
1979,2
1980,92
1981,63
1982,43
1983,52
1984,23
1985,59
1986,2
1987,19
1988,45
1989,14
1990,24
1991,93
1992,77
1993,70
1994,16
1995,83
1996,99
1997,8
1998,37
1999,47
2000,59
2001,62
2002,85
2003,1
2004,87
2005,71
2006,10
2007,63
2008,76
2009,80
2010,71
2011,20
2012,17
2013,93
2014,63
2015,81
2016,94
2017,37
2018,31
2019,10
2020,44
2021,88
2022,32
2023,40
2024,7
2025,10
2026,85
2027,50
2028,87
2029,40
2030,16
2031,75
2032,45
2033,31
2034,78
2035,79
2036,53
2037,85
2038,91
2039,19
2040,32
2041,73
2042,39
2043,31
2044,96
2045,1
2046,96
2047,32
2048,76
2049,29
2050,32
2051,76
2052,25
2053,21
2054,65
2055,37
2056,89
2057,45
2058,14
2059,97
2060,43
2061,48
2062,74
2063,60
2064,66
2065,5
2066,8
2067,5
2068,72
2069,94
2070,31
2071,40
2072,75
2073,7
2074,71
2075,49
2076,91
2077,61
2078,83
2079,61
2080,6
2081,74
2082,83
2083,79
2084,3
2085,5
2086,57
2087,21
2088,25
2089,2
2090,40
2091,59
2092,13
2093,74
2094,81
2095,11
2096,86
2097,11
2098,12
2099,24
2100,44
2101,18
2102,54
2103,99
2104,44
2105,7
2106,92
2107,52
2108,54
2109,31
2110,50
2111,43
2112,81
2113,69
2114,17
2115,82
2116,21
2117,36
2118,95
2119,55
2120,58
2121,2
2122,27
2123,73
2124,34
2125,60
2126,92
2127,53
2128,62
2129,78
2130,96
2131,6
2132,75
2133,48
2134,93
2135,84
2136,30
2137,57
2138,60
2139,23
2140,19
2141,36
2142,3
2143,91
2144,19
2145,59
2146,23
2147,49
2148,48
2149,50
2150,95
2151,35
2152,97
2153,99
2154,65
2155,78
2156,33
2157,35
2158,5
2159,38
2160,41
2161,57
2162,11
2163,2
2164,17
2165,39
2166,20
2167,14
2168,96
2169,98
2170,25
2171,7
2172,99
2173,93
2174,86
2175,41
2176,43
2177,13
2178,77
2179,1
2180,36
2181,68
2182,37
2183,40
2184,61
2185,59
2186,13
2187,88
2188,83
2189,1
2190,69
2191,16
2192,88
2193,27
2194,65
2195,34
2196,100
2197,4
2198,64
2199,39
2200,75
2201,55
2202,35
2203,44
2204,22
2205,46
2206,30
2207,10
2208,9
2209,66
2210,13
2211,79
2212,73
2213,92
2214,9
2215,75
2216,93
2217,0
2218,4
2219,19
2220,7
2221,42
2222,75
2223,0
2224,56
2225,63
2226,83
2227,27
2228,36
2229,46
2230,100
2231,75
2232,36
2233,48
2234,43
2235,55
2236,27
2237,78
2238,5
2239,60
2240,19
2241,77
2242,1
2243,72
2244,36
2245,19
2246,25
2247,28
2248,0
2249,34
2250,69
2251,100
2252,58
2253,68
2254,32
2255,50
2256,77
2257,11
2258,19
2259,52
2260,87
2261,42
2262,97
2263,88
2264,49
2265,28
2266,56
2267,38
2268,94
2269,55
2270,42
2271,49
2272,22
2273,43
2274,37
2275,83
2276,22
2277,44
2278,51
2279,79
2280,49
2281,7
2282,84
2283,0
2284,7
2285,28
2286,95
2287,4
2288,85
2289,46
2290,33
2291,64
2292,54
2293,89
2294,42
2295,73
2296,29
2297,81
2298,16
2299,25
2300,7
2301,46
2302,75
2303,90
2304,71
2305,88
2306,45
2307,67
2308,32
2309,0
2310,18
2311,30
2312,79
2313,13
2314,52
2315,47
2316,68
2317,89
2318,61
2319,91
2320,65
2321,63
2322,69
2323,62
2324,72
2325,32
2326,40
2327,88
2328,47
2329,12
2330,72
2331,76
2332,30
2333,74
2334,67
2335,97
2336,3
2337,18
2338,69
2339,97
2340,81
2341,12
2342,22
2343,82
2344,74
2345,0
2346,87
2347,53
2348,70
2349,88
2350,84
2351,14
2352,64
2353,75
2354,70
2355,14
2356,20
2357,18
2358,59
2359,92
2360,88
2361,32
2362,48
2363,95
2364,34
2365,43
2366,89
2367,10
2368,98
2369,71
2370,77
2371,73
2372,65
2373,45
2374,8
2375,2
2376,84
2377,25
2378,71
2379,47
2380,65
2381,69
2382,27
2383,92
2384,25
2385,24
2386,11
2387,4
2388,97
2389,47
2390,36
2391,78
2392,43
2393,99
2394,14
2395,42
2396,47
2397,86
2398,69
2399,45
2400,42
2401,20
2402,22
2403,79
2404,46
2405,14
2406,24
2407,35
2408,74
2409,50
2410,14
2411,67
2412,20
2413,12
2414,85
2415,18
2416,33
2417,77
2418,67
2419,51
2420,26
2421,28
2422,27
2423,34
2424,7
2425,15
2426,35
2427,29
2428,17
2429,1
2430,48
2431,76
2432,3
2433,89
2434,88
2435,93
2436,74
2437,6
2438,94
2439,73
2440,38
2441,12
2442,30
2443,70
2444,62
2445,55
2446,41
2447,60
2448,41
2449,55
2450,35
2451,83
2452,67
2453,6
2454,53
2455,0
2456,43
2457,44
2458,46
2459,12
2460,21
2461,20
2462,85
2463,91
2464,8
2465,25
2466,8
2467,14
2468,9
2469,87
2470,41
2471,71
2472,23
2473,79
2474,48
2475,25
2476,90
2477,36
2478,67
2479,49
2480,23
2481,18
2482,99
2483,59
2484,38
2485,73
2486,88
2487,17
2488,18
2489,35
2490,73
2491,96
2492,54
2493,68
2494,46
2495,48
2496,98
2497,97
2498,32
2499,20
2500,80
2501,21
2502,47
2503,36
2504,14
2505,34
2506,91
2507,70
2508,31
2509,10
2510,9
2511,72
2512,77
2513,76
2514,56
2515,24
2516,1
2517,63
2518,34
2519,6
2520,84
2521,17
2522,66
2523,41
2524,38
2525,40
2526,74
2527,23
2528,59
2529,45
2530,18
2531,67
2532,89
2533,41
2534,31
2535,38
2536,35
2537,100
2538,96
2539,35
2540,2
2541,72
2542,7
2543,96
2544,69
2545,40
2546,67
2547,12
2548,48
2549,59
2550,1
2551,59
2552,4
2553,43
2554,26
2555,31
2556,20
2557,7
2558,71
2559,49
2560,66
2561,43
2562,57
2563,2
2564,85
2565,69
2566,1
2567,86
2568,43
2569,1
2570,80
2571,34
2572,97
2573,86
2574,29
2575,7
2576,21
2577,43
2578,57
2579,35
2580,68
2581,76
2582,92
2583,30
2584,46
2585,54
2586,79
2587,61
2588,29
2589,54
2590,15
2591,11
2592,16
2593,15
2594,11
2595,7
2596,83
2597,2
2598,15
2599,29
2600,22
2601,91
2602,4
2603,83
2604,64
2605,29
2606,20
2607,83
2608,69
2609,21
2610,81
2611,71
2612,31
2613,32
2614,15
2615,75
2616,37
2617,97
2618,13
2619,35
2620,96
2621,22
2622,65
2623,84
2624,1
2625,90
2626,72
2627,64
2628,74
2629,66
2630,51
2631,61
2632,22
2633,25
2634,67
2635,81
2636,54
2637,5
2638,34
2639,21
2640,42
2641,14
2642,85
2643,59
2644,100
2645,11
2646,48
2647,41
2648,37
2649,81
2650,44
2651,34
2652,29
2653,87
2654,29
2655,77
2656,5
2657,66
2658,79
2659,6
2660,51
2661,13
2662,72
2663,14
2664,20
2665,34
2666,65
2667,90
2668,1
2669,34
2670,81
2671,77
2672,19
2673,81
2674,9
2675,24
2676,65
2677,24
2678,53
2679,32
2680,35
2681,94
2682,13
2683,64
2684,79
2685,53
2686,51
2687,2
2688,98
2689,40
2690,5
2691,24
2692,12
2693,97
2694,7
2695,20
2696,97
2697,67
2698,24
2699,78
2700,67
2701,44
2702,59
2703,11
2704,31
2705,95
2706,91
2707,12
2708,30
2709,77
2710,19
2711,17
2712,92
2713,59
2714,62
2715,5
2716,31
2717,92
2718,42
2719,1
2720,59
2721,22
2722,82
2723,30
2724,4
2725,82
2726,33
2727,9
2728,88
2729,1
2730,10
2731,49
2732,30
2733,55
2734,78
2735,72
2736,86
2737,82
2738,8
2739,98
2740,20
2741,72
2742,27
2743,61
2744,6
2745,79
2746,15
2747,96
2748,3
2749,3
2750,39
2751,16
2752,100
2753,51
2754,92
2755,51
2756,35
2757,37
2758,49
2759,62
2760,100
2761,62
2762,61
2763,98
2764,6
2765,26
2766,91
2767,85
2768,13
2769,70
2770,100
2771,85
2772,4
2773,54
2774,1
2775,61
2776,90
2777,20
2778,78
2779,20
2780,9
2781,86
2782,57
2783,38
2784,4
2785,64
2786,12
2787,84
2788,89
2789,84
2790,52
2791,81
2792,100
2793,44
2794,31
2795,35
2796,80
2797,98
2798,59
2799,10
2800,62
2801,20
2802,51
2803,54
2804,25
2805,67
2806,33
2807,51
2808,81
2809,98
2810,92
2811,51
2812,28
2813,37
2814,41
2815,20
2816,41
2817,12
2818,63
2819,16
2820,8
2821,40
2822,0
2823,1
2824,59
2825,47
2826,28
2827,96
2828,9
2829,57
2830,59
2831,20
2832,27
2833,74
2834,33
2835,7
2836,58
2837,85
2838,71
2839,48
2840,78
2841,16
2842,59
2843,86
2844,87
2845,44
2846,82
2847,68
2848,31
2849,43
2850,64
2851,86
2852,100
2853,7
2854,76
2855,71
2856,86
2857,42
2858,0
2859,50
2860,23
2861,98
2862,23
2863,16
2864,4
2865,19
2866,20
2867,57
2868,30
2869,99
2870,10
2871,51
2872,14
2873,82
2874,6
2875,27
2876,50
2877,57
2878,4
2879,4
2880,93
2881,95
2882,7
2883,63
2884,9
2885,37
2886,95
2887,91
2888,80
2889,94
2890,7
2891,24
2892,72
2893,65
2894,78
2895,49
2896,66
2897,48
2898,35
2899,67
2900,77
2901,40
2902,88
2903,61
2904,9
2905,20
2906,35
2907,11
2908,90
2909,1
2910,12
2911,52
2912,31
2913,94
2914,15
2915,31
2916,31
2917,97
2918,10
2919,9
2920,14
2921,16
2922,39
2923,17
2924,54
2925,72
2926,24
2927,58
2928,77
2929,88
2930,21
2931,29
2932,83
2933,84
2934,43
2935,31
2936,50
2937,45
2938,20
2939,98
2940,31
2941,93
2942,38
2943,11
2944,46
2945,17
2946,20
2947,12
2948,20
2949,7
2950,45
2951,6
2952,22
2953,95
2954,74
2955,85
2956,21
2957,88
2958,21
2959,91
2960,28
2961,12
2962,81
2963,1
2964,28
2965,84
2966,78
2967,51
2968,26
2969,49
2970,94
2971,78
2972,22
2973,87
2974,43
2975,76
2976,21
2977,42
2978,36
2979,60
2980,96
2981,55
2982,2
2983,62
2984,18
2985,22
2986,28
2987,29
2988,38
2989,24
2990,100
2991,7
2992,57
2993,15
2994,71
2995,0
2996,4
2997,2
2998,64
2999,3
3000,98
3001,95
3002,63
3003,97
3004,88
3005,9
3006,20
3007,45
3008,90
3009,26
3010,65
3011,40
3012,12
3013,8
3014,35
3015,85
3016,89
3017,57
3018,53
3019,11
3020,80
3021,77
3022,13
3023,33
3024,52
3025,19
3026,74
3027,15
3028,94
3029,69
3030,55
3031,82
3032,100
3033,57
3034,3
3035,3
3036,19
3037,9
3038,23
3039,98
3040,25
3041,36
3042,84
3043,53
3044,20
3045,73
3046,37
3047,45
3048,3
3049,59
3050,56
3051,44
3052,19
3053,16
3054,70
3055,3
3056,92
3057,13
3058,2
3059,87
3060,100
3061,79
3062,57
3063,54
3064,3
3065,23
3066,33
3067,29
3068,81
3069,18
3070,30
3071,59
3072,59
3073,18
3074,48
3075,62
3076,82
3077,21
3078,23
3079,75
3080,29
3081,57
3082,30
3083,99
3084,63
3085,18
3086,47
3087,44
3088,99
3089,93
3090,54
3091,54
3092,96
3093,17
3094,62
3095,91
3096,46
3097,74
3098,56
3099,44
3100,32
3101,16
3102,69
3103,3
3104,19
3105,46
3106,90
3107,14
3108,69
3109,46
3110,77
3111,74
3112,8
3113,89
3114,15
3115,68
3116,60
3117,9
3118,49
3119,2
3120,76
3121,93
3122,69
3123,80
3124,50
3125,18
3126,41
3127,34
3128,45
3129,25
3130,68
3131,92
3132,63
3133,36
3134,83
3135,48
3136,20
3137,73
3138,63
3139,4
3140,99
3141,69
3142,89
3143,3
3144,38
3145,34
3146,0
3147,23
3148,56
3149,99
3150,69
3151,40
3152,53
3153,45
3154,59
3155,59
3156,56
3157,30
3158,83
3159,23
3160,88
3161,35
3162,84
3163,29
3164,23
3165,29
3166,85
3167,91
3168,6
3169,34
3170,54
3171,91
3172,13
3173,9
3174,79
3175,15
3176,53
3177,94
3178,88
3179,76
3180,69
3181,43
3182,72
3183,44
3184,99
3185,55
3186,83
3187,81
3188,56
3189,20
3190,67
3191,49
3192,32
3193,90
3194,6
3195,69
3196,14
3197,81
3198,31
3199,74
3200,19
3201,87
3202,14
3203,47
3204,70
3205,20
3206,41
3207,25
3208,13
3209,56
3210,36
3211,57
3212,20
3213,81
3214,68
3215,2
3216,86
3217,89
3218,36
3219,87
3220,48
3221,18
3222,88
3223,84
3224,11
3225,60
3226,40
3227,32
3228,49
3229,67
3230,70
3231,85
3232,32
3233,80
3234,23
3235,60
3236,60
3237,97
3238,27
3239,57
3240,42
3241,40
3242,38
3243,85
3244,48
3245,16
3246,97
3247,69
3248,69
3249,97
3250,64
3251,73
3252,84
3253,4
3254,1
3255,21
3256,56
3257,65
3258,73
3259,97
3260,15
3261,50
3262,38
3263,85
3264,75
3265,87
3266,39
3267,37
3268,59
3269,58
3270,9
3271,98
3272,63
3273,62
3274,48
3275,63
3276,31
3277,6
3278,20
3279,19
3280,25
3281,67
3282,85
3283,14
3284,84
3285,78
3286,85
3287,91
3288,13
3289,26
3290,39
3291,57
3292,27
3293,25
3294,62
3295,65
3296,24
3297,2
3298,71
3299,43
3300,96
3301,41
3302,98
3303,5
3304,38
3305,51
3306,22
3307,88
3308,49
3309,42
3310,18
3311,68
3312,50
3313,10
3314,11
3315,73
3316,7
3317,23
3318,91
3319,40
3320,35
3321,100
3322,84
3323,71
3324,54
3325,8
3326,46
3327,14
3328,47
3329,81
3330,41
3331,59
3332,83
3333,69
3334,11
3335,1
3336,6
3337,79
3338,2
3339,2
3340,26
3341,39
3342,32
3343,91
3344,0
3345,7
3346,100
3347,31
3348,47
3349,100
3350,3
3351,93
3352,69
3353,18
3354,31
3355,8
3356,11
3357,10
3358,45
3359,15
3360,0
3361,62
3362,20
3363,29
3364,12
3365,33
3366,3
3367,27
3368,94
3369,58
3370,26
3371,68
3372,24
3373,2
3374,96
3375,67
3376,24
3377,19
3378,33
3379,25
3380,4
3381,98
3382,60
3383,91
3384,92
3385,8
3386,49
3387,5
3388,82
3389,59
3390,43
3391,10
3392,65
3393,46
3394,72
3395,84
3396,87
3397,97
3398,85
3399,2
3400,75
3401,91
3402,29
3403,89
3404,20
3405,27
3406,89
3407,61
3408,32
3409,84
3410,34
3411,51
3412,33
3413,40
3414,50
3415,46
3416,81
3417,57
3418,74
3419,56
3420,22
3421,47
3422,21
3423,16
3424,68
3425,10
3426,93
3427,14
3428,90
3429,34
3430,32
3431,83
3432,15
3433,33
3434,65
3435,98
3436,39
3437,27
3438,46
3439,38
3440,69
3441,72
3442,19
3443,0
3444,71
3445,86
3446,62
3447,66
3448,3
3449,57
3450,24
3451,46
3452,37
3453,14
3454,62
3455,20
3456,98
3457,56
3458,52
3459,45
3460,13
3461,99
3462,75
3463,16
3464,38
3465,8
3466,98
3467,76
3468,78
3469,81
3470,96
3471,5
3472,90
3473,22
3474,58
3475,90
3476,97
3477,45
3478,37
3479,13
3480,99
3481,71
3482,61
3483,34
3484,18
3485,29
3486,77
3487,83
3488,24
3489,39
3490,87
3491,13
3492,25
3493,86
3494,21
3495,47
3496,82
3497,50
3498,2
3499,41
3500,18
3501,72
3502,27
3503,83
3504,44
3505,70
3506,77
3507,62
3508,72
3509,18
3510,46
3511,13
3512,37
3513,52
3514,60
3515,35
3516,39
3517,80
3518,29
3519,8
3520,63
3521,32
3522,51
3523,88
3524,13
3525,74
3526,52
3527,98
3528,58
3529,77
3530,93
3531,40
3532,67
3533,67
3534,91
3535,7
3536,1
3537,85
3538,40
3539,54
3540,15
3541,92
3542,61
3543,47
3544,29
3545,11
3546,34
3547,10
3548,63
3549,49
3550,84
3551,20
3552,68
3553,47
3554,19
3555,100
3556,66
3557,43
3558,32
3559,72
3560,60
3561,8
3562,67
3563,34
3564,80
3565,97
3566,87
3567,95
3568,64
3569,7
3570,44
3571,86
3572,46
3573,39
3574,75
3575,53
3576,75
3577,45
3578,46
3579,14
3580,18
3581,25
3582,51
3583,92
3584,21
3585,20
3586,50
3587,37
3588,19
3589,28
3590,50
3591,3
3592,54
3593,70
3594,91
3595,27
3596,3
3597,21
3598,75
3599,44
3600,66
3601,85
3602,65
3603,87
3604,33
3605,90
3606,54
3607,0
3608,71
3609,86
3610,37
3611,5
3612,85
3613,24
3614,81
3615,16
3616,60
3617,11
3618,5
3619,89
3620,26
3621,7
3622,82
3623,64
3624,56
3625,92
3626,98
3627,39
3628,13
3629,34
3630,47
3631,83
3632,55
3633,48
3634,12
3635,60
3636,48
3637,45
3638,61
3639,7
3640,42
3641,19
3642,96
3643,89
3644,38
3645,84
3646,48
3647,63
3648,61
3649,53
3650,8
3651,87
3652,36
3653,48
3654,40
3655,16
3656,87
3657,20
3658,50
3659,58
3660,38
3661,54
3662,40
3663,38
3664,12
3665,63
3666,10
3667,18
3668,10
3669,76
3670,45
3671,44
3672,0
3673,39
3674,18
3675,75
3676,71
3677,71
3678,60
3679,11
3680,60
3681,32
3682,44
3683,89
3684,91
3685,68
3686,7
3687,24
3688,90
3689,45
3690,86
3691,29
3692,46
3693,86
3694,48
3695,46
3696,83
3697,81
3698,17
3699,65
3700,67
3701,93
3702,32
3703,35
3704,81
3705,100
3706,18
3707,27
3708,39
3709,83
3710,96
3711,75
3712,14
3713,40
3714,38
3715,1
3716,62
3717,28
3718,73
3719,65
3720,50
3721,74
3722,76
3723,9
3724,13
3725,81
3726,50
3727,72
3728,38
3729,27
3730,2
3731,83
3732,69
3733,26
3734,1
3735,92
3736,37
3737,2
3738,15
3739,93
3740,39
3741,1
3742,80
3743,40
3744,11
3745,34
3746,64
3747,54
3748,44
3749,78
3750,89
3751,100
3752,84
3753,61
3754,48
3755,94
3756,24
3757,22
3758,23
3759,37
3760,27
3761,20
3762,53
3763,17
3764,35
3765,98
3766,44
3767,72
3768,52
3769,29
3770,59
3771,97
3772,31
3773,66
3774,66
3775,27
3776,43
3777,78
3778,40
3779,62
3780,22
3781,74
3782,47
3783,31
3784,56
3785,99
3786,32
3787,23
3788,38
3789,33
3790,55
3791,27
3792,36
3793,6
3794,67
3795,36
3796,55
3797,64
3798,64
3799,46
3800,19
3801,18
3802,28
3803,73
3804,59
3805,17
3806,91
3807,34
3808,42
3809,94
3810,90
3811,10
3812,48
3813,37
3814,63
3815,68
3816,7
3817,33
3818,47
3819,55
3820,75
3821,64
3822,30
3823,3
3824,49
3825,68
3826,29
3827,87
3828,58
3829,66
3830,74
3831,44
3832,3
3833,25
3834,26
3835,45
3836,63
3837,90
3838,50
3839,49
3840,5
3841,58
3842,14
3843,29
3844,41
3845,100
3846,36
3847,41
3848,100
3849,34
3850,86
3851,5
3852,67
3853,17
3854,72
3855,28
3856,76
3857,58
3858,46
3859,16
3860,95
3861,21
3862,67
3863,68
3864,36
3865,48
3866,12
3867,33
3868,85
3869,52
3870,86
3871,50
3872,2
3873,41
3874,97
3875,31
3876,50
3877,84
3878,45
3879,20
3880,43
3881,10
3882,67
3883,0
3884,91
3885,62
3886,23
3887,98
3888,12
3889,97
3890,10
3891,99
3892,50
3893,16
3894,98
3895,81
3896,85
3897,23
3898,18
3899,36
3900,84
3901,7
3902,27
3903,4
3904,16
3905,100
3906,35
3907,18
3908,63
3909,90
3910,97
3911,10
3912,53
3913,44
3914,46
3915,11
3916,20
3917,10
3918,91
3919,4
3920,80
3921,55
3922,19
3923,40
3924,45
3925,11
3926,69
3927,16
3928,18
3929,25
3930,47
3931,51
3932,95
3933,69
3934,54
3935,99
3936,74
3937,32
3938,61
3939,87
3940,22
3941,14
3942,26
3943,74
3944,63
3945,80
3946,50
3947,52
3948,77
3949,90
3950,81
3951,91
3952,50
3953,46
3954,3
3955,6
3956,34
3957,47
3958,72
3959,71
3960,44
3961,80
3962,80
3963,96
3964,95
3965,71
3966,18
3967,62
3968,37
3969,66
3970,58
3971,68
3972,12
3973,46
3974,60
3975,30
3976,79
3977,95
3978,21
3979,92
3980,85
3981,42
3982,66
3983,53
3984,9
3985,41
3986,63
3987,20
3988,79
3989,75
3990,65
3991,40
3992,23
3993,34
3994,55
3995,29
3996,56
3997,93
3998,46
3999,34
4000,18
4001,7
4002,25
4003,70
4004,29
4005,6
4006,66
4007,64
4008,35
4009,24
4010,36
4011,0
4012,14
4013,36
4014,12
4015,7
4016,4
4017,59
4018,72
4019,0
4020,35
4021,34
4022,65
4023,62
4024,22
4025,8
4026,33
4027,45
4028,77
4029,3
4030,29
4031,94
4032,74
4033,98
4034,71
4035,2
4036,13
4037,59
4038,76
4039,44
4040,95
4041,33
4042,44
4043,60
4044,82
4045,15
4046,65
4047,39
4048,16
4049,33
4050,15
4051,59
4052,65
4053,65
4054,89
4055,12
4056,55
4057,30
4058,33
4059,38
4060,66
4061,7
4062,86
4063,77
4064,54
4065,26
4066,92
4067,52
4068,38
4069,64
4070,16
4071,29
4072,52
4073,12
4074,20
4075,18
4076,52
4077,18
4078,56
4079,24
4080,85
4081,30
4082,80
4083,54
4084,22
4085,31
4086,61
4087,73
4088,9
4089,99
4090,71
4091,53
4092,51
4093,19
4094,31
4095,13
4096,49
4097,27
4098,52
4099,23
4100,78
4101,21
4102,29
4103,62
4104,3
4105,76
4106,58
4107,86
4108,7
4109,81
4110,11
4111,30
4112,77
4113,33
4114,81
4115,97
4116,74
4117,75
4118,48
4119,78
4120,56
4121,94
4122,92
4123,25
4124,17
4125,95
4126,85
4127,37
4128,80
4129,86
4130,87
4131,49
4132,7
4133,40
4134,5
4135,68
4136,43
4137,63
4138,28
4139,27
4140,10
4141,64
4142,18
4143,8
4144,26
4145,33
4146,43
4147,67
4148,99
4149,81
4150,14
4151,50
4152,12
4153,82
4154,48
4155,69
4156,55
4157,75
4158,50
4159,36
4160,16
4161,57
4162,86
4163,89
4164,28
4165,32
4166,59
4167,90
4168,88
4169,54
4170,9
4171,46
4172,22
4173,84
4174,20
4175,12
4176,100
4177,32
4178,23
4179,10
4180,16
4181,67
4182,46
4183,24
4184,93
4185,72
4186,20
4187,83
4188,82
4189,82
4190,11
4191,36
4192,41
4193,16
4194,100
4195,47
4196,27
4197,40
4198,98
4199,46
4200,17
4201,77
4202,98
4203,70
4204,12
4205,81
4206,100
4207,12
4208,99
4209,30
4210,1
4211,15
4212,8
4213,72
4214,37
4215,74
4216,53
4217,55
4218,85
4219,96
4220,99
4221,86
4222,44
4223,33
4224,8
4225,87
4226,7
4227,6
4228,35
4229,17
4230,2
4231,27
4232,69
4233,43
4234,20
4235,27
4236,53
4237,53
4238,64
4239,99
4240,20
4241,98
4242,12
4243,56
4244,48
4245,53
4246,9
4247,52
4248,43
4249,46
4250,52
4251,73
4252,45
4253,12
4254,36
4255,23
4256,1
4257,85
4258,80
4259,99
4260,13
4261,9
4262,34
4263,24
4264,2
4265,16
4266,11
4267,53
4268,23
4269,28
4270,42
4271,24
4272,99
4273,59
4274,89
4275,64
4276,83
4277,27
4278,15
4279,46
4280,80
4281,91
4282,57
4283,75
4284,26
4285,52
4286,41
4287,58
4288,46
4289,93
4290,33
4291,36
4292,5
4293,6
4294,95
4295,95
4296,24
4297,32
4298,54
4299,57
4300,6
4301,56
4302,11
4303,15
4304,79
4305,42
4306,99
4307,76
4308,6
4309,99
4310,50
4311,72
4312,31
4313,74
4314,7
4315,96
4316,86
4317,88
4318,71
4319,44
4320,85
4321,58
4322,3
4323,66
4324,28
4325,28
4326,97
4327,97
4328,27
4329,76
4330,78
4331,86
4332,43
4333,89
4334,3
4335,89
4336,8
4337,4
4338,55
4339,95
4340,83
4341,49
4342,74
4343,14
4344,31
4345,27
4346,21
4347,16
4348,58
4349,89
4350,70
4351,56
4352,25
4353,24
4354,9
4355,44
4356,82
4357,10
4358,76
4359,52
4360,71
4361,67
4362,94
4363,27
4364,74
4365,64
4366,48
4367,46
4368,51
4369,87
4370,53
4371,59
4372,56
4373,46
4374,30
4375,45
4376,25
4377,4
4378,83
4379,51
4380,74
4381,53
4382,32
4383,49
4384,37
4385,26
4386,97
4387,14
4388,95
4389,60
4390,20
4391,45
4392,68
4393,5
4394,37
4395,61
4396,85
4397,61
4398,81
4399,77
4400,73
4401,45
4402,12
4403,94
4404,93
4405,2
4406,93
4407,5
4408,92
4409,7
4410,43
4411,32
4412,80
4413,74
4414,76
4415,49
4416,10
4417,94
4418,27
4419,69
4420,40
4421,15
4422,67
4423,98
4424,47
4425,55
4426,63
4427,58
4428,89
4429,61
4430,75
4431,10
4432,100
4433,88
4434,17
4435,18
4436,86
4437,54
4438,81
4439,25
4440,5
4441,3
4442,28
4443,58
4444,97
4445,16
4446,42
4447,79
4448,65
4449,33
4450,7
4451,12
4452,7
4453,93
4454,95
4455,99
4456,93
4457,64
4458,42
4459,38
4460,80
4461,58
4462,83
4463,87
4464,85
4465,92
4466,85
4467,43
4468,8
4469,36
4470,73
4471,35
4472,100
4473,91
4474,27
4475,41
4476,42
4477,84
4478,87
4479,41
4480,65
4481,54
4482,71
4483,47
4484,90
4485,21
4486,100
4487,26
4488,92
4489,66
4490,12
4491,44
4492,9
4493,99
4494,8
4495,53
4496,26
4497,33
4498,0
4499,31
4500,88
4501,92
4502,70
4503,66
4504,83
4505,19
4506,93
4507,34
4508,98
4509,90
4510,89
4511,77
4512,16
4513,17
4514,44
4515,92
4516,83
4517,52
4518,90
4519,81
4520,67
4521,64
4522,0
4523,57
4524,25
4525,19
4526,86
4527,9
4528,58
4529,74
4530,40
4531,4
4532,64
4533,16
4534,21
4535,97
4536,40
4537,92
4538,67
4539,68
4540,10
4541,55
4542,50
4543,20
4544,98
4545,75
4546,25
4547,18
4548,59
4549,70
4550,46
4551,70
4552,25
4553,39
4554,4
4555,20
4556,77
4557,3
4558,22
4559,83
4560,14
4561,92
4562,7
4563,40
4564,18
4565,45
4566,27
4567,90
4568,67
4569,14
4570,98
4571,36
4572,0
4573,66
4574,23
4575,26
4576,39
4577,62
4578,60
4579,35
4580,97
4581,92
4582,23
4583,23
4584,3
4585,66
4586,33
4587,56
4588,48
4589,86
4590,52
4591,22
4592,68
4593,94
4594,52
4595,61
4596,40
4597,56
4598,59
4599,53
4600,69
4601,100
4602,56
4603,9
4604,39
4605,6
4606,37
4607,84
4608,60
4609,83
4610,2
4611,50
4612,85
4613,46
4614,67
4615,91
4616,75
4617,37
4618,35
4619,40
4620,68
4621,12
4622,86
4623,57
4624,49
4625,29
4626,61
4627,100
4628,24
4629,26
4630,50
4631,77
4632,56
4633,46
4634,99
4635,38
4636,15
4637,21
4638,84
4639,53
4640,20
4641,71
4642,15
4643,58
4644,30
4645,41
4646,73
4647,31
4648,58
4649,33
4650,8
4651,80
4652,10
4653,95
4654,9
4655,85
4656,16
4657,67
4658,47
4659,51
4660,24
4661,20
4662,100
4663,64
4664,62
4665,88
4666,50
4667,35
4668,80
4669,87
4670,65
4671,14
4672,95
4673,38
4674,69
4675,0
4676,22
4677,38
4678,56
4679,80
4680,33
4681,40
4682,92
4683,72
4684,12
4685,69
4686,5
4687,83
4688,51
4689,2
4690,80
4691,62
4692,48
4693,75
4694,46
4695,54
4696,63
4697,64
4698,80
4699,66
4700,89
4701,14
4702,99
4703,31
4704,95
4705,67
4706,17
4707,82
4708,42
4709,34
4710,77
4711,57
4712,32
4713,13
4714,33
4715,60
4716,3
4717,87
4718,58
4719,28
4720,82
4721,5
4722,96
4723,48
4724,39
4725,82
4726,64
4727,68
4728,26
4729,79
4730,5
4731,12
4732,63
4733,61
4734,98
4735,18
4736,75
4737,79
4738,42
4739,73
4740,88
4741,19
4742,94
4743,67
4744,43
4745,22
4746,1
4747,21
4748,56
4749,100
4750,71
4751,6
4752,77
4753,55
4754,66
4755,15
4756,82
4757,50
4758,81
4759,79
4760,71
4761,96
4762,11
4763,52
4764,74
4765,4
4766,26
4767,11
4768,16
4769,5
4770,96
4771,4
4772,56
4773,27
4774,77
4775,68
4776,58
4777,32
4778,61
4779,49
4780,18
4781,85
4782,68
4783,65
4784,93
4785,46
4786,38
4787,67
4788,32
4789,12
4790,83
4791,53
4792,6
4793,78
4794,86
4795,13
4796,86
4797,18
4798,53
4799,92
4800,19
4801,28
4802,23
4803,81
4804,62
4805,73
4806,56
4807,7
4808,89
4809,61
4810,28
4811,73
4812,16
4813,65
4814,5
4815,57
4816,68
4817,27
4818,61
4819,40
4820,68
4821,81
4822,89
4823,83
4824,40
4825,48
4826,90
4827,48
4828,75
4829,70
4830,2
4831,9
4832,97
4833,88
4834,34
4835,79
4836,1
4837,23
4838,73
4839,37
4840,21
4841,25
4842,42
4843,54
4844,38
4845,90
4846,28
4847,19
4848,90
4849,40
4850,53
4851,19
4852,18
4853,83
4854,98
4855,65
4856,29
4857,52
4858,33
4859,21
4860,66
4861,5
4862,78
4863,26
4864,9
4865,72
4866,96
4867,95
4868,47
4869,69
4870,58
4871,99
4872,58
4873,1
4874,28
4875,67
4876,64
4877,82
4878,25
4879,88
4880,9
4881,52
4882,78
4883,58
4884,21
4885,50
4886,47
4887,20
4888,21
4889,99
4890,97
4891,29
4892,24
4893,27
4894,64
4895,44
4896,67
4897,6
4898,48
4899,8
4900,35
4901,82
4902,0
4903,9
4904,35
4905,72
4906,45
4907,31
4908,31
4909,5
4910,47
4911,37
4912,16
4913,73
4914,26
4915,53
4916,49
4917,34
4918,84
4919,24
4920,27
4921,14
4922,3
4923,92
4924,72
4925,26
4926,25
4927,18
4928,91
4929,16
4930,42
4931,40
4932,41
4933,49
4934,83
4935,39
4936,38
4937,22
4938,95
4939,51
4940,46
4941,62
4942,96
4943,68
4944,42
4945,47
4946,33
4947,39
4948,74
4949,60
4950,49
4951,66
4952,61
4953,57
4954,32
4955,74
4956,15
4957,81
4958,93
4959,47
4960,9
4961,81
4962,37
4963,18
4964,35
4965,58
4966,62
4967,76
4968,45
4969,2
4970,73
4971,64
4972,90
4973,7
4974,50
4975,80
4976,72
4977,5
4978,88
4979,38
4980,59
4981,27
4982,96
4983,53
4984,36
4985,8
4986,81
4987,55
4988,58
4989,84
4990,1
4991,60
4992,57
4993,59
4994,39
4995,35
4996,36
4997,78
4998,91
4999,17
5000,97
5001,62
5002,21
5003,10
5004,57
5005,56
5006,76
5007,3
5008,85
5009,6
5010,60
5011,53
5012,87
5013,67
5014,91
5015,78
5016,0
5017,54
5018,2
5019,77
5020,37
5021,0
5022,37
5023,84
5024,28
5025,4
5026,73
5027,91
5028,20
5029,70
5030,66
5031,46
5032,83
5033,82
5034,34
5035,67
5036,68
5037,0
5038,67
5039,11
5040,59
5041,26
5042,55
5043,22
5044,24
5045,20
5046,60
5047,62
5048,51
5049,87
5050,24
5051,54
5052,45
5053,31
5054,54
5055,95
5056,4
5057,35
5058,48
5059,57
5060,38
5061,79
5062,96
5063,84
5064,60
5065,8
5066,5
5067,34
5068,38
5069,21
5070,40
5071,4
5072,41
5073,86
5074,80
5075,75
5076,86
5077,79
5078,66
5079,29
5080,56
5081,85
5082,72
5083,28
5084,36
5085,86
5086,12
5087,31
5088,45
5089,22
5090,44
5091,16
5092,84
5093,65
5094,100
5095,5
5096,17
5097,93
5098,21
5099,32
5100,29
5101,80
5102,31
5103,41
5104,77
5105,9
5106,35
5107,33
5108,72
5109,27
5110,10
5111,77
5112,38
5113,46
5114,18
5115,14
5116,27
5117,23
5118,71
5119,8
5120,46
5121,32
5122,61
5123,96
5124,18
5125,66
5126,73
5127,39
5128,46
5129,64
5130,28
5131,49
5132,97
5133,12
5134,0
5135,33
5136,92
5137,47
5138,76
5139,47
5140,48
5141,63
5142,60
5143,28
5144,38
5145,87
5146,25
5147,16
5148,70
5149,12
5150,68
5151,25
5152,48
5153,66
5154,6
5155,57
5156,48
5157,52
5158,64
5159,61
5160,16
5161,42
5162,24
5163,2
5164,78
5165,28
5166,31
5167,25
5168,15
5169,24
5170,53
5171,27
5172,72
5173,55
5174,64
5175,92
5176,85
5177,79
5178,40
5179,50
5180,70
5181,77
5182,28
5183,82
5184,18
5185,65
5186,40
5187,44
5188,14
5189,2
5190,10
5191,52
5192,45
5193,29
5194,56
5195,17
5196,50
5197,47
5198,65
5199,95
5200,7
5201,21
5202,5
5203,75
5204,56
5205,35
5206,78
5207,91
5208,56
5209,48
5210,44
5211,81
5212,65
5213,76
5214,44
5215,78
5216,19
5217,63
5218,92
5219,92
5220,66
5221,82
5222,2
5223,53
5224,77
5225,63
5226,39
5227,58
5228,54
5229,61
5230,3
5231,59
5232,74
5233,94
5234,95
5235,90
5236,29
5237,1
5238,61
5239,48
5240,8
5241,91
5242,30
5243,97
5244,60
5245,78
5246,47
5247,24
5248,35
5249,7
5250,72
5251,57
5252,100
5253,44
5254,61
5255,38
5256,95
5257,57
5258,80
5259,98
5260,100
5261,82
5262,63
5263,43
5264,28
5265,58
5266,70
5267,91
5268,8
5269,91
5270,5
5271,28
5272,57
5273,16
5274,15
5275,86
5276,94
5277,2
5278,20
5279,63
5280,89
5281,35
5282,100
5283,85
5284,61
5285,41
5286,75
5287,41
5288,60
5289,12
5290,10
5291,53
5292,15
5293,7
5294,58
5295,56
5296,39
5297,58
5298,1
5299,93
5300,93
5301,75
5302,9
5303,43
5304,10
5305,78
5306,79
5307,80
5308,89
5309,1
5310,49
5311,11
5312,89
5313,22
5314,17
5315,61
5316,95
5317,61
5318,37
5319,66
5320,37
5321,66
5322,93
5323,60
5324,0
5325,93
5326,44
5327,95
5328,27
5329,20
5330,12
5331,26
5332,99
5333,6
5334,21
5335,73
5336,52
5337,78
5338,78
5339,3
5340,95
5341,22
5342,69
5343,87
5344,83
5345,100
5346,83
5347,75
5348,32
5349,27
5350,7
5351,0
5352,36
5353,62
5354,21
5355,69
5356,20
5357,95
5358,34
5359,78
5360,4
5361,59
5362,45
5363,49
5364,47
5365,5
5366,88
5367,55
5368,58
5369,28
5370,70
5371,76
5372,17
5373,1
5374,7
5375,74
5376,96
5377,53
5378,37
5379,47
5380,26
5381,19
5382,11
5383,42
5384,60
5385,30
5386,90
5387,95
5388,60
5389,73
5390,66
5391,90
5392,34
5393,94
5394,14
5395,15
5396,12
5397,34
5398,74
5399,58
5400,20
5401,53
5402,74
5403,29
5404,47
5405,34
5406,85
5407,37
5408,30
5409,77
5410,23
5411,48
5412,95
5413,99
5414,31
5415,54
5416,78
5417,57
5418,98
5419,2
5420,79
5421,68
5422,84
5423,9
5424,82
5425,24
5426,67
5427,60
5428,28
5429,18
5430,42
5431,65
5432,73
5433,60
5434,42
5435,24
5436,19
5437,47
5438,82
5439,86
5440,23
5441,10
5442,97
5443,54
5444,27
5445,68
5446,62
5447,58
5448,4
5449,50
5450,20
5451,11
5452,49
5453,3
5454,41
5455,83
5456,37
5457,24
5458,13
5459,74
5460,31
5461,10
5462,60
5463,17
5464,26
5465,54
5466,53
5467,81
5468,86
5469,74
5470,20
5471,43
5472,4
5473,86
5474,40
5475,58
5476,88
5477,53
5478,73
5479,21
5480,82
5481,64
5482,63
5483,70
5484,3
5485,64
5486,14
5487,75
5488,21
5489,85
5490,46
5491,80
5492,92
5493,45
5494,13
5495,49
5496,19
5497,49
5498,32
5499,58
5500,42
5501,78
5502,11
5503,39
5504,19
5505,93
5506,37
5507,2
5508,27
5509,55
5510,89
5511,93
5512,12
5513,76
5514,65
5515,36
5516,48
5517,65
5518,35
5519,53
5520,25
5521,74
5522,71
5523,39
5524,42
5525,21
5526,19
5527,7
5528,28
5529,39
5530,89
5531,29
5532,80
5533,83
5534,54
5535,15
5536,45
5537,61
5538,6
5539,79
5540,44
5541,58
5542,55
5543,47
5544,26
5545,52
5546,86
5547,87
5548,72
5549,34
5550,50
5551,83
5552,36
5553,80
5554,94
5555,56
5556,7
5557,78
5558,94
5559,93
5560,19
5561,52
5562,11
5563,48
5564,16
5565,63
5566,41
5567,93
5568,28
5569,18
5570,10
5571,97
5572,49
5573,70
5574,57
5575,33
5576,19
5577,49
5578,87
5579,9
5580,31
5581,51
5582,14
5583,100
5584,83
5585,2
5586,36
5587,39
5588,71
5589,39
5590,55
5591,22
5592,10
5593,63
5594,7
5595,92
5596,93
5597,55
5598,59
5599,9
5600,38
5601,27
5602,48
5603,35
5604,12
5605,95
5606,35
5607,100
5608,25
5609,85
5610,3
5611,94
5612,81
5613,63
5614,37
5615,87
5616,86
5617,21
5618,1
5619,30
5620,10
5621,91
5622,45
5623,95
5624,61
5625,68
5626,63
5627,9
5628,39
5629,23
5630,98
5631,43
5632,59
5633,61
5634,86
5635,16
5636,64
5637,94
5638,94
5639,56
5640,54
5641,52
5642,55
5643,97
5644,8
5645,21
5646,12
5647,88
5648,47
5649,17
5650,75
5651,39
5652,16
5653,14
5654,14
5655,78
5656,62
5657,38
5658,12
5659,80
5660,31
5661,8
5662,39
5663,19
5664,89
5665,90
5666,84
5667,81
5668,76
5669,79
5670,72
5671,62
5672,75
5673,43
5674,37
5675,82
5676,59
5677,70
5678,98
5679,47
5680,17
5681,15
5682,54
5683,38
5684,67
5685,58
5686,88
5687,95
5688,61
5689,12
5690,80
5691,100
5692,5
5693,82
5694,76
5695,59
5696,89
5697,13
5698,94
5699,53
5700,3
5701,38
5702,71
5703,24
5704,76
5705,31
5706,58
5707,62
5708,37
5709,91
5710,52
5711,93
5712,66
5713,27
5714,2
5715,97
5716,79
5717,21
5718,95
5719,37
5720,71
5721,71
5722,61
5723,56
5724,5
5725,77
5726,31
5727,98
5728,9
5729,2
5730,58
5731,75
5732,48
5733,58
5734,30
5735,92
5736,68
5737,61
5738,51
5739,88
5740,40
5741,30
5742,84
5743,83
5744,21
5745,3
5746,12
5747,44
5748,41
5749,48
5750,19
5751,76
5752,80
5753,53
5754,35
5755,96
5756,0
5757,14
5758,76
5759,16
5760,23
5761,57
5762,71
5763,90
5764,22
5765,45
5766,71
5767,7
5768,58
5769,89
5770,58
5771,12
5772,38
5773,100
5774,27
5775,88
5776,60
5777,15
5778,1
5779,81
5780,16
5781,29
5782,12
5783,95
5784,92
5785,93
5786,81
5787,12
5788,42
5789,84
5790,93
5791,20
5792,54
5793,80
5794,39
5795,82
5796,14
5797,72
5798,51
5799,73
5800,94
5801,52
5802,86
5803,51
5804,29
5805,32
5806,56
5807,51
5808,8
5809,53
5810,0
5811,43
5812,98
5813,74
5814,97
5815,79
5816,8
5817,31
5818,14
5819,11
5820,96
5821,77
5822,56
5823,7
5824,71
5825,26
5826,61
5827,11
5828,64
5829,41
5830,61
5831,10
5832,42
5833,94
5834,16
5835,96
5836,31
5837,92
5838,84
5839,84
5840,39
5841,22
5842,55
5843,5
5844,85
5845,49
5846,36
5847,63
5848,53
5849,71
5850,48
5851,98
5852,10
5853,87
5854,48
5855,20
5856,65
5857,62
5858,82
5859,27
5860,16
5861,5
5862,18
5863,55
5864,27
5865,65
5866,37
5867,36
5868,67
5869,85
5870,89
5871,48
5872,42
5873,35
5874,57
5875,12
5876,51
5877,57
5878,31
5879,80
5880,99
5881,59
5882,82
5883,57
5884,98
5885,55
5886,27
5887,0
5888,41
5889,81
5890,47
5891,39
5892,96
5893,62
5894,75
5895,71
5896,87
5897,79
5898,3
5899,37
5900,26
5901,8
5902,15
5903,55
5904,75
5905,30
5906,87
5907,13
5908,24
5909,33
5910,66
5911,23
5912,72
5913,25
5914,19
5915,63
5916,9
5917,82
5918,66
5919,23
5920,4
5921,66
5922,57
5923,26
5924,79
5925,14
5926,34
5927,75
5928,52
5929,43
5930,25
5931,46
5932,33
5933,86
5934,94
5935,49
5936,83
5937,11
5938,86
5939,3
5940,86
5941,47
5942,54
5943,0
5944,88
5945,65
5946,29
5947,2
5948,20
5949,88
5950,83
5951,48
5952,85
5953,84
5954,61
5955,96
5956,37
5957,14
5958,51
5959,78
5960,45
5961,24
5962,20
5963,87
5964,4
5965,69
5966,46
5967,86
5968,67
5969,90
5970,17
5971,20
5972,91
5973,98
5974,85
5975,22
5976,63
5977,66
5978,39
5979,9
5980,88
5981,51
5982,71
5983,74
5984,60
5985,63
5986,4
5987,52
5988,54
5989,36
5990,55
5991,58
5992,92
5993,68
5994,72
5995,58
5996,1
5997,64
5998,59
5999,50
6000,29
6001,10
6002,91
6003,75
6004,38
6005,89
6006,76
6007,71
6008,62
6009,63
6010,60
6011,53
6012,91
6013,93
6014,72
6015,94
6016,57
6017,84
6018,55
6019,33
6020,30
6021,51
6022,88
6023,75
6024,0
6025,54
6026,21
6027,39
6028,100
6029,0
6030,64
6031,62
6032,53
6033,41
6034,20
6035,78
6036,80
6037,21
6038,37
6039,98
6040,79
6041,7
6042,61
6043,46
6044,16
6045,16
6046,89
6047,12
6048,16
6049,37
6050,80
6051,77
6052,44
6053,5
6054,34
6055,13
6056,71
6057,60
6058,14
6059,53
6060,26
6061,12
6062,30
6063,34
6064,59
6065,5
6066,68
6067,85
6068,57
6069,48
6070,22
6071,88
6072,33
6073,25
6074,46
6075,4
6076,89
6077,19
6078,5
6079,69
6080,58
6081,63
6082,17
6083,3
6084,16
6085,13
6086,77
6087,12
6088,6
6089,43
6090,14
6091,18
6092,62
6093,34
6094,80
6095,34
6096,18
6097,19
6098,99
6099,34
6100,31
6101,47
6102,43
6103,23
6104,60
6105,16
6106,70
6107,49
6108,64
6109,98
6110,31
6111,35
6112,12
6113,69
6114,57
6115,13
6116,36
6117,78
6118,67
6119,39
6120,58
6121,79
6122,91
6123,15
6124,61
6125,3
6126,44
6127,89
6128,27
6129,95
6130,65
6131,30
6132,2
6133,7
6134,23
6135,14
6136,42
6137,30
6138,72
6139,44
6140,65
6141,7
6142,70
6143,56
6144,79
6145,98
6146,29
6147,73
6148,17
6149,68
6150,92
6151,38
6152,59
6153,97
6154,42
6155,44
6156,22
6157,68
6158,93
6159,5
6160,55
6161,3
6162,92
6163,22
6164,5
6165,31
6166,17
6167,14
6168,39
6169,95
6170,72
6171,100
6172,73
6173,83
6174,5
6175,62
6176,66
6177,10
6178,42
6179,16
6180,95
6181,3
6182,62
6183,67
6184,80
6185,40
6186,82
6187,4
6188,31
6189,85
6190,69
6191,34
6192,21
6193,64
6194,83
6195,21
6196,10
6197,76
6198,2
6199,8
6200,59
6201,75
6202,86
6203,13
6204,96
6205,17
6206,72
6207,22
6208,73
6209,82
6210,46
6211,68
6212,46
6213,86
6214,29
6215,24
6216,27
6217,97
6218,24
6219,73
6220,77
6221,57
6222,93
6223,40
6224,24
6225,77
6226,98
6227,47
6228,97
6229,9
6230,98
6231,74
6232,10
6233,84
6234,20
6235,85
6236,44
6237,6
6238,80
6239,63
6240,63
6241,1
6242,75
6243,41
6244,81
6245,53
6246,74
6247,15
6248,17
6249,98
6250,58
6251,89
6252,15
6253,5
6254,56
6255,46
6256,47
6257,41
6258,75
6259,59
6260,76
6261,3
6262,1
6263,89
6264,58
6265,26
6266,26
6267,78
6268,71
6269,6
6270,62
6271,45
6272,62
6273,11
6274,12
6275,42
6276,16
6277,62
6278,80
6279,35
6280,84
6281,7
6282,68
6283,89
6284,79
6285,35
6286,27
6287,92
6288,46
6289,75
6290,100
6291,29
6292,22
6293,15
6294,13
6295,73
6296,70
6297,51
6298,36
6299,28
6300,66
6301,14
6302,99
6303,46
6304,45
6305,51
6306,18
6307,76
6308,20
6309,63
6310,36
6311,26
6312,54
6313,28
6314,19
6315,24
6316,69
6317,62
6318,35
6319,1
6320,21
6321,95
6322,15
6323,17
6324,68
6325,53
6326,99
6327,29
6328,44
6329,18
6330,86
6331,33
6332,12
6333,42
6334,61
6335,92
6336,99
6337,21
6338,51
6339,51
6340,35
6341,72
6342,18
6343,37
6344,69
6345,78
6346,56
6347,19
6348,8
6349,31
6350,3
6351,49
6352,81
6353,4
6354,19
6355,86
6356,74
6357,36
6358,21
6359,57
6360,67
6361,92
6362,43
6363,33
6364,76
6365,41
6366,8
6367,94
6368,6
6369,67
6370,18
6371,93
6372,30
6373,34
6374,56
6375,84
6376,60
6377,30
6378,82
6379,94
6380,52
6381,31
6382,65
6383,58
6384,9
6385,1
6386,65
6387,59
6388,87
6389,16
6390,95
6391,15
6392,15
6393,45
6394,38
6395,30
6396,87
6397,0
6398,10
6399,84
6400,3
6401,70
6402,25
6403,49
6404,11
6405,94
6406,80
6407,96
6408,74
6409,91
6410,95
6411,64
6412,46
6413,91
6414,52
6415,70
6416,1
6417,23
6418,3
6419,18
6420,25
6421,74
6422,39
6423,49
6424,42
6425,74
6426,66
6427,11
6428,66
6429,26
6430,53
6431,65
6432,48
6433,15
6434,1
6435,59
6436,53
6437,29
6438,83
6439,37
6440,27
6441,24
6442,95
6443,9
6444,59
6445,41
6446,39
6447,96
6448,76
6449,41
6450,46
6451,36
6452,79
6453,21
6454,56
6455,83
6456,26
6457,40
6458,79
6459,33
6460,31
6461,89
6462,88
6463,65
6464,11
6465,39
6466,72
6467,75
6468,89
6469,72
6470,9
6471,95
6472,97
6473,47
6474,19
6475,38
6476,59
6477,65
6478,64
6479,50
6480,35
6481,23
6482,26
6483,1
6484,30
6485,56
6486,77
6487,65
6488,28
6489,14
6490,11
6491,100
6492,27
6493,83
6494,23
6495,20
6496,9
6497,77
6498,100
6499,17
6500,87
6501,13
6502,33
6503,57
6504,75
6505,21
6506,69
6507,35
6508,44
6509,35
6510,21
6511,77
6512,79
6513,60
6514,99
6515,55
6516,88
6517,95
6518,32
6519,44
6520,35
6521,19
6522,17
6523,37
6524,66
6525,22
6526,95
6527,15
6528,58
6529,68
6530,67
6531,20
6532,77
6533,94
6534,77
6535,69
6536,11
6537,15
6538,80
6539,86
6540,13
6541,60
6542,70
6543,45
6544,31
6545,14
6546,43
6547,16
6548,40
6549,53
6550,43
6551,97
6552,4
6553,26
6554,86
6555,77
6556,78
6557,42
6558,96
6559,30
6560,98
6561,16
6562,91
6563,82
6564,53
6565,61
6566,86
6567,31
6568,39
6569,12
6570,83
6571,34
6572,4
6573,72
6574,28
6575,69
6576,24
6577,94
6578,21
6579,65
6580,44
6581,68
6582,90
6583,88
6584,71
6585,0
6586,83
6587,43
6588,86
6589,95
6590,74
6591,38
6592,53
6593,87
6594,74
6595,28
6596,53
6597,89
6598,15
6599,98
6600,19
6601,45
6602,66
6603,64
6604,57
6605,52
6606,0
6607,80
6608,65
6609,28
6610,83
6611,69
6612,7
6613,28
6614,50
6615,32
6616,2
6617,59
6618,34
6619,68
6620,90
6621,75
6622,83
6623,19
6624,72
6625,38
6626,3
6627,18
6628,90
6629,44
6630,42
6631,12
6632,12
6633,59
6634,56
6635,85
6636,91
6637,51
6638,52
6639,85
6640,42
6641,82
6642,71
6643,71
6644,41
6645,89
6646,25
6647,22
6648,42
6649,76
6650,27
6651,8
6652,19
6653,55
6654,82
6655,38
6656,50
6657,11
6658,78
6659,94
6660,54
6661,77
6662,10
6663,25
6664,41
6665,26
6666,10
6667,37
6668,97
6669,42
6670,18
6671,63
6672,5
6673,45
6674,41
6675,91
6676,64
6677,98
6678,71
6679,58
6680,51
6681,46
6682,6
6683,10
6684,60
6685,67
6686,24
6687,11
6688,25
6689,11
6690,42
6691,50
6692,36
6693,45
6694,52
6695,87
6696,79
6697,12
6698,88
6699,53
6700,56
6701,3
6702,74
6703,95
6704,48
6705,6
6706,10
6707,91
6708,53
6709,86
6710,44
6711,22
6712,27
6713,56
6714,25
6715,24
6716,53
6717,28
6718,82
6719,96
6720,35
6721,13
6722,77
6723,34
6724,29
6725,91
6726,16
6727,66
6728,79
6729,29
6730,92
6731,44
6732,78
6733,88
6734,50
6735,46
6736,52
6737,63
6738,37
6739,63
6740,86
6741,88
6742,6
6743,21
6744,80
6745,81
6746,40
6747,73
6748,9
6749,56
6750,6
6751,49
6752,90
6753,51
6754,32
6755,0
6756,52
6757,59
6758,33
6759,3
6760,16
6761,3
6762,42
6763,89
6764,3
6765,0
6766,70
6767,93
6768,49
6769,72
6770,60
6771,34
6772,7
6773,23
6774,82
6775,35
6776,49
6777,42
6778,26
6779,31
6780,77
6781,17
6782,27
6783,28
6784,15
6785,98
6786,46
6787,58
6788,30
6789,3
6790,36
6791,16
6792,38
6793,47
6794,45
6795,89
6796,47
6797,38
6798,3
6799,29
6800,29
6801,21
6802,74
6803,65
6804,11
6805,93
6806,35
6807,17
6808,89
6809,52
6810,70
6811,0
6812,57
6813,89
6814,86
6815,89
6816,5
6817,69
6818,43
6819,71
6820,23
6821,85
6822,18
6823,100
6824,17
6825,94
6826,100
6827,29
6828,41
6829,32
6830,73
6831,100
6832,11
6833,93
6834,26
6835,38
6836,8
6837,20
6838,75
6839,28
6840,32
6841,61
6842,14
6843,1
6844,51
6845,43
6846,53
6847,17
6848,2
6849,6
6850,42
6851,81
6852,37
6853,36
6854,57
6855,32
6856,58
6857,94
6858,10
6859,67
6860,81
6861,67
6862,97
6863,92
6864,87
6865,21
6866,65
6867,43
6868,5
6869,41
6870,24
6871,56
6872,84
6873,54
6874,15
6875,94
6876,13
6877,38
6878,27
6879,95
6880,91
6881,50
6882,48
6883,8
6884,57
6885,44
6886,21
6887,31
6888,68
6889,86
6890,68
6891,41
6892,52
6893,95
6894,58
6895,73
6896,38
6897,14
6898,70
6899,28
6900,2
6901,82
6902,9
6903,91
6904,28
6905,78
6906,34
6907,5
6908,11
6909,37
6910,76
6911,92
6912,18
6913,66
6914,7
6915,7
6916,83
6917,46
6918,3
6919,50
6920,84
6921,66
6922,44
6923,7
6924,86
6925,15
6926,76
6927,66
6928,8
6929,59
6930,77
6931,76
6932,70
6933,14
6934,70
6935,97
6936,40
6937,21
6938,23
6939,100
6940,43
6941,0
6942,9
6943,79
6944,71
6945,55
6946,88
6947,49
6948,11
6949,88
6950,80
6951,59
6952,25
6953,77
6954,40
6955,35
6956,22
6957,42
6958,5
6959,68
6960,42
6961,24
6962,17
6963,61
6964,12
6965,42
6966,77
6967,27
6968,17
6969,58
6970,59
6971,62
6972,56
6973,91
6974,50
6975,55
6976,26
6977,31
6978,8
6979,95
6980,83
6981,91
6982,96
6983,67
6984,45
6985,97
6986,66
6987,25
6988,7
6989,5
6990,79
6991,23
6992,47
6993,93
6994,44
6995,12
6996,68
6997,24
6998,19
6999,81
7000,81
7001,65
7002,73
7003,44
7004,46
7005,62
7006,75
7007,76
7008,54
7009,74
7010,18
7011,34
7012,52
7013,25
7014,13
7015,44
7016,43
7017,87
7018,64
7019,50
7020,42
7021,85
7022,22
7023,55
7024,18
7025,81
7026,75
7027,54
7028,91
7029,91
7030,59
7031,58
7032,32
7033,18
7034,27
7035,51
7036,48
7037,36
7038,25
7039,98
7040,97
7041,98
7042,39
7043,79
7044,37
7045,76
7046,86
7047,53
7048,21
7049,15
7050,27
7051,34
7052,59
7053,44
7054,45
7055,71
7056,54
7057,85
7058,84
7059,25
7060,84
7061,24
7062,64
7063,5
7064,22
7065,63
7066,86
7067,42
7068,22
7069,95
7070,29
7071,76
7072,17
7073,86
7074,78
7075,96
7076,20
7077,56
7078,22
7079,90
7080,44
7081,43
7082,81
7083,87
7084,46
7085,39
7086,50
7087,41
7088,6
7089,49
7090,47
7091,83
7092,90
7093,5
7094,90
7095,8
7096,56
7097,30
7098,20
7099,89
7100,39
7101,44
7102,76
7103,48
7104,86
7105,19
7106,100
7107,91
7108,16
7109,27
7110,40
7111,65
7112,24
7113,57
7114,40
7115,5
7116,74
7117,37
7118,5
7119,44
7120,74
7121,13
7122,65
7123,39
7124,2
7125,98
7126,96
7127,23
7128,18
7129,17
7130,63
7131,87
7132,34
7133,61
7134,0
7135,99
7136,24
7137,44
7138,48
7139,97
7140,88
7141,15
7142,97
7143,92
7144,18
7145,22
7146,82
7147,24
7148,15
7149,53
7150,72
7151,0
7152,41
7153,18
7154,96
7155,33
7156,79
7157,54
7158,17
7159,33
7160,88
7161,44
7162,5
7163,20
7164,69
7165,95
7166,47
7167,38
7168,30
7169,9
7170,29
7171,17
7172,59
7173,87
7174,72
7175,94
7176,14
7177,3
7178,62
7179,39
7180,8
7181,8
7182,25
7183,3
7184,80
7185,15
7186,14
7187,98
7188,51
7189,68
7190,4
7191,19
7192,78
7193,17
7194,1
7195,92
7196,12
7197,3
7198,41
7199,73
7200,60
7201,94
7202,7
7203,66
7204,62
7205,8
7206,93
7207,10
7208,98
7209,100
7210,41
7211,12
7212,35
7213,12
7214,11
7215,36
7216,73
7217,72
7218,51
7219,70
7220,1
7221,55
7222,59
7223,22
7224,39
7225,63
7226,84
7227,22
7228,28
7229,77
7230,89
7231,50
7232,68
7233,94
7234,88
7235,30
7236,49
7237,19
7238,54
7239,80
7240,1
7241,24
7242,12
7243,91
7244,69
7245,66
7246,57
7247,98
7248,81
7249,74
7250,83
7251,63
7252,68
7253,82
7254,85
7255,58
7256,59
7257,82
7258,61
7259,15
7260,87
7261,67
7262,14
7263,88
7264,54
7265,34
7266,54
7267,13
7268,48
7269,82
7270,99
7271,6
7272,29
7273,82
7274,48
7275,88
7276,15
7277,50
7278,71
7279,81
7280,91
7281,79
7282,82
7283,41
7284,16
7285,62
7286,44
7287,76
7288,6
7289,26
7290,9
7291,33
7292,35
7293,24
7294,5
7295,23
7296,17
7297,86
7298,5
7299,28
7300,24
7301,54
7302,80
7303,45
7304,23
7305,74
7306,25
7307,97
7308,27
7309,2
7310,74
7311,37
7312,60
7313,77
7314,50
7315,89
7316,47
7317,20
7318,53
7319,55
7320,93
7321,58
7322,71
7323,50
7324,19
7325,95
7326,85
7327,58
7328,70
7329,8
7330,0
7331,28
7332,62
7333,71
7334,55
7335,67
7336,34
7337,2
7338,6
7339,26
7340,0
7341,90
7342,79
7343,70
7344,43
7345,86
7346,40
7347,74
7348,41
7349,32
7350,49
7351,62
7352,99
7353,36
7354,58
7355,80
7356,98
7357,47
7358,4
7359,47
7360,95
7361,2
7362,46
7363,61
7364,98
7365,13
7366,62
7367,60
7368,30
7369,94
7370,16
7371,23
7372,22
7373,81
7374,49
7375,77
7376,78
7377,78
7378,69
7379,26
7380,14
7381,49
7382,35
7383,7
7384,78
7385,2
7386,61
7387,46
7388,76
7389,97
7390,87
7391,95
7392,60
7393,31
7394,93
7395,12
7396,0
7397,33
7398,61
7399,78
7400,77
7401,92
7402,97
7403,81
7404,70
7405,92
7406,30
7407,63
7408,24
7409,37
7410,13
7411,7
7412,90
7413,53
7414,1
7415,80
7416,100
7417,77
7418,88
7419,55
7420,93
7421,92
7422,83
7423,84
7424,60
7425,21
7426,34
7427,100
7428,15
7429,49
7430,42
7431,16
7432,79
7433,57
7434,1
7435,3
7436,84
7437,38
7438,97
7439,93
7440,5
7441,80
7442,88
7443,68
7444,68
7445,19
7446,63
7447,15
7448,50
7449,36
7450,72
7451,68
7452,41
7453,56
7454,65
7455,8
7456,99
7457,85
7458,63
7459,85
7460,21
7461,33
7462,54
7463,28
7464,37
7465,96
7466,17
7467,70
7468,64
7469,96
7470,0
7471,87
7472,3
7473,3
7474,81
7475,26
7476,42
7477,58
7478,31
7479,32
7480,27
7481,54
7482,99
7483,59
7484,69
7485,61
7486,79
7487,33
7488,86
7489,87
7490,55
7491,12
7492,55
7493,17
7494,53
7495,76
7496,100
7497,42
7498,38
7499,60
7500,41
7501,80
7502,78
7503,17
7504,22
7505,53
7506,29
7507,97
7508,57
7509,67
7510,66
7511,70
7512,17
7513,6
7514,39
7515,69
7516,85
7517,64
7518,67
7519,48
7520,51
7521,28
7522,20
7523,89
7524,77
7525,8
7526,46
7527,75
7528,41
7529,50
7530,55
7531,50
7532,69
7533,19
7534,87
7535,26
7536,37
7537,71
7538,64
7539,53
7540,23
7541,46
7542,70
7543,82
7544,85
7545,62
7546,56
7547,54
7548,59
7549,98
7550,61
7551,29
7552,92
7553,21
7554,74
7555,83
7556,28
7557,40
7558,41
7559,97
7560,64
7561,30
7562,29
7563,17
7564,16
7565,37
7566,13
7567,86
7568,88
7569,78
7570,55
7571,21
7572,66
7573,55
7574,18
7575,56
7576,43
7577,97
7578,34
7579,0
7580,51
7581,84
7582,92
7583,69
7584,36
7585,64
7586,50
7587,0
7588,90
7589,20
7590,52
7591,15
7592,60
7593,53
7594,39
7595,25
7596,79
7597,91
7598,64
7599,99
7600,73
7601,63
7602,42
7603,16
7604,58
7605,22
7606,6
7607,43
7608,52
7609,70
7610,78
7611,33
7612,45
7613,67
7614,77
7615,77
7616,15
7617,70
7618,95
7619,18
7620,1
7621,9
7622,49
7623,80
7624,100
7625,11
7626,69
7627,21
7628,31
7629,83
7630,0
7631,53
7632,57
7633,69
7634,82
7635,17
7636,5
7637,44
7638,96
7639,22
7640,22
7641,25
7642,76
7643,6
7644,78
7645,43
7646,26
7647,25
7648,96
7649,78
7650,35
7651,54
7652,63
7653,90
7654,56
7655,68
7656,60
7657,1
7658,54
7659,96
7660,79
7661,86
7662,37
7663,79
7664,77
7665,28
7666,25
7667,34
7668,78
7669,66
7670,86
7671,28
7672,33
7673,96
7674,40
7675,40
7676,22
7677,70
7678,2
7679,57
7680,31
7681,30
7682,81
7683,42
7684,6
7685,0
7686,60
7687,13
7688,51
7689,95
7690,5
7691,9
7692,70
7693,89
7694,97
7695,29
7696,99
7697,20
7698,59
7699,80
7700,96
7701,73
7702,62
7703,41
7704,50
7705,63
7706,75
7707,55
7708,79
7709,40
7710,31
7711,14
7712,61
7713,26
7714,27
7715,80
7716,63
7717,58
7718,57
7719,1
7720,35
7721,70
7722,12
7723,14
7724,88
7725,86
7726,59
7727,21
7728,62
7729,89
7730,96
7731,74
7732,73
7733,24
7734,100
7735,47
7736,42
7737,37
7738,40
7739,44
7740,87
7741,39
7742,96
7743,16
7744,87
7745,100
7746,56
7747,1
7748,95
7749,61
7750,87
7751,8
7752,67
7753,80
7754,16
7755,49
7756,93
7757,39
7758,57
7759,74
7760,84
7761,20
7762,17
7763,54
7764,28
7765,23
7766,73
7767,16
7768,17
7769,41
7770,83
7771,100
7772,44
7773,81
7774,16
7775,72
7776,13
7777,48
7778,28
7779,94
7780,3
7781,81
7782,19
7783,46
7784,8
7785,76
7786,78
7787,26
7788,14
7789,91
7790,100
7791,18
7792,89
7793,51
7794,25
7795,88
7796,25
7797,25
7798,45
7799,91
7800,48
7801,81
7802,95
7803,52
7804,2
7805,65
7806,96
7807,41
7808,18
7809,16
7810,32
7811,75
7812,48
7813,55
7814,62
7815,2
7816,48
7817,54
7818,25
7819,98
7820,71
7821,51
7822,99
7823,6
7824,45
7825,45
7826,99
7827,15
7828,23
7829,60
7830,53
7831,61
7832,0
7833,48
7834,24
7835,9
7836,79
7837,15
7838,57
7839,71
7840,28
7841,91
7842,5
7843,15
7844,19
7845,79
7846,70
7847,77
7848,42
7849,25
7850,89
7851,77
7852,70
7853,32
7854,25
7855,44
7856,83
7857,62
7858,66
7859,51
7860,67
7861,25
7862,74
7863,1
7864,13
7865,29
7866,48
7867,11
7868,89
7869,43
7870,32
7871,12
7872,77
7873,87
7874,97
7875,25
7876,20
7877,27
7878,47
7879,99
7880,39
7881,65
7882,72
7883,86
7884,78
7885,76
7886,22
7887,80
7888,47
7889,1
7890,83
7891,19
7892,58
7893,45
7894,2
7895,54
7896,11
7897,39
7898,65
7899,99
7900,77
7901,15
7902,82
7903,33
7904,43
7905,5
7906,76
7907,63
7908,99
7909,21
7910,17
7911,11
7912,51
7913,93
7914,50
7915,70
7916,95
7917,47
7918,18
7919,5
7920,83
7921,26
7922,52
7923,100
7924,47
7925,6
7926,58
7927,68
7928,10
7929,14
7930,63
7931,2
7932,68
7933,22
7934,52
7935,36
7936,8
7937,14
7938,2
7939,92
7940,69
7941,16
7942,25
7943,20
7944,71
7945,20
7946,10
7947,37
7948,71
7949,87
7950,34
7951,13
7952,13
7953,9
7954,11
7955,37
7956,33
7957,40
7958,9
7959,16
7960,16
7961,66
7962,61
7963,94
7964,0
7965,11
7966,3
7967,41
7968,12
7969,97
7970,84
7971,85
7972,3
7973,81
7974,68
7975,18
7976,1
7977,11
7978,80
7979,73
7980,97
7981,5
7982,7
7983,50
7984,10
7985,62
7986,56
7987,11
7988,72
7989,1
7990,7
7991,10
7992,52
7993,99
7994,9
7995,84
7996,83
7997,7
7998,35
7999,92
8000,75
8001,13
8002,53
8003,84
8004,85
8005,20
8006,49
8007,93
8008,38
8009,19
8010,87
8011,86
8012,6
8013,8
8014,0
8015,25
8016,37
8017,37
8018,60
8019,43
8020,85
8021,43
8022,73
8023,61
8024,5
8025,16
8026,50
8027,37
8028,23
8029,50
8030,9
8031,71
8032,20
8033,69
8034,84
8035,56
8036,38
8037,87
8038,32
8039,58
8040,17
8041,55
8042,91
8043,56
8044,95
8045,75
8046,47
8047,41
8048,26
8049,73
8050,51
8051,41
8052,31
8053,25
8054,24
8055,74
8056,22
8057,97
8058,56
8059,51
8060,86
8061,92
8062,30
8063,63
8064,70
8065,32
8066,84
8067,1
8068,17
8069,46
8070,32
8071,100
8072,97
8073,83
8074,34
8075,50
8076,17
8077,87
8078,71
8079,29
8080,43
8081,52
8082,9
8083,86
8084,51
8085,48
8086,10
8087,65
8088,57
8089,89
8090,35
8091,32
8092,46
8093,12
8094,39
8095,88
8096,67
8097,41
8098,18
8099,81
8100,100
8101,93
8102,18
8103,57
8104,22
8105,53
8106,79
8107,64
8108,11
8109,23
8110,33
8111,52
8112,7
8113,17
8114,56
8115,4
8116,25
8117,29
8118,53
8119,12
8120,82
8121,28
8122,2
8123,89
8124,57
8125,75
8126,1
8127,74
8128,27
8129,81
8130,76
8131,100
8132,85
8133,75
8134,1
8135,100
8136,6
8137,25
8138,89
8139,87
8140,75
8141,15
8142,22
8143,39
8144,59
8145,72
8146,31
8147,14
8148,100
8149,12
8150,4
8151,74
8152,73
8153,51
8154,76
8155,40
8156,52
8157,49
8158,14
8159,6
8160,39
8161,27
8162,31
8163,98
8164,14
8165,99
8166,84
8167,69
8168,64
8169,3
8170,10
8171,25
8172,60
8173,36
8174,22
8175,92
8176,84
8177,90
8178,39
8179,76
8180,22
8181,15
8182,93
8183,60
8184,67
8185,79
8186,30
8187,52
8188,24
8189,43
8190,11
8191,89
8192,100
8193,96
8194,91
8195,8
8196,11
8197,68
8198,53
8199,53
8200,27
8201,55
8202,98
8203,68
8204,97
8205,97
8206,76
8207,57
8208,77
8209,74
8210,41
8211,37
8212,67
8213,52
8214,32
8215,70
8216,55
8217,71
8218,100
8219,50
8220,73
8221,42
8222,14
8223,37
8224,14
8225,4
8226,92
8227,82
8228,53
8229,50
8230,9
8231,11
8232,3
8233,94
8234,17
8235,79
8236,35
8237,24
8238,86
8239,75
8240,97
8241,35
8242,100
8243,66
8244,8
8245,60
8246,52
8247,17
8248,42
8249,34
8250,62
8251,97
8252,77
8253,3
8254,92
8255,40
8256,44
8257,49
8258,78
8259,27
8260,41
8261,79
8262,75
8263,68
8264,97
8265,0
8266,38
8267,95
8268,89
8269,16
8270,90
8271,87
8272,34
8273,45
8274,41
8275,38
8276,89
8277,48
8278,61
8279,37
8280,22
8281,21
8282,3
8283,48
8284,58
8285,72
8286,67
8287,70
8288,86
8289,1
8290,48
8291,87
8292,94
8293,30
8294,39
8295,47
8296,50
8297,42
8298,97
8299,54
8300,87
8301,48
8302,89
8303,79
8304,56
8305,76
8306,14
8307,26
8308,67
8309,79
8310,63
8311,93
8312,29
8313,35
8314,66
8315,85
8316,85
8317,48
8318,75
8319,54
8320,84
8321,55
8322,67
8323,94
8324,43
8325,30
8326,57
8327,86
8328,52
8329,83
8330,78
8331,22
8332,27
8333,15
8334,36
8335,20
8336,78
8337,16
8338,36
8339,76
8340,18
8341,29
8342,44
8343,17
8344,77
8345,61
8346,35
8347,99
8348,83
8349,51
8350,18
8351,43
8352,6
8353,43
8354,67
8355,33
8356,65
8357,68
8358,54
8359,9
8360,95
8361,41
8362,40
8363,76
8364,68
8365,9
8366,9
8367,90
8368,59
8369,50
8370,20
8371,7
8372,64
8373,91
8374,77
8375,84
8376,29
8377,84
8378,48
8379,8
8380,16
8381,68
8382,57
8383,56
8384,61
8385,94
8386,51
8387,60
8388,39
8389,37
8390,42
8391,62
8392,18
8393,99
8394,49
8395,32
8396,12
8397,77
8398,96
8399,61
8400,92
8401,42
8402,48
8403,35
8404,9
8405,94
8406,5
8407,56
8408,0
8409,70
8410,57
8411,90
8412,20
8413,91
8414,79
8415,55
8416,86
8417,19
8418,53
8419,24
8420,27
8421,4
8422,20
8423,17
8424,46
8425,69
8426,56
8427,92
8428,18
8429,96
8430,64
8431,2
8432,41
8433,20
8434,98
8435,39
8436,66
8437,24
8438,54
8439,83
8440,51
8441,43
8442,97
8443,84
8444,55
8445,54
8446,86
8447,69
8448,76
8449,86
8450,72
8451,80
8452,65
8453,18
8454,82
8455,6
8456,62
8457,41
8458,41
8459,58
8460,19
8461,72
8462,16
8463,26
8464,46
8465,1
8466,62
8467,61
8468,99
8469,18
8470,16
8471,68
8472,38
8473,81
8474,70
8475,80
8476,38
8477,35
8478,39
8479,44
8480,3
8481,24
8482,68
8483,29
8484,75
8485,67
8486,87
8487,28
8488,72
8489,67
8490,50
8491,23
8492,13
8493,68
8494,17
8495,41
8496,56
8497,82
8498,11
8499,81
8500,16
8501,29
8502,87
8503,74
8504,98
8505,22
8506,80
8507,0
8508,78
8509,31
8510,8
8511,14
8512,27
8513,23
8514,59
8515,34
8516,85
8517,26
8518,82
8519,75
8520,19
8521,64
8522,84
8523,48
8524,0
8525,9
8526,46
8527,58
8528,95
8529,61
8530,85
8531,17
8532,45
8533,31
8534,26
8535,91
8536,17
8537,38
8538,48
8539,92
8540,81
8541,43
8542,71
8543,53
8544,94
8545,33
8546,70
8547,35
8548,17
8549,37
8550,58
8551,8
8552,72
8553,71
8554,50
8555,34
8556,81
8557,4
8558,13
8559,91
8560,29
8561,3
8562,38
8563,83
8564,63
8565,24
8566,27
8567,75
8568,65
8569,77
8570,21
8571,30
8572,22
8573,47
8574,19
8575,37
8576,54
8577,67
8578,78
8579,87
8580,88
8581,0
8582,6
8583,56
8584,94
8585,11
8586,4
8587,49
8588,41
8589,11
8590,17
8591,65
8592,73
8593,78
8594,93
8595,16
8596,67
8597,70
8598,61
8599,40
8600,94
8601,33
8602,69
8603,44
8604,57
8605,50
8606,33
8607,43
8608,14
8609,77
8610,69
8611,49
8612,100
8613,31
8614,66
8615,2
8616,85
8617,85
8618,73
8619,50
8620,66
8621,75
8622,92
8623,47
8624,16
8625,6
8626,12
8627,65
8628,3
8629,9
8630,87
8631,16
8632,51
8633,5
8634,82
8635,68
8636,95
8637,73
8638,8
8639,90
8640,76
8641,82
8642,20
8643,23
8644,3
8645,23
8646,58
8647,98
8648,2
8649,67
8650,100
8651,39
8652,47
8653,53
8654,34
8655,94
8656,55
8657,88
8658,39
8659,76
8660,67
8661,45
8662,77
8663,12
8664,26
8665,5
8666,16
8667,35
8668,98
8669,80
8670,1
8671,76
8672,51
8673,65
8674,51
8675,91
8676,42
8677,89
8678,21
8679,54
8680,66
8681,98
8682,59
8683,57
8684,11
8685,87
8686,68
8687,83
8688,38
8689,12
8690,40
8691,56
8692,52
8693,11
8694,12
8695,73
8696,96
8697,56
8698,39
8699,79
8700,44
8701,34
8702,2
8703,4
8704,89
8705,10
8706,70
8707,55
8708,9
8709,33
8710,66
8711,71
8712,30
8713,74
8714,70
8715,65
8716,69
8717,40
8718,62
8719,31
8720,19
8721,56
8722,97
8723,49
8724,79
8725,24
8726,11
8727,70
8728,38
8729,16
8730,44
8731,10
8732,69
8733,22
8734,90
8735,69
8736,37
8737,1
8738,85
8739,83
8740,88
8741,78
8742,92
8743,71
8744,36
8745,48
8746,51
8747,32
8748,21
8749,4
8750,17
8751,37
8752,36
8753,93
8754,94
8755,63
8756,9
8757,78
8758,41
8759,47
8760,43
8761,81
8762,86
8763,96
8764,15
8765,53
8766,34
8767,97
8768,27
8769,1
8770,93
8771,12
8772,40
8773,79
8774,58
8775,68
8776,91
8777,52
8778,44
8779,19
8780,23
8781,60
8782,90
8783,93
8784,57
8785,26
8786,25
8787,6
8788,41
8789,46
8790,52
8791,58
8792,37
8793,68
8794,86
8795,91
8796,97
8797,52
8798,14
8799,95
8800,25
8801,47
8802,94
8803,18
8804,8
8805,63
8806,92
8807,53
8808,50
8809,38
8810,3
8811,2
8812,63
8813,28
8814,10
8815,96
8816,57
8817,74
8818,26
8819,96
8820,20
8821,38
8822,94
8823,45
8824,65
8825,90
8826,35
8827,74
8828,81
8829,64
8830,62
8831,98
8832,34
8833,30
8834,27
8835,0
8836,24
8837,42
8838,83
8839,66
8840,62
8841,50
8842,1
8843,81
8844,63
8845,73
8846,68
8847,8
8848,1
8849,33
8850,59
8851,60
8852,30
8853,9
8854,75
8855,35
8856,84
8857,48
8858,69
8859,48
8860,2
8861,73
8862,4
8863,89
8864,60
8865,84
8866,89
8867,25
8868,71
8869,4
8870,14
8871,15
8872,0
8873,15
8874,36
8875,2
8876,51
8877,46
8878,94
8879,12
8880,79
8881,54
8882,20
8883,65
8884,53
8885,26
8886,37
8887,89
8888,57
8889,61
8890,45
8891,88
8892,10
8893,71
8894,7
8895,96
8896,70
8897,63
8898,20
8899,71
8900,62
8901,84
8902,63
8903,19
8904,7
8905,57
8906,45
8907,30
8908,92
8909,8
8910,14
8911,93
8912,25
8913,9
8914,28
8915,79
8916,35
8917,83
8918,36
8919,85
8920,70
8921,22
8922,40
8923,92
8924,79
8925,27
8926,47
8927,37
8928,30
8929,13
8930,96
8931,72
8932,90
8933,87
8934,76
8935,89
8936,28
8937,50
8938,48
8939,42
8940,91
8941,91
8942,71
8943,86
8944,92
8945,4
8946,41
8947,6
8948,41
8949,35
8950,26
8951,57
8952,45
8953,65
8954,24
8955,72
8956,26
8957,0
8958,86
8959,73
8960,41
8961,51
8962,24
8963,53
8964,66
8965,5
8966,57
8967,69
8968,52
8969,65
8970,57
8971,81
8972,86
8973,1
8974,75
8975,21
8976,36
8977,19
8978,23
8979,83
8980,64
8981,64
8982,80
8983,0
8984,93
8985,2
8986,45
8987,54
8988,74
8989,87
8990,85
8991,63
8992,44
8993,25
8994,76
8995,64
8996,23
8997,73
8998,34
8999,23
9000,27
9001,99
9002,79
9003,15
9004,58
9005,80
9006,53
9007,78
9008,15
9009,14
9010,97
9011,10
9012,64
9013,78
9014,89
9015,67
9016,42
9017,68
9018,98
9019,12
9020,9
9021,74
9022,81
9023,97
9024,40
9025,49
9026,86
9027,70
9028,58
9029,38
9030,2
9031,75
9032,6
9033,48
9034,25
9035,32
9036,100
9037,47
9038,78
9039,1
9040,70
9041,31
9042,3
9043,19
9044,35
9045,31
9046,27
9047,76
9048,0
9049,59
9050,55
9051,34
9052,29
9053,53
9054,35
9055,54
9056,88
9057,79
9058,57
9059,82
9060,64
9061,68
9062,50
9063,21
9064,87
9065,100
9066,52
9067,99
9068,35
9069,67
9070,35
9071,51
9072,52
9073,81
9074,49
9075,79
9076,40
9077,17
9078,21
9079,65
9080,20
9081,99
9082,43
9083,46
9084,38
9085,28
9086,53
9087,89
9088,84
9089,16
9090,79
9091,59
9092,30
9093,72
9094,94
9095,77
9096,48
9097,100
9098,1
9099,47
9100,13
9101,58
9102,96
9103,98
9104,57
9105,57
9106,50
9107,83
9108,1
9109,40
9110,82
9111,100
9112,81
9113,15
9114,3
9115,11
9116,28
9117,6
9118,13
9119,11
9120,98
9121,4
9122,80
9123,31
9124,73
9125,42
9126,80
9127,68
9128,44
9129,8
9130,48
9131,32
9132,99
9133,99
9134,17
9135,8
9136,61
9137,56
9138,28
9139,77
9140,24
9141,14
9142,5
9143,41
9144,28
9145,78
9146,92
9147,3
9148,81
9149,56
9150,48
9151,43
9152,79
9153,74
9154,13
9155,2
9156,61
9157,63
9158,44
9159,81
9160,57
9161,19
9162,57
9163,88
9164,56
9165,76
9166,67
9167,77
9168,96
9169,91
9170,51
9171,36
9172,7
9173,43
9174,97
9175,4
9176,68
9177,30
9178,44
9179,8
9180,31
9181,32
9182,66
9183,29
9184,75
9185,28
9186,2
9187,89
9188,56
9189,29
9190,8
9191,25
9192,1
9193,61
9194,2
9195,45
9196,67
9197,24
9198,50
9199,12
9200,43
9201,34
9202,54
9203,86
9204,8
9205,1
9206,60
9207,40
9208,43
9209,63
9210,30
9211,46
9212,1
9213,95
9214,81
9215,76
9216,68
9217,57
9218,43
9219,73
9220,55
9221,42
9222,88
9223,33
9224,100
9225,29
9226,70
9227,69
9228,54
9229,66
9230,12
9231,2
9232,25
9233,56
9234,23
9235,52
9236,69
9237,42
9238,59
9239,57
9240,48
9241,41
9242,75
9243,99
9244,65
9245,10
9246,97
9247,89
9248,17
9249,84
9250,99
9251,51
9252,45
9253,43
9254,21
9255,52
9256,58
9257,93
9258,29
9259,7
9260,97
9261,56
9262,72
9263,19
9264,24
9265,18
9266,4
9267,74
9268,78
9269,71
9270,82
9271,86
9272,26
9273,39
9274,95
9275,25
9276,26
9277,61
9278,82
9279,49
9280,41
9281,28
9282,38
9283,59
9284,40
9285,32
9286,82
9287,100
9288,82
9289,96
9290,15
9291,22
9292,6
9293,25
9294,95
9295,11
9296,71
9297,4
9298,91
9299,68
9300,48
9301,25
9302,4
9303,21
9304,78
9305,12
9306,27
9307,32
9308,22
9309,96
9310,17
9311,29
9312,25
9313,15
9314,76
9315,38
9316,32
9317,25
9318,47
9319,64
9320,37
9321,1
9322,5
9323,45
9324,49
9325,37
9326,87
9327,17
9328,26
9329,40
9330,71
9331,91
9332,73
9333,16
9334,61
9335,28
9336,57
9337,69
9338,77
9339,21
9340,5
9341,25
9342,38
9343,11
9344,98
9345,13
9346,21
9347,50
9348,22
9349,47
9350,70
9351,49
9352,88
9353,12
9354,84
9355,9
9356,54
9357,8
9358,78
9359,51
9360,1
9361,24
9362,12
9363,97
9364,50
9365,57
9366,33
9367,34
9368,2
9369,58
9370,69
9371,47
9372,63
9373,18
9374,66
9375,81
9376,72
9377,75
9378,4
9379,66
9380,10
9381,93
9382,67
9383,68
9384,0
9385,90
9386,91
9387,62
9388,28
9389,81
9390,11
9391,76
9392,40
9393,1
9394,36
9395,44
9396,79
9397,47
9398,23
9399,98
9400,21
9401,99
9402,10
9403,57
9404,45
9405,28
9406,34
9407,14
9408,59
9409,94
9410,41
9411,42
9412,79
9413,73
9414,48
9415,63
9416,31
9417,63
9418,1
9419,23
9420,86
9421,65
9422,37
9423,30
9424,25
9425,28
9426,66
9427,77
9428,24
9429,47
9430,64
9431,52
9432,66
9433,89
9434,17
9435,8
9436,37
9437,86
9438,20
9439,64
9440,20
9441,26
9442,69
9443,43
9444,99
9445,27
9446,44
9447,16
9448,39
9449,2
9450,75
9451,75
9452,65
9453,45
9454,85
9455,86
9456,29
9457,68
9458,8
9459,84
9460,10
9461,68
9462,98
9463,90
9464,65
9465,87
9466,30
9467,32
9468,38
9469,93
9470,45
9471,36
9472,91
9473,59
9474,30
9475,10
9476,86
9477,1
9478,26
9479,98
9480,1
9481,100
9482,20
9483,57
9484,4
9485,51
9486,44
9487,84
9488,92
9489,19
9490,60
9491,37
9492,19
9493,24
9494,1
9495,31
9496,25
9497,69
9498,40
9499,66
9500,96
9501,0
9502,50
9503,4
9504,12
9505,18
9506,11
9507,47
9508,24
9509,56
9510,34
9511,75
9512,93
9513,4
9514,97
9515,21
9516,76
9517,56
9518,46
9519,53
9520,2
9521,52
9522,83
9523,30
9524,68
9525,87
9526,32
9527,71
9528,87
9529,49
9530,83
9531,15
9532,75
9533,76
9534,38
9535,88
9536,45
9537,95
9538,87
9539,46
9540,43
9541,8
9542,86
9543,49
9544,76
9545,59
9546,95
9547,14
9548,35
9549,62
9550,68
9551,85
9552,79
9553,40
9554,73
9555,23
9556,81
9557,48
9558,17
9559,6
9560,3
9561,89
9562,68
9563,59
9564,54
9565,15
9566,98
9567,89
9568,81
9569,28
9570,22
9571,13
9572,78
9573,48
9574,32
9575,24
9576,20
9577,16
9578,22
9579,56
9580,80
9581,57
9582,13
9583,92
9584,19
9585,29
9586,18
9587,52
9588,55
9589,76
9590,81
9591,22
9592,61
9593,32
9594,17
9595,72
9596,32
9597,31
9598,60
9599,53
9600,16
9601,18
9602,90
9603,69
9604,98
9605,100
9606,33
9607,83
9608,24
9609,67
9610,73
9611,73
9612,87
9613,84
9614,10
9615,90
9616,15
9617,89
9618,60
9619,93
9620,79
9621,6
9622,15
9623,98
9624,15
9625,39
9626,11
9627,34
9628,20
9629,49
9630,42
9631,99
9632,16
9633,31
9634,40
9635,5
9636,87
9637,26
9638,19
9639,24
9640,65
9641,8
9642,91
9643,52
9644,60
9645,37
9646,2
9647,83
9648,69
9649,96
9650,54
9651,0
9652,100
9653,69
9654,44
9655,97
9656,46
9657,78
9658,25
9659,13
9660,53
9661,70
9662,45
9663,30
9664,87
9665,58
9666,94
9667,28
9668,95
9669,16
9670,13
9671,35
9672,57
9673,23
9674,62
9675,90
9676,24
9677,58
9678,31
9679,81
9680,17
9681,36
9682,25
9683,8
9684,98
9685,63
9686,71
9687,19
9688,53
9689,85
9690,82
9691,29
9692,52
9693,91
9694,98
9695,62
9696,10
9697,30
9698,48
9699,99
9700,93
9701,86
9702,18
9703,11
9704,14
9705,30
9706,42
9707,100
9708,36
9709,78
9710,28
9711,25
9712,1
9713,83
9714,14
9715,3
9716,85
9717,49
9718,37
9719,22
9720,58
9721,89
9722,74
9723,27
9724,65
9725,7
9726,28
9727,10
9728,100
9729,17
9730,54
9731,49
9732,13
9733,73
9734,98
9735,8
9736,98
9737,10
9738,62
9739,75
9740,66
9741,52
9742,38
9743,77
9744,55
9745,27
9746,74
9747,38
9748,24
9749,20
9750,9
9751,42
9752,14
9753,82
9754,47
9755,85
9756,20
9757,59
9758,95
9759,49
9760,22
9761,12
9762,68
9763,3
9764,91
9765,77
9766,71
9767,8
9768,34
9769,100
9770,20
9771,57
9772,17
9773,96
9774,71
9775,80
9776,42
9777,94
9778,97
9779,5
9780,85
9781,77
9782,66
9783,11
9784,99
9785,11
9786,65
9787,1
9788,14
9789,22
9790,28
9791,80
9792,95
9793,6
9794,93
9795,27
9796,13
9797,43
9798,29
9799,80
9800,31
9801,69
9802,87
9803,5
9804,26
9805,81
9806,87
9807,100
9808,23
9809,33
9810,39
9811,46
9812,78
9813,74
9814,85
9815,23
9816,64
9817,17
9818,43
9819,75
9820,56
9821,27
9822,70
9823,22
9824,84
9825,33
9826,10
9827,85
9828,34
9829,92
9830,41
9831,27
9832,81
9833,77
9834,81
9835,91
9836,23
9837,7
9838,52
9839,71
9840,3
9841,90
9842,99
9843,4
9844,96
9845,48
9846,97
9847,29
9848,71
9849,62
9850,46
9851,25
9852,56
9853,36
9854,97
9855,6
9856,39
9857,91
9858,38
9859,61
9860,91
9861,77
9862,52
9863,3
9864,81
9865,24
9866,6
9867,27
9868,68
9869,66
9870,94
9871,19
9872,82
9873,10
9874,66
9875,86
9876,6
9877,22
9878,60
9879,70
9880,33
9881,18
9882,57
9883,8
9884,47
9885,81
9886,40
9887,47
9888,44
9889,24
9890,77
9891,24
9892,18
9893,38
9894,78
9895,79
9896,26
9897,73
9898,62
9899,67
9900,18
9901,27
9902,84
9903,77
9904,32
9905,9
9906,82
9907,29
9908,21
9909,2
9910,100
9911,81
9912,74
9913,47
9914,1
9915,75
9916,53
9917,5
9918,39
9919,92
9920,93
9921,1
9922,72
9923,1
9924,92
9925,96
9926,73
9927,97
9928,54
9929,71
9930,100
9931,59
9932,96
9933,5
9934,18
9935,95
9936,26
9937,0
9938,32
9939,39
9940,31
9941,68
9942,16
9943,7
9944,56
9945,41
9946,97
9947,8
9948,86
9949,34
9950,70
9951,78
9952,52
9953,53
9954,83
9955,24
9956,66
9957,61
9958,54
9959,45
9960,23
9961,97
9962,45
9963,21
9964,10
9965,47
9966,7
9967,38
9968,34
9969,48
9970,45
9971,37
9972,7
9973,53
9974,36
9975,90
9976,91
9977,39
9978,33
9979,95
9980,78
9981,16
9982,32
9983,46
9984,51
9985,79
9986,92
9987,8
9988,32
9989,59
9990,92
9991,76
9992,20
9993,57
9994,84
9995,68
9996,9
9997,5
9998,12
9999,64
10000,19
10001,56
10002,45
10003,7
10004,9
10005,72
10006,66
10007,10
10008,11
10009,9
10010,24
10011,48
10012,48
10013,88
10014,10
10015,61
10016,35
10017,38
10018,52
10019,89
10020,77
10021,55
10022,0
10023,55
10024,3
10025,29
10026,11
10027,34
10028,76
10029,51
10030,30
10031,86
10032,67
10033,51
10034,79
10035,6
10036,21
10037,92
10038,74
10039,55
10040,96
10041,57
10042,92
10043,63
10044,11
10045,6
10046,54
10047,61
10048,89
10049,72
10050,97
10051,76
10052,54
10053,35
10054,88
10055,23
10056,43
10057,16
10058,1
10059,12
10060,30
10061,92
10062,27
10063,59
10064,26
10065,14
10066,94
10067,78
10068,32
10069,19
10070,41
10071,11
10072,100
10073,72
10074,22
10075,71
10076,95
10077,13
10078,90
10079,24
10080,76
10081,84
10082,30
10083,100
10084,53
10085,4
10086,12
10087,27
10088,42
10089,88
10090,98
10091,46
10092,70
10093,37
10094,95
10095,66
10096,61
10097,38
10098,36
10099,85
10100,7
10101,80
10102,51
10103,90
10104,32
10105,80
10106,41
10107,75
10108,26
10109,7
10110,22
10111,63
10112,92
10113,19
10114,15
10115,16
10116,79
10117,18
10118,7
10119,37
10120,37
10121,52
10122,92
10123,99
10124,89
10125,30
10126,43
10127,59
10128,75
10129,16
10130,78
10131,72
10132,38
10133,41
10134,47
10135,11
10136,95
10137,88
10138,17
10139,78
10140,95
10141,5
10142,42
10143,34
10144,97
10145,53
10146,61
10147,68
10148,81
10149,15
10150,7
10151,88
10152,95
10153,89
10154,85
10155,30
10156,9
10157,55
10158,75
10159,91
10160,69
10161,19
10162,4
10163,22
10164,8
10165,57
10166,58
10167,92
10168,79
10169,53
10170,45
10171,21
10172,63
10173,7
10174,19
10175,50
10176,77
10177,38
10178,36
10179,49
10180,33
10181,74
10182,32
10183,30
10184,53
10185,43
10186,33
10187,70
10188,61
10189,22
10190,45
10191,55
10192,6
10193,88
10194,60
10195,2
10196,37
10197,83
10198,33
10199,43
10200,29
10201,16
10202,58
10203,9
10204,98
10205,83
10206,17
10207,44
10208,90
10209,58
10210,61
10211,58
10212,48
10213,99
10214,62
10215,86
10216,31
10217,9
10218,10
10219,69
10220,61
10221,46
10222,33
10223,99
10224,100
10225,16
10226,53
10227,75
10228,84
10229,39
10230,18
10231,66
10232,81
10233,52
10234,63
10235,82
10236,46
10237,5
10238,15
10239,71
10240,17
10241,51
10242,47
10243,42
10244,38
10245,48
10246,11
10247,9
10248,70
10249,54
10250,0
10251,48
10252,35
10253,20
10254,36
10255,23
10256,54
10257,24
10258,6
10259,80
10260,92
10261,93
10262,70
10263,96
10264,70
10265,23
10266,10
10267,72
10268,11
10269,34
10270,62
10271,67
10272,99
10273,91
10274,56
10275,12
10276,22
10277,82
10278,100
10279,38
10280,87
10281,79
10282,96
10283,11
10284,33
10285,70
10286,74
10287,30
10288,92
10289,61
10290,12
10291,30
10292,1
10293,14
10294,56
10295,74
10296,33
10297,67
10298,74
10299,28
10300,65
10301,15
10302,38
10303,76
10304,36
10305,80
10306,20
10307,43
10308,18
10309,70
10310,7
10311,76
10312,100
10313,65
10314,40
10315,74
10316,87
10317,69
10318,60
10319,25
10320,70
10321,82
10322,69
10323,28
10324,65
10325,18
10326,67
10327,57
10328,69
10329,56
10330,36
10331,60
10332,91
10333,29
10334,70
10335,72
10336,24
10337,96
10338,64
10339,5
10340,17
10341,9
10342,91
10343,10
10344,96
10345,64
10346,76
10347,100
10348,83
10349,64
10350,51
10351,66
10352,81
10353,77
10354,30
10355,90
10356,16
10357,54
10358,92
10359,35
10360,100
10361,25
10362,52
10363,16
10364,85
10365,24
10366,1
10367,85
10368,4
10369,3
10370,35
10371,5
10372,20
10373,76
10374,100
10375,88
10376,25
10377,54
10378,38
10379,83
10380,32
10381,13
10382,55
10383,99
10384,80
10385,20
10386,45
10387,15
10388,15
10389,83
10390,28
10391,91
10392,7
10393,87
10394,2
10395,88
10396,18
10397,96
10398,65
10399,78
10400,85
10401,73
10402,81
10403,21
10404,45
10405,90
10406,12
10407,32
10408,4
10409,89
10410,76
10411,26
10412,77
10413,23
10414,66
10415,62
10416,93
10417,98
10418,47
10419,62
10420,77
10421,11
10422,27
10423,43
10424,92
10425,42
10426,16
10427,39
10428,48
10429,84
10430,56
10431,86
10432,83
10433,63
10434,74
10435,56
10436,97
10437,73
10438,73
10439,69
10440,99
10441,87
10442,75
10443,42
10444,22
10445,26
10446,57
10447,36
10448,5
10449,64
10450,5
10451,49
10452,21
10453,87
10454,24
10455,78
10456,89
10457,71
10458,50
10459,87
10460,47
10461,69
10462,98
10463,64
10464,59
10465,45
10466,35
10467,57
10468,75
10469,37
10470,10
10471,11
10472,41
10473,38
10474,70
10475,10
10476,35
10477,51
10478,30
10479,32
10480,12
10481,17
10482,40
10483,57
10484,55
10485,23
10486,72
10487,30
10488,54
10489,9
10490,59
10491,1
10492,14
10493,2
10494,42
10495,30
10496,69
10497,66
10498,55
10499,62
10500,74
10501,14
10502,91
10503,9
10504,37
10505,46
10506,56
10507,49
10508,70
10509,14
10510,17
10511,81
10512,87
10513,1
10514,83
10515,97
10516,42
10517,25
10518,70
10519,37
10520,93
10521,41
10522,4
10523,10
10524,64
10525,33
10526,0
10527,82
10528,1
10529,84
10530,19
10531,60
10532,86
10533,20
10534,87
10535,67
10536,11
10537,21
10538,19
10539,81
10540,0
10541,29
10542,96
10543,23
10544,13
10545,35
10546,68
10547,74
10548,23
10549,59
10550,94
10551,54
10552,76
10553,79
10554,23
10555,76
10556,23
10557,53
10558,25
10559,65
10560,79
10561,37
10562,64
10563,74
10564,50
10565,34
10566,42
10567,28
10568,36
10569,80
10570,57
10571,53
10572,38
10573,41
10574,27
10575,28
10576,42
10577,2
10578,9
10579,58
10580,13
10581,75
10582,46
10583,41
10584,93
10585,31
10586,31
10587,41
10588,31
10589,25
10590,0
10591,55
10592,1
10593,80
10594,29
10595,70
10596,51
10597,90
10598,8
10599,21
10600,33
10601,48
10602,0
10603,72
10604,83
10605,52
10606,82
10607,99
10608,39
10609,44
10610,67
10611,8
10612,21
10613,17
10614,75
10615,42
10616,38
10617,72
10618,5
10619,82
10620,47
10621,6
10622,79
10623,68
10624,15
10625,0
10626,36
10627,82
10628,36
10629,80
10630,63
10631,89
10632,85
10633,61
10634,71
10635,60
10636,32
10637,65
10638,29
10639,19
10640,59
10641,81
10642,73
10643,23
10644,3
10645,36
10646,3
10647,76
10648,88
10649,76
10650,17
10651,87
10652,65
10653,47
10654,32
10655,57
10656,82
10657,72
10658,27
10659,34
10660,9
10661,64
10662,41
10663,84
10664,8
10665,59
10666,14
10667,98
10668,56
10669,68
10670,21
10671,63
10672,40
10673,86
10674,70
10675,55
10676,22
10677,24
10678,90
10679,5
10680,33
10681,62
10682,8
10683,59
10684,48
10685,96
10686,50
10687,59
10688,69
10689,36
10690,30
10691,97
10692,40
10693,61
10694,92
10695,57
10696,13
10697,35
10698,35
10699,78
10700,7
10701,25
10702,35
10703,47
10704,84
10705,27
10706,67
10707,61
10708,79
10709,85
10710,75
10711,79
10712,50
10713,41
10714,100
10715,28
10716,81
10717,9
10718,38
10719,81
10720,0
10721,38
10722,20
10723,64
10724,14
10725,3
10726,59
10727,60
10728,19
10729,9
10730,86
10731,33
10732,47
10733,32
10734,97
10735,60
10736,9
10737,53
10738,83
10739,64
10740,76
10741,0
10742,4
10743,79
10744,14
10745,27
10746,94
10747,22
10748,16
10749,97
10750,12
10751,13
10752,10
10753,27
10754,41
10755,95
10756,98
10757,60
10758,63
10759,30
10760,80
10761,72
10762,9
10763,7
10764,20
10765,76
10766,58
10767,49
10768,68
10769,69
10770,29
10771,94
10772,16
10773,74
10774,19
10775,47
10776,72
10777,1
10778,36
10779,0
10780,3
10781,99
10782,53
10783,24
10784,2
10785,8
10786,85
10787,86
10788,75
10789,73
10790,33
10791,42
10792,73
10793,93
10794,21
10795,69
10796,1
10797,93
10798,65
10799,31
10800,15
10801,75
10802,0
10803,71
10804,47
10805,49
10806,12
10807,14
10808,52
10809,43
10810,7
10811,73
10812,45
10813,68
10814,18
10815,37
10816,10
10817,42
10818,19
10819,19
10820,20
10821,81
10822,56
10823,49
10824,73
10825,97
10826,25
10827,29
10828,72
10829,30
10830,41
10831,67
10832,60
10833,60
10834,69
10835,77
10836,67
10837,89
10838,16
10839,18
10840,50
10841,69
10842,62
10843,92
10844,74
10845,79
10846,29
10847,24
10848,74
10849,70
10850,25
10851,55
10852,21
10853,88
10854,18
10855,30
10856,25
10857,41
10858,40
10859,99
10860,22
10861,46
10862,12
10863,88
10864,65
10865,65
10866,15
10867,72
10868,27
10869,76
10870,34
10871,40
10872,76
10873,30
10874,84
10875,31
10876,53
10877,97
10878,71
10879,58
10880,40
10881,65
10882,95
10883,53
10884,39
10885,27
10886,36
10887,64
10888,73
10889,54
10890,3
10891,98
10892,9
10893,46
10894,74
10895,13
10896,37
10897,11
10898,44
10899,16
10900,79
10901,34
10902,65
10903,74
10904,40
10905,66
10906,28
10907,17
10908,19
10909,13
10910,33
10911,48
10912,53
10913,30
10914,57
10915,41
10916,57
10917,81
10918,29
10919,24
10920,62
10921,18
10922,71
10923,91
10924,7
10925,94
10926,2
10927,66
10928,85
10929,80
10930,99
10931,16
10932,13
10933,8
10934,61
10935,93
10936,20
10937,75
10938,36
10939,95
10940,10
10941,19
10942,34
10943,52
10944,46
10945,74
10946,51
10947,7
10948,3
10949,26
10950,43
10951,39
10952,46
10953,93
10954,43
10955,47
10956,90
10957,84
10958,51
10959,83
10960,67
10961,10
10962,76
10963,72
10964,3
10965,75
10966,72
10967,76
10968,47
10969,25
10970,76
10971,38
10972,91
10973,57
10974,18
10975,87
10976,82
10977,76
10978,76
10979,57
10980,27
10981,65
10982,9
10983,85
10984,76
10985,57
10986,72
10987,96
10988,13
10989,83
10990,14
10991,95
10992,32
10993,16
10994,23
10995,29
10996,61
10997,12
10998,61
10999,46
11000,15
11001,65
11002,80
11003,95
11004,42
11005,7
11006,2
11007,11
11008,83
11009,15
11010,77
11011,79
11012,58
11013,48
11014,62
11015,61
11016,48
11017,50
11018,32
11019,29
11020,58
11021,75
11022,14
11023,81
11024,91
11025,22
11026,77
11027,93
11028,96
11029,44
11030,61
11031,78
11032,70
11033,14
11034,45
11035,63
11036,45
11037,55
11038,43
11039,74
11040,28
11041,94
11042,61
11043,88
11044,51
11045,53
11046,87
11047,56
11048,82
11049,65
11050,21
11051,19
11052,32
11053,71
11054,24
11055,45
11056,72
11057,97
11058,56
11059,86
11060,4
11061,54
11062,60
11063,88
11064,7
11065,15
11066,47
11067,60
11068,14
11069,64
11070,21
11071,2
11072,53
11073,13
11074,35
11075,81
11076,81
11077,66
11078,9
11079,48
11080,64
11081,90
11082,56
11083,26
11084,74
11085,4
11086,70
11087,82
11088,56
11089,92
11090,14
11091,98
11092,100
11093,75
11094,29
11095,19
11096,36
11097,2
11098,72
11099,40
11100,38
11101,25
11102,1
11103,22
11104,22
11105,84
11106,15
11107,8
11108,12
11109,27
11110,26
11111,50
11112,63
11113,51
11114,80
11115,37
11116,99
11117,64
11118,17
11119,62
11120,50
11121,8
11122,12
11123,39
11124,54
11125,78
11126,42
11127,43
11128,67
11129,32
11130,23
11131,35
11132,9
11133,99
11134,19
11135,74
11136,11
11137,61
11138,17
11139,93
11140,100
11141,62
11142,83
11143,24
11144,11
11145,20
11146,24
11147,10
11148,63
11149,72
11150,49
11151,61
11152,88
11153,98
11154,95
11155,48
11156,13
11157,0
11158,80
11159,24
11160,58
11161,71
11162,68
11163,4
11164,98
11165,18
11166,22
11167,8
11168,93
11169,49
11170,15
11171,32
11172,1
11173,13
11174,0
11175,89
11176,57
11177,88
11178,15
11179,78
11180,89
11181,46
11182,43
11183,79
11184,13
11185,92
11186,23
11187,54
11188,14
11189,82
11190,71
11191,33
11192,1
11193,26
11194,73
11195,98
11196,86
11197,71
11198,91
11199,22
11200,67
11201,13
11202,62
11203,92
11204,64
11205,67
11206,62
11207,95
11208,96
11209,89
11210,80
11211,86
11212,63
11213,31
11214,78
11215,12
11216,65
11217,18
11218,23
11219,87
11220,10
11221,58
11222,85
11223,14
11224,9
11225,40
11226,26
11227,59
11228,72
11229,51
11230,27
11231,64
11232,16
11233,94
11234,43
11235,9
11236,62
11237,100
11238,92
11239,81
11240,46
11241,37
11242,69
11243,75
11244,52
11245,77
11246,43
11247,73
11248,53
11249,19
11250,78
11251,30
11252,6
11253,57
11254,9
11255,9
11256,38
11257,27
11258,29
11259,36
11260,66
11261,42
11262,78
11263,84
11264,51
11265,100
11266,55
11267,75
11268,67
11269,8
11270,91
11271,22
11272,62
11273,60
11274,39
11275,43
11276,85
11277,23
11278,50
11279,57
11280,89
11281,93
11282,32
11283,15
11284,21
11285,56
11286,61
11287,81
11288,70
11289,89
11290,71
11291,69
11292,29
11293,22
11294,31
11295,85
11296,56
11297,8
11298,30
11299,70
11300,8
11301,12
11302,57
11303,2
11304,34
11305,96
11306,20
11307,63
11308,94
11309,51
11310,33
11311,95
11312,34
11313,14
11314,95
11315,5
11316,84
11317,96
11318,31
11319,51
11320,82
11321,96
11322,27
11323,94
11324,84
11325,97
11326,63
11327,78
11328,77
11329,18
11330,14
11331,5
11332,72
11333,100
11334,83
11335,97
11336,37
11337,25
11338,81
11339,91
11340,50
11341,72
11342,95
11343,52
11344,55
11345,58
11346,69
11347,77
11348,91
11349,57
11350,87
11351,12
11352,42
11353,75
11354,50
11355,18
11356,20
11357,90
11358,82
11359,23
11360,25
11361,44
11362,27
11363,81
11364,99
11365,28
11366,16
11367,67
11368,43
11369,60
11370,92
11371,67
11372,73
11373,24
11374,94
11375,66
11376,1
11377,88
11378,48
11379,69
11380,25
11381,71
11382,98
11383,26
11384,88
11385,17
11386,53
11387,0
11388,60
11389,2
11390,67
11391,40
11392,36
11393,50
11394,14
11395,7
11396,37
11397,82
11398,55
11399,46
11400,89
11401,9
11402,77
11403,48
11404,40
11405,82
11406,29
11407,4
11408,94
11409,70
11410,82
11411,30
11412,51
11413,87
11414,97
11415,22
11416,47
11417,39
11418,5
11419,37
11420,40
11421,99
11422,26
11423,74
11424,68
11425,56
11426,16
11427,70
11428,90
11429,46
11430,78
11431,12
11432,10
11433,89
11434,85
11435,91
11436,23
11437,92
11438,72
11439,3
11440,45
11441,17
11442,42
11443,79
11444,32
11445,92
11446,9
11447,72
11448,58
11449,30
11450,27
11451,59
11452,2
11453,54
11454,13
11455,57
11456,88
11457,14
11458,1
11459,23
11460,77
11461,63
11462,70
11463,99
11464,23
11465,26
11466,36
11467,93
11468,90
11469,38
11470,62
11471,78
11472,25
11473,64
11474,3
11475,28
11476,0
11477,49
11478,85
11479,10
11480,73
11481,58
11482,61
11483,80
11484,35
11485,55
11486,89
11487,20
11488,12
11489,8
11490,10
11491,74
11492,69
11493,0
11494,69
11495,76
11496,85
11497,55
11498,30
11499,85
11500,36
11501,46
11502,90
11503,77
11504,46
11505,68
11506,57
11507,35
11508,31
11509,97
11510,63
11511,70
11512,41
11513,47
11514,73
11515,80
11516,29
11517,20
11518,59
11519,12
11520,0
11521,64
11522,32
11523,37
11524,24
11525,25
11526,76
11527,58
11528,91
11529,32
11530,100
11531,40
11532,29
11533,56
11534,48
11535,47
11536,71
11537,48
11538,46
11539,55
11540,64
11541,11
11542,68
11543,87
11544,5
11545,88
11546,64
11547,24
11548,0
11549,31
11550,2
11551,48
11552,18
11553,59
11554,28
11555,49
11556,1
11557,72
11558,55
11559,16
11560,59
11561,35
11562,60
11563,16
11564,48
11565,75
11566,59
11567,19
11568,49
11569,2
11570,42
11571,56
11572,49
11573,67
11574,80
11575,49
11576,36
11577,45
11578,41
11579,14
11580,32
11581,79
11582,10
11583,19
11584,23
11585,63
11586,79
11587,93
11588,97
11589,64
11590,87
11591,87
11592,72
11593,85
11594,75
11595,16
11596,88
11597,91
11598,60
11599,14
11600,93
11601,50
11602,26
11603,85
11604,73
11605,60
11606,57
11607,30
11608,90
11609,11
11610,45
11611,30
11612,31
11613,31
11614,98
11615,52
11616,60
11617,45
11618,84
11619,73
11620,79
11621,6
11622,3
11623,90
11624,51
11625,88
11626,30
11627,74
11628,83
11629,35
11630,53
11631,53
11632,16
11633,74
11634,29
11635,98
11636,21
11637,42
11638,26
11639,36
11640,45
11641,34
11642,3
11643,79
11644,79
11645,84
11646,25
11647,99
11648,18
11649,80
11650,44
11651,25
11652,21
11653,57
11654,62
11655,27
11656,64
11657,43
11658,99
11659,42
11660,36
11661,65
11662,16
11663,39
11664,37
11665,84
11666,60
11667,8
11668,76
11669,74
11670,60
11671,79
11672,15
11673,1
11674,71
11675,42
11676,41
11677,76
11678,56
11679,80
11680,87
11681,66
11682,29
11683,12
11684,18
11685,6
11686,8
11687,82
11688,53
11689,85
11690,81
11691,60
11692,86
11693,1
11694,49
11695,74
11696,30
11697,32
11698,77
11699,79
11700,10
11701,32
11702,6
11703,30
11704,47
11705,46
11706,77
11707,91
11708,52
11709,79
11710,18
11711,80
11712,89
11713,5
11714,48
11715,72
11716,49
11717,80
11718,94
11719,11
11720,22
11721,53
11722,68
11723,99
11724,58
11725,35
11726,2
11727,57
11728,87
11729,54
11730,56
11731,16
11732,38
11733,89
11734,67
11735,54
11736,44
11737,75
11738,0
11739,20
11740,82
11741,20
11742,51
11743,81
11744,42
11745,51
11746,66
11747,43
11748,31
11749,9
11750,63
11751,78
11752,68
11753,67
11754,27
11755,52
11756,50
11757,52
11758,3
11759,78
11760,16
11761,66
11762,73
11763,46
11764,55
11765,22
11766,17
11767,0
11768,34
11769,63
11770,57
11771,94
11772,58
11773,0
11774,2
11775,66
11776,36
11777,82
11778,28
11779,88
11780,32
11781,99
11782,60
11783,92
11784,89
11785,3
11786,13
11787,90
11788,32
11789,21
11790,47
11791,2
11792,86
11793,84
11794,22
11795,67
11796,20
11797,100
11798,42
11799,94
11800,84
11801,25
11802,40
11803,98
11804,37
11805,87
11806,10
11807,28
11808,59
11809,66
11810,64
11811,60
11812,18
11813,45
11814,48
11815,21
11816,77
11817,56
11818,13
11819,43
11820,15
11821,96
11822,76
11823,11
11824,54
11825,50
11826,38
11827,32
11828,32
11829,28
11830,68
11831,69
11832,30
11833,79
11834,30
11835,88
11836,45
11837,96
11838,76
11839,51
11840,9
11841,87
11842,73
11843,40
11844,94
11845,76
11846,2
11847,58
11848,51
11849,33
11850,48
11851,27
11852,82
11853,86
11854,95
11855,12
11856,96
11857,97
11858,96
11859,68
11860,66
11861,60
11862,59
11863,70
11864,23
11865,62
11866,85
11867,60
11868,22
11869,29
11870,59
11871,17
11872,95
11873,55
11874,52
11875,6
11876,96
11877,68
11878,91
11879,71
11880,78
11881,51
11882,3
11883,33
11884,68
11885,32
11886,68
11887,37
11888,97
11889,25
11890,0
11891,3
11892,38
11893,53
11894,89
11895,32
11896,32
11897,71
11898,19
11899,15
11900,20
11901,44
11902,89
11903,86
11904,81
11905,61
11906,30
11907,41
11908,11
11909,64
11910,72
11911,2
11912,89
11913,8
11914,50
11915,15
11916,87
11917,77
11918,2
11919,97
11920,96
11921,23
11922,72
11923,12
11924,1
11925,70
11926,20
11927,18
11928,88
11929,46
11930,21
11931,74
11932,32
11933,31
11934,63
11935,84
11936,38
11937,83
11938,71
11939,41
11940,100
11941,8
11942,24
11943,88
11944,96
11945,1
11946,18
11947,19
11948,92
11949,69
11950,16
11951,88
11952,67
11953,93
11954,83
11955,2
11956,86
11957,50
11958,81
11959,25
11960,55
11961,99
11962,63
11963,7
11964,80
11965,94
11966,36
11967,96
11968,26
11969,44
11970,3
11971,85
11972,89
11973,95
11974,87
11975,98
11976,36
11977,95
11978,70
11979,32
11980,30
11981,54
11982,11
11983,10
11984,87
11985,71
11986,31
11987,56
11988,37
11989,59
11990,85
11991,97
11992,18
11993,83
11994,55
11995,13
11996,32
11997,9
11998,79
11999,63
12000,63
12001,61
12002,67
12003,90
12004,91
12005,42
12006,79
12007,58
12008,51
12009,96
12010,18
12011,20
12012,21
12013,8
12014,8
12015,72
12016,26
12017,16
12018,43
12019,44
12020,7
12021,79
12022,17
12023,32
12024,0
12025,75
12026,5
12027,40
12028,54
12029,4
12030,58
12031,79
12032,17
12033,48
12034,81
12035,64
12036,82
12037,53
12038,60
12039,7
12040,2
12041,24
12042,68
12043,54
12044,39
12045,82
12046,81
12047,49
12048,94
12049,32
12050,17
12051,56
12052,15
12053,79
12054,37
12055,40
12056,6
12057,77
12058,52
12059,62
12060,88
12061,31
12062,37
12063,21
12064,15
12065,51
12066,28
12067,15
12068,75
12069,16
12070,100
12071,63
12072,90
12073,88
12074,12
12075,71
12076,55
12077,4
12078,11
12079,40
12080,2
12081,98
12082,32
12083,85
12084,49
12085,55
12086,8
12087,81
12088,49
12089,28
12090,38
12091,90
12092,99
12093,44
12094,16
12095,55
12096,97
12097,45
12098,66
12099,68
12100,13
12101,66
12102,22
12103,93
12104,60
12105,22
12106,26
12107,53
12108,9
12109,88
12110,76
12111,15
12112,40
12113,97
12114,54
12115,100
12116,60
12117,85
12118,80
12119,86
12120,99
12121,48
12122,72
12123,51
12124,1
12125,95
12126,49
12127,85
12128,42
12129,76
12130,7
12131,58
12132,64
12133,80
12134,11
12135,3
12136,76
12137,94
12138,40
12139,6
12140,86
12141,87
12142,68
12143,68
12144,80
12145,29
12146,72
12147,5
12148,88
12149,18
12150,79
12151,84
12152,65
12153,9
12154,15
12155,36
12156,78
12157,76
12158,76
12159,31
12160,46
12161,71
12162,42
12163,81
12164,35
12165,25
12166,9
12167,30
12168,96
12169,28
12170,4
12171,76
12172,0
12173,86
12174,2
12175,66
12176,70
12177,99
12178,34
12179,14
12180,66
12181,92
12182,29
12183,81
12184,74
12185,42
12186,59
12187,39
12188,64
12189,28
12190,73
12191,91
12192,94
12193,18
12194,2
12195,35
12196,42
12197,14
12198,96
12199,40
12200,89
12201,79
12202,35
12203,96
12204,83
12205,76
12206,32
12207,4
12208,100
12209,77
12210,90
12211,86
12212,13
12213,67
12214,82
12215,46
12216,53
12217,3
12218,93
12219,82
12220,94
12221,94
12222,8
12223,52
12224,76
12225,77
12226,59
12227,45
12228,53
12229,73
12230,94
12231,36
12232,22
12233,26
12234,69
12235,89
12236,65
12237,60
12238,76
12239,50
12240,49
12241,18
12242,0
12243,39
12244,31
12245,21
12246,92
12247,65
12248,39
12249,37
12250,47
12251,54
12252,74
12253,80
12254,54
12255,50
12256,59
12257,7
12258,85
12259,67
12260,74
12261,71
12262,8
12263,89
12264,1
12265,79
12266,94
12267,69
12268,84
12269,89
12270,58
12271,18
12272,27
12273,71
12274,13
12275,23
12276,43
12277,100
12278,55
12279,89
12280,94
12281,50
12282,31
12283,49
12284,40
12285,65
12286,24
12287,60
12288,65
12289,41
12290,64
12291,35
12292,75
12293,8
12294,35
12295,91
12296,37
12297,32
12298,41
12299,60
12300,45
12301,85
12302,88
12303,60
12304,17
12305,69
12306,81
12307,79
12308,14
12309,47
12310,71
12311,12
12312,42
12313,59
12314,56
12315,70
12316,16
12317,49
12318,31
12319,21
12320,54
12321,56
12322,12
12323,46
12324,86
12325,61
12326,53
12327,28
12328,21
12329,64
12330,28
12331,47
12332,4
12333,34
12334,73
12335,82
12336,100
12337,70
12338,45
12339,34
12340,44
12341,12
12342,9
12343,65
12344,69
12345,71
12346,99
12347,24
12348,43
12349,59
12350,46
12351,39
12352,6
12353,45
12354,22
12355,82
12356,45
12357,85
12358,12
12359,20
12360,0
12361,18
12362,59
12363,32
12364,3
12365,2
12366,90
12367,51
12368,98
12369,27
12370,69
12371,69
12372,54
12373,56
12374,86
12375,96
12376,15
12377,23
12378,68
12379,40
12380,76
12381,46
12382,75
12383,68
12384,100
12385,30
12386,91
12387,91
12388,29
12389,17
12390,43
12391,26
12392,98
12393,25
12394,59
12395,17
12396,96
12397,88
12398,55
12399,30
12400,100
12401,58
12402,1
12403,96
12404,38
12405,60
12406,62
12407,95
12408,17
12409,16
12410,97
12411,38
12412,70
12413,53
12414,98
12415,93
12416,75
12417,34
12418,10
12419,60
12420,43
12421,67
12422,24
12423,47
12424,31
12425,83
12426,94
12427,3
12428,37
12429,62
12430,46
12431,0
12432,2
12433,100
12434,85
12435,61
12436,63
12437,16
12438,77
12439,61
12440,34
12441,12
12442,34
12443,42
12444,1
12445,55
12446,76
12447,50
12448,53
12449,15
12450,17
12451,6
12452,44
12453,35
12454,40
12455,93
12456,41
12457,6
12458,14
12459,59
12460,39
12461,82
12462,36
12463,65
12464,54
12465,76
12466,94
12467,79
12468,55
12469,43
12470,56
12471,5
12472,91
12473,31
12474,73
12475,17
12476,67
12477,72
12478,6
12479,7
12480,63
12481,6
12482,40
12483,39
12484,2
12485,16
12486,65
12487,78
12488,92
12489,51
12490,21
12491,3
12492,5
12493,37
12494,25
12495,10
12496,89
12497,16
12498,87
12499,91
12500,98
12501,30
12502,76
12503,34
12504,15
12505,78
12506,17
12507,100
12508,61
12509,26
12510,34
12511,44
12512,34
12513,27
12514,8
12515,75
12516,14
12517,20
12518,51
12519,34
12520,96
12521,50
12522,82
12523,54
12524,86
12525,76
12526,43
12527,64
12528,92
12529,87
12530,79
12531,24
12532,86
12533,91
12534,46
12535,79
12536,55
12537,37
12538,10
12539,66
12540,14
12541,0
12542,6
12543,0
12544,48
12545,95
12546,72
12547,28
12548,25
12549,86
12550,44
12551,92
12552,96
12553,70
12554,11
12555,94
12556,31
12557,19
12558,50
12559,80
12560,35
12561,66
12562,0
12563,26
12564,39
12565,96
12566,83
12567,13
12568,99
12569,68
12570,86
12571,78
12572,5
12573,32
12574,54
12575,18
12576,76
12577,28
12578,60
12579,69
12580,78
12581,79
12582,23
12583,22
12584,9
12585,53
12586,40
12587,48
12588,16
12589,55
12590,44
12591,29
12592,43
12593,73
12594,54
12595,18
12596,28
12597,1
12598,35
12599,18
12600,6
12601,25
12602,78
12603,37
12604,2
12605,79
12606,65
12607,94
12608,91
12609,70
12610,93
12611,42
12612,61
12613,70
12614,99
12615,92
12616,23
12617,38
12618,67
12619,92
12620,43
12621,4
12622,54
12623,92
12624,29
12625,28
12626,25
12627,82
12628,25
12629,36
12630,90
12631,93
12632,52
12633,29
12634,2
12635,42
12636,6
12637,48
12638,72
12639,40
12640,76
12641,78
12642,53
12643,68
12644,92
12645,98
12646,90
12647,26
12648,7
12649,31
12650,83
12651,63
12652,9
12653,12
12654,62
12655,92
12656,34
12657,60
12658,53
12659,7
12660,28
12661,94
12662,40
12663,29
12664,85
12665,20
12666,75
12667,10
12668,1
12669,49
12670,40
12671,65
12672,97
12673,2
12674,79
12675,50
12676,67
12677,86
12678,83
12679,24
12680,29
12681,81
12682,10
12683,92
12684,16
12685,25
12686,22
12687,55
12688,51
12689,47
12690,19
12691,1
12692,87
12693,30
12694,26
12695,1
12696,77
12697,3
12698,12
12699,99
12700,34
12701,71
12702,65
12703,5
12704,30
12705,9
12706,20
12707,73
12708,22
12709,2
12710,31
12711,19
12712,73
12713,28
12714,51
12715,45
12716,33
12717,100
12718,83
12719,60
12720,71
12721,70
12722,69
12723,10
12724,81
12725,92
12726,88
12727,62
12728,20
12729,2
12730,81
12731,87
12732,9
12733,26
12734,11
12735,6
12736,16
12737,64
12738,63
12739,25
12740,14
12741,32
12742,61
12743,100
12744,46
12745,94
12746,34
12747,64
12748,71
12749,75
12750,82
12751,24
12752,56
12753,31
12754,62
12755,11
12756,62
12757,76
12758,91
12759,0
12760,50
12761,69
12762,7
12763,67
12764,4
12765,88
12766,85
12767,91
12768,38
12769,22
12770,67
12771,51
12772,3
12773,46
12774,20
12775,100
12776,55
12777,65
12778,58
12779,6
12780,48
12781,15
12782,16
12783,83
12784,86
12785,97
12786,74
12787,33
12788,32
12789,25
12790,65
12791,62
12792,86
12793,40
12794,85
12795,57
12796,97
12797,78
12798,9
12799,14
12800,41
12801,92
12802,56
12803,86
12804,16
12805,59
12806,8
12807,35
12808,72
12809,79
12810,35
12811,47
12812,50
12813,96
12814,94
12815,69
12816,73
12817,79
12818,67
12819,21
12820,76
12821,79
12822,92
12823,5
12824,25
12825,74
12826,87
12827,92
12828,2
12829,51
12830,73
12831,59
12832,62
12833,64
12834,51
12835,89
12836,75
12837,13
12838,88
12839,71
12840,67
12841,27
12842,70
12843,9
12844,56
12845,99
12846,65
12847,89
12848,49
12849,13
12850,15
12851,53
12852,42
12853,41
12854,80
12855,21
12856,67
12857,18
12858,65
12859,38
12860,72
12861,18
12862,15
12863,53
12864,24
12865,17
12866,22
12867,84
12868,10
12869,38
12870,67
12871,24
12872,62
12873,95
12874,29
12875,44
12876,89
12877,60
12878,99
12879,50
12880,97
12881,8
12882,75
12883,1
12884,4
12885,61
12886,68
12887,51
12888,85
12889,4
12890,58
12891,67
12892,8
12893,92
12894,21
12895,26
12896,9
12897,79
12898,60
12899,50
12900,9
12901,5
12902,61
12903,4
12904,69
12905,62
12906,55
12907,58
12908,62
12909,88
12910,58
12911,50
12912,49
12913,3
12914,47
12915,31
12916,50
12917,51
12918,98
12919,73
12920,33
12921,35
12922,69
12923,42
12924,15
12925,58
12926,52
12927,18
12928,97
12929,88
12930,94
12931,40
12932,80
12933,46
12934,93
12935,53
12936,54
12937,94
12938,18
12939,61
12940,98
12941,92
12942,58
12943,64
12944,67
12945,27
12946,17
12947,25
12948,18
12949,54
12950,56
12951,5
12952,0
12953,7
12954,96
12955,50
12956,84
12957,87
12958,24
12959,46
12960,54
12961,63
12962,82
12963,92
12964,9
12965,55
12966,11
12967,32
12968,70
12969,16
12970,60
12971,9
12972,30
12973,59
12974,69
12975,16
12976,49
12977,36
12978,81
12979,61
12980,89
12981,79
12982,71
12983,87
12984,76
12985,28
12986,31
12987,87
12988,79
12989,10
12990,95
12991,5
12992,34
12993,32
12994,17
12995,36
12996,12
12997,73
12998,100
12999,89
13000,80
13001,63
13002,0
13003,62
13004,88
13005,33
13006,9
13007,83
13008,6
13009,55
13010,79
13011,36
13012,28
13013,11
13014,16
13015,47
13016,83
13017,25
13018,82
13019,11
13020,20
13021,41
13022,60
13023,57
13024,53
13025,33
13026,6
13027,34
13028,14
13029,64
13030,89
13031,98
13032,24
13033,58
13034,78
13035,85
13036,5
13037,51
13038,78
13039,87
13040,20
13041,70
13042,92
13043,95
13044,31
13045,52
13046,58
13047,68
13048,61
13049,3
13050,85
13051,17
13052,98
13053,80
13054,55
13055,23
13056,65
13057,12
13058,61
13059,53
13060,14
13061,68
13062,2
13063,36
13064,36
13065,100
13066,2
13067,62
13068,34
13069,51
13070,86
13071,27
13072,93
13073,17
13074,35
13075,32
13076,63
13077,25
13078,47
13079,39
13080,16
13081,39
13082,6
13083,56
13084,7
13085,55
13086,30
13087,58
13088,57
13089,11
13090,47
13091,30
13092,82
13093,62
13094,73
13095,38
13096,75
13097,19
13098,100
13099,47
13100,70
13101,53
13102,77
13103,74
13104,70
13105,28
13106,73
13107,92
13108,72
13109,99
13110,47
13111,73
13112,82
13113,55
13114,94
13115,16
13116,8
13117,96
13118,33
13119,44
13120,87
13121,8
13122,6
13123,15
13124,18
13125,5
13126,10
13127,75
13128,60
13129,41
13130,12
13131,11
13132,84
13133,73
13134,19
13135,49
13136,35
13137,91
13138,87
13139,68
13140,36
13141,11
13142,98
13143,39
13144,53
13145,1
13146,49
13147,40
13148,44
13149,8
13150,61
13151,85
13152,46
13153,4
13154,75
13155,0
13156,43
13157,21
13158,37
13159,18
13160,79
13161,30
13162,66
13163,86
13164,41
13165,81
13166,25
13167,12
13168,57
13169,17
13170,66
13171,86
13172,2
13173,54
13174,88
13175,90
13176,57
13177,62
13178,90
13179,51
13180,88
13181,23
13182,71
13183,8
13184,36
13185,93
13186,82
13187,52
13188,79
13189,23
13190,20
13191,99
13192,39
13193,61
13194,69
13195,68
13196,13
13197,41
13198,49
13199,60
13200,3
13201,71
13202,87
13203,74
13204,16
13205,84
13206,56
13207,89
13208,47
13209,43
13210,44
13211,90
13212,79
13213,89
13214,32
13215,30
13216,46
13217,5
13218,71
13219,70
13220,33
13221,52
13222,13
13223,15
13224,42
13225,72
13226,73
13227,80
13228,11
13229,69
13230,18
13231,40
13232,52
13233,28
13234,69
13235,58
13236,88
13237,63
13238,23
13239,88
13240,15
13241,51
13242,79
13243,5
13244,36
13245,84
13246,3
13247,97
13248,91
13249,37
13250,40
13251,91
13252,80
13253,13
13254,70
13255,85
13256,50
13257,64
13258,92
13259,51
13260,94
13261,29
13262,56
13263,78
13264,81
13265,98
13266,29
13267,97
13268,41
13269,10
13270,26
13271,23
13272,98
13273,38
13274,71
13275,17
13276,76
13277,44
13278,87
13279,86
13280,11
13281,48
13282,93
13283,30
13284,91
13285,21
13286,43
13287,91
13288,63
13289,76
13290,24
13291,50
13292,6
13293,5
13294,23
13295,18
13296,82
13297,99
13298,8
13299,35
13300,39
13301,92
13302,23
13303,47
13304,62
13305,68
13306,52
13307,53
13308,41
13309,44
13310,89
13311,13
13312,28
13313,5
13314,6
13315,36
13316,52
13317,17
13318,86
13319,37
13320,58
13321,0
13322,67
13323,43
13324,46
13325,34
13326,86
13327,90
13328,59
13329,89
13330,51
13331,7
13332,79
13333,40
13334,2
13335,95
13336,68
13337,83
13338,13
13339,95
13340,25
13341,69
13342,57
13343,99
13344,39
13345,50
13346,4
13347,76
13348,31
13349,79
13350,0
13351,76
13352,53
13353,10
13354,52
13355,7
13356,24
13357,39
13358,31
13359,87
13360,27
13361,77
13362,2
13363,99
13364,90
13365,83
13366,78
13367,61
13368,26
13369,44
13370,91
13371,24
13372,60
13373,43
13374,96
13375,45
13376,13
13377,7
13378,47
13379,13
13380,64
13381,79
13382,81
13383,6
13384,78
13385,87
13386,48
13387,54
13388,12
13389,72
13390,55
13391,55
13392,14
13393,56
13394,57
13395,34
13396,87
13397,96
13398,15
13399,7
13400,92
13401,86
13402,44
13403,94
13404,39
13405,53
13406,13
13407,58
13408,93
13409,52
13410,26
13411,46
13412,79
13413,5
13414,54
13415,96
13416,43
13417,17
13418,15
13419,11
13420,19
13421,44
13422,63
13423,58
13424,92
13425,93
13426,89
13427,21
13428,96
13429,46
13430,28
13431,85
13432,44
13433,76
13434,8
13435,23
13436,14
13437,35
13438,12
13439,90
13440,43
13441,100
13442,70
13443,71
13444,100
13445,77
13446,75
13447,35
13448,60
13449,80
13450,39
13451,92
13452,26
13453,0
13454,33
13455,67
13456,87
13457,20
13458,32
13459,6
13460,64
13461,2
13462,50
13463,78
13464,94
13465,53
13466,79
13467,73
13468,92
13469,58
13470,5
13471,28
13472,16
13473,59
13474,21
13475,23
13476,80
13477,84
13478,50
13479,49
13480,10
13481,55
13482,70
13483,41
13484,38
13485,68
13486,47
13487,56
13488,20
13489,81
13490,98
13491,19
13492,14
13493,68
13494,76
13495,50
13496,75
13497,61
13498,84
13499,36
13500,5
13501,70
13502,25
13503,7
13504,72
13505,90
13506,3
13507,20
13508,30
13509,20
13510,24
13511,14
13512,34
13513,48
13514,42
13515,40
13516,36
13517,56
13518,41
13519,46
13520,91
13521,60
13522,13
13523,67
13524,52
13525,83
13526,33
13527,75
13528,96
13529,23
13530,19
13531,68
13532,29
13533,87
13534,6
13535,35
13536,37
13537,79
13538,51
13539,14
13540,45
13541,22
13542,11
13543,92
13544,43
13545,14
13546,92
13547,48
13548,20
13549,14
13550,13
13551,41
13552,79
13553,14
13554,62
13555,67
13556,26
13557,86
13558,92
13559,52
13560,51
13561,62
13562,72
13563,52
13564,56
13565,51
13566,42
13567,6
13568,41
13569,3
13570,68
13571,4
13572,74
13573,91
13574,79
13575,40
13576,93
13577,3
13578,1
13579,66
13580,20
13581,69
13582,42
13583,81
13584,68
13585,8
13586,83
13587,27
13588,25
13589,81
13590,82
13591,2
13592,72
13593,99
13594,94
13595,48
13596,16
13597,62
13598,54
13599,22
13600,33
13601,68
13602,14
13603,46
13604,2
13605,82
13606,27
13607,2
13608,3
13609,87
13610,30
13611,44
13612,58
13613,44
13614,74
13615,36
13616,64
13617,8
13618,16
13619,64
13620,2
13621,25
13622,52
13623,30
13624,25
13625,22
13626,29
13627,9
13628,71
13629,88
13630,63
13631,21
13632,14
13633,55
13634,73
13635,19
13636,46
13637,86
13638,52
13639,52
13640,0
13641,1
13642,57
13643,18
13644,61
13645,77
13646,71
13647,11
13648,25
13649,26
13650,28
13651,14
13652,45
13653,0
13654,59
13655,91
13656,56
13657,2
13658,17
13659,51
13660,59
13661,33
13662,95
13663,92
13664,88
13665,59
13666,25
13667,71
13668,18
13669,21
13670,92
13671,32
13672,37
13673,34
13674,66
13675,82
13676,9
13677,90
13678,14
13679,10
13680,89
13681,23
13682,76
13683,95
13684,100
13685,3
13686,12
13687,72
13688,56
13689,97
13690,36
13691,47
13692,70
13693,0
13694,59
13695,11
13696,20
13697,10
13698,43
13699,57
13700,43
13701,77
13702,97
13703,33
13704,24
13705,3
13706,63
13707,89
13708,15
13709,9
13710,65
13711,34
13712,82
13713,5
13714,18
13715,58
13716,52
13717,7
13718,77
13719,9
13720,66
13721,37
13722,28
13723,14
13724,86
13725,22
13726,81
13727,45
13728,82
13729,27
13730,25
13731,9
13732,46
13733,3
13734,54
13735,65
13736,66
13737,6
13738,54
13739,79
13740,30
13741,73
13742,18
13743,27
13744,80
13745,27
13746,18
13747,100
13748,86
13749,19
13750,12
13751,76
13752,42
13753,10
13754,47
13755,14
13756,16
13757,53
13758,49
13759,27
13760,82
13761,3
13762,21
13763,85
13764,100
13765,38
13766,33
13767,96
13768,43
13769,41
13770,39
13771,96
13772,11
13773,1
13774,27
13775,73
13776,85
13777,80
13778,89
13779,66
13780,70
13781,71
13782,83
13783,75
13784,98
13785,80
13786,91
13787,9
13788,85
13789,56
13790,96
13791,85
13792,36
13793,76
13794,90
13795,63
13796,78
13797,85
13798,93
13799,39
13800,100
13801,97
13802,59
13803,97
13804,47
13805,98
13806,18
13807,71
13808,32
13809,43
13810,91
13811,36
13812,88
13813,35
13814,80
13815,87
13816,20
13817,1
13818,30
13819,96
13820,29
13821,75
13822,43
13823,11
13824,50
13825,48
13826,23
13827,23
13828,59
13829,10
13830,12
13831,90
13832,71
13833,73
13834,71
13835,63
13836,19
13837,71
13838,72
13839,70
13840,77
13841,27
13842,1
13843,42
13844,7
13845,12
13846,84
13847,91
13848,34
13849,22
13850,45
13851,14
13852,1
13853,60
13854,75
13855,63
13856,51
13857,35
13858,66
13859,68
13860,66
13861,46
13862,82
13863,1
13864,43
13865,100
13866,63
13867,80
13868,77
13869,27
13870,90
13871,53
13872,73
13873,66
13874,35
13875,62
13876,24
13877,85
13878,47
13879,38
13880,46
13881,93
13882,20
13883,29
13884,91
13885,30
13886,25
13887,21
13888,20
13889,0
13890,36
13891,76
13892,84
13893,45
13894,8
13895,16
13896,46
13897,84
13898,94
13899,58
13900,53
13901,85
13902,11
13903,63
13904,5
13905,52
13906,15
13907,89
13908,4
13909,72
13910,45
13911,13
13912,43
13913,62
13914,93
13915,51
13916,25
13917,52
13918,28
13919,18
13920,46
13921,7
13922,22
13923,34
13924,94
13925,52
13926,98
13927,95
13928,57
13929,4
13930,15
13931,16
13932,31
13933,95
13934,51
13935,19
13936,65
13937,83
13938,81
13939,0
13940,57
13941,92
13942,92
13943,82
13944,43
13945,5
13946,49
13947,71
13948,87
13949,19
13950,13
13951,4
13952,40
13953,39
13954,33
13955,79
13956,44
13957,70
13958,79
13959,70
13960,26
13961,77
13962,77
13963,43
13964,32
13965,32
13966,43
13967,19
13968,35
13969,6
13970,31
13971,66
13972,38
13973,92
13974,23
13975,85
13976,69
13977,87
13978,86
13979,53
13980,37
13981,73
13982,79
13983,74
13984,31
13985,44
13986,60
13987,69
13988,87
13989,96
13990,52
13991,50
13992,75
13993,55
13994,26
13995,37
13996,61
13997,17
13998,63
13999,76
14000,29
14001,48
14002,40
14003,12
14004,33
14005,99
14006,93
14007,24
14008,65
14009,99
14010,17
14011,4
14012,18
14013,41
14014,17
14015,31
14016,20
14017,9
14018,36
14019,48
14020,85
14021,12
14022,54
14023,16
14024,8
14025,87
14026,43
14027,77
14028,45
14029,7
14030,36
14031,18
14032,62
14033,91
14034,45
14035,93
14036,70
14037,25
14038,45
14039,45
14040,74
14041,13
14042,84
14043,62
14044,71
14045,2
14046,27
14047,28
14048,86
14049,17
14050,34
14051,76
14052,75
14053,46
14054,4
14055,74
14056,58
14057,74
14058,58
14059,46
14060,94
14061,94
14062,12
14063,77
14064,88
14065,32
14066,96
14067,61
14068,78
14069,15
14070,43
14071,57
14072,5
14073,88
14074,14
14075,3
14076,55
14077,63
14078,67
14079,93
14080,33
14081,90
14082,94
14083,55
14084,31
14085,8
14086,62
14087,71
14088,77
14089,32
14090,86
14091,20
14092,54
14093,75
14094,56
14095,1
14096,12
14097,3
14098,83
14099,49
14100,47
14101,77
14102,29
14103,28
14104,7
14105,11
14106,40
14107,25
14108,49
14109,1
14110,54
14111,55
14112,13
14113,5
14114,94
14115,80
14116,88
14117,60
14118,95
14119,11
14120,12
14121,18
14122,43
14123,88
14124,94
14125,58
14126,36
14127,24
14128,15
14129,37
14130,42
14131,86
14132,13
14133,5
14134,88
14135,22
14136,59
14137,11
14138,12
14139,99
14140,97
14141,5
14142,62
14143,37
14144,49
14145,51
14146,39
14147,7
14148,60
14149,7
14150,96
14151,33
14152,78
14153,99
14154,59
14155,56
14156,98
14157,45
14158,21
14159,86
14160,39
14161,44
14162,54
14163,50
14164,85
14165,4
14166,94
14167,12
14168,27
14169,83
14170,96
14171,79
14172,61
14173,92
14174,86
14175,23
14176,97
14177,6
14178,37
14179,36
14180,67
14181,97
14182,41
14183,85
14184,4
14185,63
14186,49
14187,86
14188,14
14189,94
14190,72
14191,52
14192,24
14193,88
14194,84
14195,8
14196,37
14197,21
14198,86
14199,48
14200,67
14201,92
14202,14
14203,64
14204,53
14205,29
14206,92
14207,19
14208,32
14209,99
14210,85
14211,76
14212,6
14213,7
14214,27
14215,44
14216,72
14217,88
14218,79
14219,73
14220,10
14221,30
14222,11
14223,94
14224,77
14225,50
14226,43
14227,95
14228,49
14229,16
14230,34
14231,0
14232,28
14233,50
14234,63
14235,3
14236,86
14237,27
14238,15
14239,62
14240,75
14241,52
14242,84
14243,16
14244,39
14245,12
14246,51
14247,57
14248,95
14249,36
14250,78
14251,75
14252,60
14253,78
14254,33
14255,69
14256,16
14257,19
14258,72
14259,58
14260,68
14261,86
14262,32
14263,77
14264,16
14265,56
14266,82
14267,96
14268,0
14269,12
14270,26
14271,69
14272,58
14273,5
14274,96
14275,93
14276,98
14277,22
14278,9
14279,50
14280,18
14281,50
14282,91
14283,86
14284,67
14285,83
14286,82
14287,41
14288,90
14289,56
14290,97
14291,67
14292,37
14293,61
14294,6
14295,70
14296,49
14297,51
14298,25
14299,25
14300,18
14301,8
14302,60
14303,19
14304,49
14305,79
14306,80
14307,21
14308,12
14309,11
14310,9
14311,64
14312,95
14313,29
14314,7
14315,20
14316,21
14317,17
14318,65
14319,47
14320,43
14321,8
14322,66
14323,53
14324,25
14325,84
14326,93
14327,91
14328,99
14329,25
14330,33
14331,7
14332,9
14333,47
14334,54
14335,53
14336,77
14337,39
14338,14
14339,80
14340,17
14341,95
14342,22
14343,61
14344,45
14345,86
14346,98
14347,38
14348,14
14349,52
14350,87
14351,63
14352,62
14353,91
14354,79
14355,15
14356,69
14357,65
14358,12
14359,46
14360,8
14361,62
14362,33
14363,80
14364,90
14365,28
14366,36
14367,42
14368,85
14369,63
14370,23
14371,70
14372,33
14373,47
14374,11
14375,22
14376,78
14377,96
14378,12
14379,86
14380,95
14381,44
14382,98
14383,64
14384,46
14385,57
14386,4
14387,76
14388,4
14389,59
14390,95
14391,20
14392,23
14393,17
14394,20
14395,53
14396,9
14397,23
14398,84
14399,88
14400,59
14401,56
14402,22
14403,21
14404,67
14405,33
14406,69
14407,27
14408,94
14409,98
14410,38
14411,41
14412,22
14413,69
14414,79
14415,1
14416,23
14417,16
14418,64
14419,69
14420,68
14421,59
14422,49
14423,92
14424,11
14425,46
14426,66
14427,64
14428,26
14429,47
14430,87
14431,61
14432,43
14433,18
14434,58
14435,7
14436,54
14437,46
14438,1
14439,93
14440,93
14441,38
14442,44
14443,31
14444,64
14445,37
14446,76
14447,10
14448,9
14449,58
14450,89
14451,54
14452,19
14453,80
14454,16
14455,67
14456,4
14457,59
14458,22
14459,45
14460,51
14461,9
14462,45
14463,27
14464,96
14465,42
14466,25
14467,54
14468,47
14469,28
14470,26
14471,17
14472,59
14473,73
14474,68
14475,73
14476,20
14477,23
14478,2
14479,94
14480,61
14481,100
14482,1
14483,65
14484,41
14485,33
14486,41
14487,19
14488,96
14489,67
14490,44
14491,74
14492,41
14493,46
14494,4
14495,88
14496,48
14497,36
14498,33
14499,72
14500,69
14501,17
14502,77
14503,18
14504,77
14505,39
14506,16
14507,59
14508,98
14509,92
14510,41
14511,80
14512,71
14513,64
14514,52
14515,99
14516,6
14517,4
14518,23
14519,27
14520,61
14521,16
14522,100
14523,19
14524,2
14525,36
14526,89
14527,14
14528,50
14529,47
14530,7
14531,12
14532,47
14533,2
14534,64
14535,72
14536,30
14537,25
14538,80
14539,55
14540,33
14541,8
14542,61
14543,12
14544,68
14545,40
14546,76
14547,0
14548,88
14549,46
14550,3
14551,99
14552,62
14553,51
14554,9
14555,27
14556,5
14557,26
14558,11
14559,61
14560,51
14561,47
14562,66
14563,45
14564,96
14565,73
14566,94
14567,14
14568,70
14569,35
14570,13
14571,77
14572,2
14573,66
14574,85
14575,18
14576,98
14577,75
14578,53
14579,68
14580,9
14581,32
14582,12
14583,98
14584,50
14585,31
14586,74
14587,23
14588,34
14589,82
14590,69
14591,39
14592,53
14593,43
14594,61
14595,98
14596,67
14597,32
14598,76
14599,55
14600,35
14601,53
14602,18
14603,42
14604,11
14605,10
14606,69
14607,11
14608,90
14609,40
14610,24
14611,2
14612,2
14613,83
14614,27
14615,22
14616,47
14617,66
14618,41
14619,87
14620,39
14621,5
14622,19
14623,10
14624,95
14625,26
14626,20
14627,12
14628,85
14629,34
14630,46
14631,85
14632,27
14633,20
14634,17
14635,30
14636,59
14637,36
14638,20
14639,13
14640,88
14641,90
14642,59
14643,22
14644,94
14645,28
14646,46
14647,29
14648,89
14649,83
14650,37
14651,82
14652,26
14653,88
14654,86
14655,92
14656,14
14657,58
14658,2
14659,9
14660,78
14661,79
14662,16
14663,82
14664,10
14665,47
14666,4
14667,68
14668,63
14669,13
14670,49
14671,25
14672,71
14673,68
14674,6
14675,15
14676,54
14677,77
14678,100
14679,55
14680,3
14681,99
14682,47
14683,16
14684,35
14685,69
14686,79
14687,92
14688,99
14689,37
14690,100
14691,61
14692,47
14693,9
14694,35
14695,28
14696,77
14697,3
14698,43
14699,55
14700,41
14701,99
14702,12
14703,45
14704,81
14705,32
14706,20
14707,79
14708,78
14709,56
14710,68
14711,69
14712,66
14713,47
14714,75
14715,99
14716,32
14717,35
14718,32
14719,30
14720,20
14721,26
14722,90
14723,71
14724,100
14725,61
14726,95
14727,25
14728,65
14729,11
14730,21
14731,16
14732,6
14733,67
14734,36
14735,37
14736,95
14737,10
14738,0
14739,24
14740,41
14741,51
14742,23
14743,52
14744,55
14745,62
14746,80
14747,7
14748,58
14749,44
14750,26
14751,51
14752,17
14753,90
14754,85
14755,15
14756,65
14757,4
14758,81
14759,2
14760,90
14761,80
14762,79
14763,69
14764,6
14765,49
14766,13
14767,37
14768,78
14769,46
14770,32
14771,42
14772,90
14773,28
14774,56
14775,100
14776,4
14777,92
14778,95
14779,59
14780,69
14781,1
14782,69
14783,42
14784,3
14785,55
14786,92
14787,58
14788,88
14789,8
14790,2
14791,89
14792,47
14793,42
14794,90
14795,99
14796,95
14797,0
14798,56
14799,52
14800,15
14801,50
14802,74
14803,89
14804,54
14805,0
14806,89
14807,27
14808,52
14809,57
14810,72
14811,59
14812,58
14813,21
14814,7
14815,48
14816,41
14817,26
14818,38
14819,82
14820,24
14821,37
14822,84
14823,23
14824,23
14825,59
14826,82
14827,49
14828,65
14829,13
14830,52
14831,31
14832,95
14833,91
14834,47
14835,38
14836,39
14837,41
14838,76
14839,75
14840,7
14841,78
14842,25
14843,11
14844,42
14845,50
14846,90
14847,81
14848,99
14849,62
14850,48
14851,26
14852,8
14853,38
14854,64
14855,70
14856,89
14857,70
14858,6
14859,71
14860,79
14861,66
14862,9
14863,70
14864,84
14865,52
14866,100
14867,94
14868,86
14869,56
14870,90
14871,85
14872,26
14873,53
14874,3
14875,87
14876,22
14877,47
14878,82
14879,41
14880,2
14881,90
14882,2
14883,27
14884,62
14885,80
14886,30
14887,9
14888,48
14889,85
14890,93
14891,20
14892,99
14893,52
14894,86
14895,75
14896,88
14897,53
14898,56
14899,19
14900,48
14901,6
14902,28
14903,47
14904,92
14905,12
14906,2
14907,1
14908,15
14909,93
14910,5
14911,44
14912,70
14913,4
14914,55
14915,70
14916,97
14917,31
14918,48
14919,12
14920,29
14921,24
14922,84
14923,59
14924,58
14925,84
14926,27
14927,57
14928,19
14929,33
14930,4
14931,81
14932,59
14933,42
14934,56
14935,56
14936,74
14937,53
14938,80
14939,44
14940,85
14941,36
14942,83
14943,47
14944,53
14945,47
14946,5
14947,33
14948,62
14949,77
14950,47
14951,22
14952,83
14953,12
14954,46
14955,43
14956,31
14957,25
14958,52
14959,13
14960,51
14961,35
14962,7
14963,39
14964,85
14965,21
14966,15
14967,90
14968,59
14969,59
14970,9
14971,24
14972,30
14973,20
14974,90
14975,80
14976,32
14977,30
14978,89
14979,20
14980,35
14981,64
14982,3
14983,67
14984,89
14985,3
14986,8
14987,29
14988,44
14989,3
14990,68
14991,22
14992,15
14993,21
14994,100
14995,71
14996,47
14997,61
14998,96
14999,59
15000,79
15001,4
15002,79
15003,6
15004,50
15005,64
15006,8
15007,81
15008,44
15009,46
15010,66
15011,23
15012,91
15013,9
15014,72
15015,76
15016,47
15017,34
15018,53
15019,86
15020,80
15021,70
15022,15
15023,52
15024,39
15025,99
15026,19
15027,87
15028,68
15029,44
15030,5
15031,91
15032,68
15033,48
15034,38
15035,1
15036,38
15037,20
15038,39
15039,100
15040,81
15041,53
15042,11
15043,80
15044,36
15045,37
15046,14
15047,6
15048,77
15049,49
15050,64
15051,66
15052,100
15053,43
15054,30
15055,42
15056,76
15057,47
15058,81
15059,80
15060,80
15061,60
15062,74
15063,83
15064,9
15065,28
15066,47
15067,97
15068,80
15069,61
15070,12
15071,43
15072,46
15073,63
15074,90
15075,52
15076,89
15077,91
15078,76
15079,75
15080,43
15081,27
15082,1
15083,100
15084,56
15085,56
15086,33
15087,86
15088,57
15089,51
15090,28
15091,34
15092,74
15093,47
15094,32
15095,74
15096,72
15097,77
15098,8
15099,47
15100,66
15101,92
15102,82
15103,35
15104,95
15105,70
15106,91
15107,43
15108,81
15109,59
15110,62
15111,4
15112,86
15113,85
15114,89
15115,75
15116,39
15117,18
15118,46
15119,64
15120,66
15121,90
15122,17
15123,49
15124,29
15125,65
15126,4
15127,92
15128,96
15129,41
15130,83
15131,93
15132,4
15133,49
15134,84
15135,57
15136,78
15137,83
15138,7
15139,30
15140,11
15141,20
15142,93
15143,61
15144,90
15145,89
15146,32
15147,25
15148,89
15149,99
15150,39
15151,64
15152,58
15153,14
15154,0
15155,10
15156,54
15157,1
15158,64
15159,94
15160,43
15161,15
15162,21
15163,17
15164,46
15165,80
15166,29
15167,9
15168,98
15169,57
15170,61
15171,84
15172,79
15173,5
15174,66
15175,40
15176,42
15177,84
15178,76
15179,17
15180,57
15181,59
15182,87
15183,26
15184,67
15185,21
15186,23
15187,39
15188,73
15189,65
15190,39
15191,5
15192,17
15193,80
15194,86
15195,29
15196,20
15197,61
15198,9
15199,12
15200,75
15201,8
15202,67
15203,38
15204,23
15205,33
15206,60
15207,40
15208,4
15209,78
15210,49
15211,3
15212,50
15213,51
15214,38
15215,7
15216,44
15217,87
15218,27
15219,26
15220,64
15221,33
15222,80
15223,100
15224,61
15225,61
15226,37
15227,25
15228,23
15229,38
15230,20
15231,93
15232,46
15233,47
15234,12
15235,100
15236,2
15237,31
15238,34
15239,18
15240,13
15241,47
15242,85
15243,80
15244,67
15245,44
15246,18
15247,63
15248,100
15249,65
15250,78
15251,65
15252,74
15253,44
15254,86
15255,73
15256,66
15257,68
15258,2
15259,37
15260,76
15261,41
15262,82
15263,39
15264,49
15265,34
15266,23
15267,87
15268,16
15269,39
15270,73
15271,65
15272,43
15273,22
15274,5
15275,65
15276,20
15277,34
15278,28
15279,6
15280,92
15281,52
15282,36
15283,22
15284,96
15285,7
15286,75
15287,47
15288,9
15289,78
15290,23
15291,89
15292,46
15293,52
15294,38
15295,66
15296,65
15297,5
15298,20
15299,72
15300,73
15301,35
15302,2
15303,87
15304,85
15305,77
15306,41
15307,44
15308,43
15309,90
15310,32
15311,59
15312,85
15313,92
15314,82
15315,82
15316,69
15317,82
15318,76
15319,25
15320,85
15321,20
15322,99
15323,1
15324,46
15325,29
15326,26
15327,70
15328,19
15329,49
15330,94
15331,22
15332,12
15333,80
15334,3
15335,13
15336,19
15337,12
15338,2
15339,89
15340,89
15341,81
15342,95
15343,77
15344,46
15345,2
15346,0
15347,89
15348,23
15349,34
15350,13
15351,66
15352,12
15353,46
15354,49
15355,77
15356,84
15357,25
15358,2
15359,50
15360,39
15361,67
15362,35
15363,50
15364,0
15365,32
15366,6
15367,51
15368,10
15369,26
15370,13
15371,85
15372,79
15373,45
15374,75
15375,9
15376,23
15377,60
15378,17
15379,85
15380,8
15381,16
15382,57
15383,12
15384,49
15385,100
15386,5
15387,84
15388,50
15389,35
15390,70
15391,99
15392,24
15393,10
15394,43
15395,13
15396,28
15397,73
15398,49
15399,4
15400,71
15401,68
15402,87
15403,56
15404,25
15405,5
15406,15
15407,59
15408,99
15409,11
15410,74
15411,2
15412,62
15413,63
15414,61
15415,100
15416,5
15417,18
15418,17
15419,79
15420,86
15421,42
15422,100
15423,72
15424,2
15425,71
15426,37
15427,67
15428,75
15429,43
15430,94
15431,88
15432,79
15433,62
15434,41
15435,63
15436,53
15437,77
15438,76
15439,70
15440,75
15441,36
15442,3
15443,1
15444,98
15445,43
15446,66
15447,67
15448,75
15449,82
15450,73
15451,61
15452,0
15453,16
15454,15
15455,8
15456,52
15457,72
15458,58
15459,8
15460,11
15461,40
15462,14
15463,65
15464,74
15465,10
15466,7
15467,54
15468,95
15469,5
15470,52
15471,19
15472,38
15473,98
15474,71
15475,33
15476,56
15477,18
15478,70
15479,30
15480,81
15481,39
15482,13
15483,99
15484,80
15485,36
15486,43
15487,8
15488,57
15489,19
15490,91
15491,49
15492,19
15493,35
15494,26
15495,71
15496,31
15497,0
15498,16
15499,8
15500,83
15501,44
15502,95
15503,65
15504,31
15505,44
15506,8
15507,29
15508,83
15509,37
15510,59
15511,0
15512,4
15513,62
15514,98
15515,35
15516,64
15517,77
15518,72
15519,93
15520,23
15521,3
15522,77
15523,88
15524,67
15525,24
15526,73
15527,98
15528,6
15529,12
15530,67
15531,42
15532,56
15533,35
15534,13
15535,81
15536,71
15537,95
15538,26
15539,36
15540,86
15541,70
15542,75
15543,24
15544,66
15545,89
15546,3
15547,99
15548,78
15549,95
15550,92
15551,73
15552,84
15553,15
15554,18
15555,28
15556,50
15557,17
15558,57
15559,43
15560,15
15561,64
15562,1
15563,55
15564,78
15565,27
15566,64
15567,4
15568,21
15569,99
15570,12
15571,64
15572,15
15573,85
15574,63
15575,31
15576,79
15577,50
15578,78
15579,57
15580,45
15581,51
15582,62
15583,75
15584,59
15585,64
15586,80
15587,54
15588,56
15589,91
15590,70
15591,72
15592,85
15593,25
15594,11
15595,70
15596,45
15597,46
15598,78
15599,37
15600,20
15601,13
15602,1
15603,71
15604,69
15605,100
15606,100
15607,32
15608,5
15609,89
15610,36
15611,13
15612,36
15613,7
15614,76
15615,12
15616,39
15617,91
15618,57
15619,17
15620,56
15621,82
15622,37
15623,31
15624,85
15625,65
15626,76
15627,86
15628,24
15629,91
15630,57
15631,74
15632,32
15633,87
15634,65
15635,29
15636,80
15637,33
15638,85
15639,68
15640,47
15641,39
15642,50
15643,79
15644,12
15645,89
15646,30
15647,38
15648,62
15649,47
15650,86
15651,47
15652,60
15653,11
15654,77
15655,55
15656,17
15657,26
15658,27
15659,81
15660,79
15661,51
15662,15
15663,76
15664,57
15665,92
15666,8
15667,25
15668,27
15669,76
15670,35
15671,8
15672,46
15673,77
15674,50
15675,75
15676,56
15677,31
15678,66
15679,56
15680,53
15681,15
15682,61
15683,83
15684,95
15685,55
15686,22
15687,16
15688,79
15689,37
15690,71
15691,82
15692,29
15693,57
15694,97
15695,77
15696,21
15697,16
15698,14
15699,47
15700,31
15701,76
15702,84
15703,39
15704,96
15705,56
15706,57
15707,90
15708,98
15709,15
15710,27
15711,97
15712,0
15713,40
15714,47
15715,30
15716,35
15717,32
15718,32
15719,81
15720,22
15721,59
15722,86
15723,78
15724,89
15725,29
15726,88
15727,44
15728,79
15729,38
15730,44
15731,77
15732,80
15733,11
15734,92
15735,31
15736,55
15737,23
15738,12
15739,19
15740,78
15741,55
15742,52
15743,67
15744,53
15745,33
15746,27
15747,49
15748,1
15749,93
15750,25
15751,50
15752,46
15753,25
15754,83
15755,91
15756,83
15757,74
15758,73
15759,60
15760,22
15761,36
15762,40
15763,51
15764,82
15765,81
15766,48
15767,26
15768,5
15769,73
15770,65
15771,23
15772,37
15773,27
15774,27
15775,65
15776,60
15777,45
15778,68
15779,74
15780,73
15781,42
15782,58
15783,1
15784,14
15785,36
15786,70
15787,19
15788,97
15789,34
15790,33
15791,85
15792,30
15793,86
15794,18
15795,67
15796,23
15797,83
15798,38
15799,91
15800,53
15801,38
15802,16
15803,18
15804,47
15805,34
15806,31
15807,46
15808,46
15809,63
15810,45
15811,34
15812,93
15813,16
15814,41
15815,28
15816,69
15817,16
15818,80
15819,13
15820,23
15821,56
15822,49
15823,56
15824,100
15825,60
15826,38
15827,54
15828,95
15829,35
15830,36
15831,13
15832,26
15833,82
15834,30
15835,72
15836,80
15837,82
15838,43
15839,67
15840,47
15841,56
15842,74
15843,21
15844,3
15845,80
15846,71
15847,45
15848,58
15849,33
15850,10
15851,30
15852,10
15853,55
15854,37
15855,20
15856,93
15857,9
15858,25
15859,90
15860,7
15861,7
15862,59
15863,71
15864,33
15865,15
15866,12
15867,86
15868,75
15869,90
15870,21
15871,95
15872,26
15873,63
15874,1
15875,96
15876,25
15877,91
15878,82
15879,68
15880,96
15881,83
15882,29
15883,7
15884,37
15885,60
15886,80
15887,64
15888,66
15889,45
15890,89
15891,94
15892,71
15893,42
15894,58
15895,45
15896,71
15897,34
15898,38
15899,91
15900,50
15901,3
15902,79
15903,76
15904,83
15905,50
15906,4
15907,54
15908,100
15909,19
15910,23
15911,35
15912,33
15913,53
15914,33
15915,82
15916,16
15917,4
15918,88
15919,17
15920,54
15921,52
15922,49
15923,71
15924,90
15925,78
15926,44
15927,12
15928,15
15929,85
15930,83
15931,12
15932,19
15933,65
15934,98
15935,46
15936,18
15937,44
15938,36
15939,53
15940,5
15941,13
15942,3
15943,85
15944,54
15945,99
15946,33
15947,26
15948,6
15949,2
15950,46
15951,96
15952,1
15953,79
15954,24
15955,59
15956,78
15957,23
15958,14
15959,94
15960,13
15961,53
15962,77
15963,5
15964,77
15965,80
15966,17
15967,19
15968,61
15969,80
15970,79
15971,39
15972,38
15973,51
15974,31
15975,72
15976,26
15977,51
15978,96
15979,62
15980,73
15981,62
15982,16
15983,48
15984,99
15985,80
15986,81
15987,22
15988,97
15989,71
15990,12
15991,22
15992,56
15993,61
15994,53
15995,19
15996,85
15997,51
15998,22
15999,34
16000,66
16001,33
16002,32
16003,45
16004,80
16005,44
16006,18
16007,93
16008,86
16009,14
16010,77
16011,65
16012,38
16013,17
16014,69
16015,58
16016,31
16017,20
16018,39
16019,91
16020,26
16021,1
16022,96
16023,79
16024,38
16025,85
16026,55
16027,12
16028,55
16029,65
16030,77
16031,55
16032,27
16033,63
16034,70
16035,81
16036,63
16037,55
16038,40
16039,99
16040,40
16041,99
16042,3
16043,56
16044,29
16045,87
16046,83
16047,45
16048,55
16049,30
16050,87
16051,6
16052,89
16053,76
16054,53
16055,7
16056,54
16057,68
16058,43
16059,12
16060,92
16061,19
16062,77
16063,31
16064,59
16065,49
16066,26
16067,24
16068,51
16069,67
16070,20
16071,17
16072,38
16073,14
16074,52
16075,37
16076,47
16077,51
16078,87
16079,71
16080,27
16081,84
16082,15
16083,15
16084,34
16085,16
16086,72
16087,98
16088,51
16089,92
16090,81
16091,11
16092,82
16093,47
16094,21
16095,48
16096,51
16097,78
16098,0
16099,65
16100,63
16101,7
16102,85
16103,24
16104,65
16105,72
16106,72
16107,76
16108,69
16109,93
16110,78
16111,50
16112,52
16113,14
16114,49
16115,70
16116,74
16117,37
16118,39
16119,65
16120,38
16121,73
16122,16
16123,6
16124,38
16125,67
16126,34
16127,50
16128,46
16129,35
16130,63
16131,94
16132,88
16133,12
16134,17
16135,20
16136,64
16137,99
16138,7
16139,47
16140,84
16141,42
16142,52
16143,84
16144,26
16145,18
16146,22
16147,49
16148,50
16149,42
16150,98
16151,50
16152,68
16153,40
16154,71
16155,10
16156,79
16157,87
16158,84
16159,51
16160,22
16161,48
16162,37
16163,46
16164,71
16165,6
16166,65
16167,93
16168,76
16169,61
16170,86
16171,28
16172,37
16173,100
16174,83
16175,32
16176,28
16177,78
16178,22
16179,2
16180,100
16181,92
16182,44
16183,7
16184,85
16185,28
16186,1
16187,49
16188,64
16189,19
16190,51
16191,84
16192,36
16193,71
16194,26
16195,46
16196,98
16197,5
16198,59
16199,44
16200,43
16201,82
16202,17
16203,64
16204,24
16205,26
16206,6
16207,43
16208,28
16209,94
16210,43
16211,35
16212,18
16213,5
16214,24
16215,30
16216,8
16217,83
16218,73
16219,36
16220,26
16221,12
16222,40
16223,65
16224,84
16225,96
16226,23
16227,43
16228,97
16229,59
16230,8
16231,1
16232,55
16233,29
16234,21
16235,74
16236,80
16237,99
16238,12
16239,70
16240,15
16241,96
16242,44
16243,64
16244,10
16245,69
16246,19
16247,98
16248,62
16249,100
16250,89
16251,11
16252,61
16253,93
16254,91
16255,90
16256,41
16257,82
16258,68
16259,57
16260,4
16261,26
16262,27
16263,25
16264,90
16265,48
16266,20
16267,0
16268,91
16269,57
16270,78
16271,54
16272,80
16273,25
16274,83
16275,24
16276,76
16277,32
16278,88
16279,71
16280,68
16281,5
16282,22
16283,29
16284,77
16285,53
16286,86
16287,10
16288,30
16289,5
16290,10
16291,76
16292,11
16293,65
16294,52
16295,98
16296,35
16297,16
16298,27
16299,91
16300,21
16301,6
16302,14
16303,95
16304,10
16305,23
16306,66
16307,29
16308,69
16309,65
16310,60
16311,77
16312,40
16313,81
16314,50
16315,43
16316,94
16317,12
16318,89
16319,11
16320,81
16321,8
16322,84
16323,47
16324,48
16325,52
16326,55
16327,39
16328,23
16329,97
16330,71
16331,32
16332,22
16333,76
16334,53
16335,52
16336,48
16337,77
16338,77
16339,79
16340,48
16341,59
16342,89
16343,89
16344,64
16345,31
16346,78
16347,20
16348,17
16349,93
16350,59
16351,12
16352,23
16353,29
16354,1
16355,82
16356,24
16357,49
16358,13
16359,5
16360,75
16361,83
16362,86
16363,29
16364,29
16365,37
16366,57
16367,93
16368,40
16369,93
16370,56
16371,35
16372,63
16373,97
16374,15
16375,87
16376,77
16377,89
16378,71
16379,13
16380,30
16381,65
16382,67
16383,64
16384,54
16385,83
16386,77
16387,39
16388,24
16389,24
16390,2
16391,68
16392,25
16393,39
16394,37
16395,37
16396,67
16397,6
16398,93
16399,29
16400,18
16401,34
16402,32
16403,32
16404,77
16405,37
16406,9
16407,56
16408,27
16409,77
16410,99
16411,37
16412,15
16413,20
16414,91
16415,96
16416,5
16417,40
16418,14
16419,2
16420,42
16421,46
16422,98
16423,13
16424,65
16425,28
16426,3
16427,25
16428,11
16429,1
16430,16
16431,34
16432,9
16433,85
16434,42
16435,20
16436,14
16437,34
16438,84
16439,84
16440,84
16441,59
16442,43
16443,95
16444,4
16445,72
16446,17
16447,20
16448,71
16449,97
16450,73
16451,50
16452,40
16453,23
16454,23
16455,95
16456,96
16457,37
16458,43
16459,56
16460,58
16461,33
16462,74
16463,94
16464,81
16465,22
16466,85
16467,42
16468,81
16469,39
16470,46
16471,40
16472,46
16473,19
16474,76
16475,64
16476,67
16477,23
16478,99
16479,35
16480,44
16481,1
16482,27
16483,25
16484,22
16485,78
16486,35
16487,90
16488,5
16489,34
16490,37
16491,34
16492,99
16493,73
16494,93
16495,52
16496,37
16497,92
16498,58
16499,42
16500,3
16501,4
16502,67
16503,99
16504,44
16505,79
16506,24
16507,77
16508,10
16509,28
16510,33
16511,85
16512,13
16513,23
16514,58
16515,38
16516,25
16517,42
16518,35
16519,38
16520,60
16521,15
16522,58
16523,95
16524,5
16525,97
16526,55
16527,7
16528,93
16529,26
16530,70
16531,26
16532,88
16533,45
16534,40
16535,78
16536,24
16537,85
16538,17
16539,11
16540,86
16541,50
16542,38
16543,88
16544,9
16545,93
16546,73
16547,97
16548,76
16549,53
16550,28
16551,40
16552,8
16553,62
16554,76
16555,36
16556,13
16557,100
16558,72
16559,71
16560,38
16561,39
16562,53
16563,2
16564,54
16565,32
16566,95
16567,70
16568,18
16569,33
16570,77
16571,49
16572,46
16573,45
16574,55
16575,56
16576,82
16577,50
16578,53
16579,89
16580,80
16581,27
16582,18
16583,26
16584,47
16585,18
16586,96
16587,50
16588,6
16589,28
16590,42
16591,68
16592,93
16593,57
16594,7
16595,41
16596,75
16597,41
16598,12
16599,25
16600,17
16601,41
16602,50
16603,83
16604,15
16605,100
16606,2
16607,90
16608,78
16609,97
16610,44
16611,21
16612,22
16613,58
16614,61
16615,67
16616,53
16617,56
16618,22
16619,59
16620,72
16621,87
16622,84
16623,54
16624,79
16625,62
16626,55
16627,54
16628,24
16629,25
16630,48
16631,62
16632,44
16633,72
16634,78
16635,38
16636,96
16637,64
16638,68
16639,55
16640,8
16641,69
16642,27
16643,44
16644,25
16645,27
16646,39
16647,14
16648,5
16649,26
16650,37
16651,67
16652,74
16653,84
16654,63
16655,29
16656,81
16657,98
16658,2
16659,61
16660,11
16661,90
16662,29
16663,84
16664,37
16665,84
16666,59
16667,37
16668,14
16669,17
16670,51
16671,28
16672,59
16673,20
16674,16
16675,17
16676,56
16677,36
16678,59
16679,37
16680,11
16681,74
16682,83
16683,72
16684,0
16685,57
16686,2
16687,62
16688,20
16689,22
16690,8
16691,82
16692,54
16693,18
16694,61
16695,86
16696,90
16697,90
16698,38
16699,99
16700,75
16701,26
16702,45
16703,33
16704,32
16705,91
16706,94
16707,95
16708,49
16709,19
16710,39
16711,98
16712,94
16713,57
16714,30
16715,37
16716,85
16717,44
16718,40
16719,8
16720,8
16721,62
16722,78
16723,76
16724,21
16725,15
16726,31
16727,65
16728,89
16729,13
16730,37
16731,97
16732,7
16733,99
16734,20
16735,55
16736,45
16737,42
16738,91
16739,45
16740,47
16741,69
16742,83
16743,30
16744,32
16745,43
16746,70
16747,7
16748,72
16749,1
16750,16
16751,51
16752,44
16753,36
16754,41
16755,43
16756,80
16757,37
16758,98
16759,93
16760,5
16761,67
16762,50
16763,100
16764,34
16765,57
16766,56
16767,72
16768,5
16769,12
16770,58
16771,85
16772,91
16773,29
16774,99
16775,1
16776,57
16777,35
16778,71
16779,44
16780,8
16781,64
16782,76
16783,49
16784,78
16785,31
16786,97
16787,42
16788,94
16789,77
16790,53
16791,46
16792,13
16793,47
16794,54
16795,28
16796,46
16797,62
16798,18
16799,90
16800,8
16801,100
16802,36
16803,91
16804,51
16805,56
16806,87
16807,27
16808,35
16809,63
16810,17
16811,88
16812,34
16813,67
16814,77
16815,38
16816,89
16817,7
16818,87
16819,79
16820,83
16821,14
16822,6
16823,16
16824,85
16825,85
16826,63
16827,11
16828,81
16829,55
16830,45
16831,46
16832,78
16833,100
16834,15
16835,68
16836,1
16837,91
16838,53
16839,26
16840,30
16841,40
16842,35
16843,46
16844,42
16845,64
16846,49
16847,92
16848,0
16849,71
16850,56
16851,15
16852,27
16853,85
16854,81
16855,21
16856,40
16857,75
16858,18
16859,88
16860,49
16861,58
16862,68
16863,33
16864,38
16865,73
16866,6
16867,100
16868,51
16869,59
16870,51
16871,78
16872,23
16873,25
16874,89
16875,89
16876,9
16877,16
16878,77
16879,1
16880,76
16881,26
16882,72
16883,70
16884,47
16885,73
16886,8
16887,85
16888,22
16889,70
16890,72
16891,26
16892,87
16893,92
16894,80
16895,83
16896,70
16897,42
16898,6
16899,91
16900,82
16901,62
16902,83
16903,43
16904,38
16905,39
16906,6
16907,69
16908,24
16909,58
16910,12
16911,85
16912,80
16913,85
16914,97
16915,61
16916,7
16917,44
16918,17
16919,87
16920,59
16921,59
16922,1
16923,65
16924,90
16925,13
16926,47
16927,55
16928,11
16929,95
16930,91
16931,54
16932,27
16933,88
16934,3
16935,89
16936,35
16937,49
16938,2
16939,0
16940,16
16941,70
16942,61
16943,47
16944,61
16945,68
16946,18
16947,33
16948,98
16949,48
16950,79
16951,46
16952,90
16953,49
16954,88
16955,25
16956,55
16957,77
16958,13
16959,77
16960,24
16961,99
16962,3
16963,78
16964,31
16965,81
16966,77
16967,64
16968,60
16969,19
16970,73
16971,9
16972,87
16973,33
16974,60
16975,91
16976,26
16977,39
16978,64
16979,32
16980,67
16981,70
16982,8
16983,15
16984,4
16985,97
16986,22
16987,42
16988,88
16989,56
16990,50
16991,12
16992,23
16993,10
16994,51
16995,16
16996,36
16997,12
16998,61
16999,90
17000,83
17001,96
17002,95
17003,7
17004,55
17005,92
17006,82
17007,69
17008,43
17009,59
17010,40
17011,20
17012,85
17013,41
17014,73
17015,73
17016,28
17017,79
17018,64
17019,16
17020,29
17021,25
17022,52
17023,18
17024,52
17025,84
17026,16
17027,45
17028,84
17029,52
17030,63
17031,44
17032,48
17033,18
17034,70
17035,80
17036,64
17037,36
17038,69
17039,25
17040,1
17041,58
17042,95
17043,4
17044,36
17045,30
17046,75
17047,98
17048,93
17049,47
17050,5
17051,14
17052,14
17053,60
17054,15
17055,19
17056,76
17057,43
17058,41
17059,45
17060,94
17061,33
17062,63
17063,28
17064,2
17065,8
17066,74
17067,74
17068,24
17069,85
17070,41
17071,45
17072,72
17073,83
17074,58
17075,20
17076,73
17077,21
17078,28
17079,62
17080,72
17081,60
17082,63
17083,68
17084,39
17085,74
17086,0
17087,64
17088,61
17089,53
17090,59
17091,45
17092,4
17093,21
17094,89
17095,52
17096,69
17097,31
17098,10
17099,9
17100,38
17101,97
17102,30
17103,11
17104,79
17105,37
17106,66
17107,65
17108,51
17109,4
17110,10
17111,24
17112,34
17113,34
17114,21
17115,36
17116,85
17117,54
17118,74
17119,95
17120,98
17121,94
17122,71
17123,63
17124,19
17125,97
17126,3
17127,17
17128,50
17129,67
17130,19
17131,8
17132,79
17133,25
17134,24
17135,67
17136,40
17137,58
17138,44
17139,40
17140,37
17141,18
17142,13
17143,20
17144,14
17145,2
17146,36
17147,45
17148,15
17149,13
17150,8
17151,6
17152,13
17153,5
17154,84
17155,14
17156,51
17157,71
17158,33
17159,0
17160,95
17161,68
17162,93
17163,85
17164,19
17165,79
17166,6
17167,6
17168,49
17169,1
17170,46
17171,13
17172,30
17173,49
17174,60
17175,40
17176,13
17177,4
17178,74
17179,4
17180,63
17181,28
17182,74
17183,4
17184,95
17185,35
17186,78
17187,18
17188,63
17189,21
17190,33
17191,55
17192,16
17193,75
17194,88
17195,55
17196,16
17197,73
17198,91
17199,81
17200,17
17201,44
17202,95
17203,77
17204,55
17205,79
17206,49
17207,57
17208,17
17209,79
17210,80
17211,6
17212,75
17213,97
17214,9
17215,68
17216,84
17217,2
17218,82
17219,43
17220,98
17221,69
17222,13
17223,3
17224,17
17225,92
17226,98
17227,51
17228,37
17229,79
17230,19
17231,87
17232,98
17233,43
17234,50
17235,18
17236,67
17237,96
17238,65
17239,12
17240,61
17241,60
17242,29
17243,97
17244,29
17245,50
17246,87
17247,47
17248,32
17249,73
17250,81
17251,18
17252,70
17253,56
17254,18
17255,87
17256,78
17257,40
17258,41
17259,86
17260,51
17261,3
17262,3
17263,4
17264,40
17265,86
17266,100
17267,60
17268,74
17269,54
17270,74
17271,12
17272,13
17273,59
17274,71
17275,24
17276,81
17277,43
17278,81
17279,9
17280,70
17281,49
17282,43
17283,13
17284,14
17285,15
17286,1
17287,29
17288,29
17289,81
17290,30
17291,76
17292,19
17293,48
17294,34
17295,22
17296,96
17297,98
17298,99
17299,60
17300,83
17301,54
17302,66
17303,7
17304,39
17305,58
17306,31
17307,92
17308,6
17309,1
17310,84
17311,5
17312,91
17313,35
17314,31
17315,44
17316,41
17317,52
17318,8
17319,74
17320,86
17321,74
17322,48
17323,1
17324,66
17325,10
17326,49
17327,34
17328,14
17329,74
17330,30
17331,91
17332,61
17333,27
17334,95
17335,24
17336,83
17337,91
17338,24
17339,74
17340,82
17341,91
17342,0
17343,58
17344,68
17345,73
17346,41
17347,33
17348,99
17349,65
17350,17
17351,76
17352,4
17353,19
17354,65
17355,74
17356,61
17357,93
17358,95
17359,31
17360,57
17361,49
17362,37
17363,54
17364,27
17365,73
17366,85
17367,80
17368,21
17369,42
17370,82
17371,80
17372,87
17373,35
17374,95
17375,51
17376,35
17377,27
17378,77
17379,57
17380,35
17381,69
17382,8
17383,20
17384,63
17385,75
17386,60
17387,93
17388,94
17389,39
17390,55
17391,3
17392,30
17393,26
17394,57
17395,24
17396,68
17397,69
17398,4
17399,90
17400,7
17401,8
17402,14
17403,99
17404,6
17405,95
17406,71
17407,14
17408,36
17409,82
17410,38
17411,5
17412,82
17413,56
17414,91
17415,80
17416,18
17417,62
17418,30
17419,74
17420,78
17421,9
17422,86
17423,66
17424,61
17425,2
17426,17
17427,24
17428,19
17429,57
17430,92
17431,85
17432,49
17433,78
17434,9
17435,20
17436,28
17437,95
17438,9
17439,12
17440,46
17441,22
17442,49
17443,86
17444,94
17445,3
17446,66
17447,84
17448,52
17449,1
17450,67
17451,64
17452,78
17453,56
17454,96
17455,69
17456,6
17457,18
17458,43
17459,62
17460,64
17461,38
17462,82
17463,25
17464,43
17465,11
17466,21
17467,76
17468,91
17469,13
17470,85
17471,29
17472,43
17473,83
17474,90
17475,37
17476,58
17477,41
17478,51
17479,62
17480,60
17481,33
17482,38
17483,40
17484,36
17485,64
17486,78
17487,31
17488,7
17489,96
17490,17
17491,44
17492,92
17493,95
17494,32
17495,4
17496,81
17497,73
17498,35
17499,96
17500,22
17501,39
17502,4
17503,33
17504,23
17505,16
17506,94
17507,70
17508,80
17509,91
17510,21
17511,14
17512,100
17513,14
17514,24
17515,52
17516,20
17517,65
17518,90
17519,31
17520,20
17521,67
17522,43
17523,82
17524,65
17525,89
17526,97
17527,13
17528,14
17529,19
17530,33
17531,35
17532,82
17533,8
17534,70
17535,29
17536,76
17537,90
17538,62
17539,34
17540,12
17541,78
17542,45
17543,55
17544,8
17545,86
17546,35
17547,2
17548,97
17549,18
17550,27
17551,22
17552,6
17553,75
17554,13
17555,45
17556,14
17557,66
17558,14
17559,50
17560,87
17561,7
17562,68
17563,61
17564,50
17565,62
17566,67
17567,77
17568,15
17569,83
17570,23
17571,5
17572,56
17573,30
17574,5
17575,98
17576,78
17577,28
17578,66
17579,74
17580,2
17581,27
17582,73
17583,96
17584,47
17585,79
17586,9
17587,32
17588,99
17589,66
17590,68
17591,11
17592,56
17593,43
17594,12
17595,23
17596,43
17597,56
17598,95
17599,15
17600,95
17601,100
17602,99
17603,20
17604,75
17605,50
17606,20
17607,59
17608,50
17609,20
17610,5
17611,72
17612,64
17613,75
17614,57
17615,77
17616,5
17617,64
17618,85
17619,33
17620,55
17621,74
17622,2
17623,41
17624,61
17625,5
17626,5
17627,62
17628,19
17629,20
17630,1
17631,89
17632,94
17633,89
17634,55
17635,95
17636,9
17637,86
17638,69
17639,22
17640,91
17641,29
17642,77
17643,36
17644,54
17645,95
17646,48
17647,33
17648,43
17649,21
17650,30
17651,6
17652,20
17653,15
17654,19
17655,42
17656,43
17657,46
17658,18
17659,47
17660,95
17661,78
17662,68
17663,10
17664,78
17665,28
17666,44
17667,67
17668,35
17669,47
17670,86
17671,14
17672,43
17673,66
17674,95
17675,73
17676,39
17677,85
17678,13
17679,62
17680,80
17681,84
17682,50
17683,78
17684,57
17685,14
17686,64
17687,87
17688,54
17689,75
17690,9
17691,41
17692,94
17693,10
17694,15
17695,72
17696,77
17697,18
17698,30
17699,72
17700,99
17701,52
17702,89
17703,7
17704,23
17705,7
17706,82
17707,47
17708,29
17709,57
17710,85
17711,54
17712,72
17713,61
17714,47
17715,3
17716,36
17717,7
17718,0
17719,91
17720,69
17721,46
17722,99
17723,74
17724,4
17725,49
17726,23
17727,46
17728,17
17729,83
17730,27
17731,76
17732,4
17733,29
17734,0
17735,85
17736,81
17737,45
17738,68
17739,30
17740,69
17741,90
17742,55
17743,88
17744,92
17745,27
17746,15
17747,53
17748,52
17749,11
17750,19
17751,81
17752,33
17753,52
17754,63
17755,22
17756,26
17757,16
17758,47
17759,20
17760,49
17761,39
17762,94
17763,2
17764,16
17765,60
17766,49
17767,89
17768,86
17769,5
17770,27
17771,71
17772,54
17773,57
17774,44
17775,71
17776,18
17777,28
17778,22
17779,31
17780,9
17781,90
17782,48
17783,64
17784,28
17785,58
17786,44
17787,66
17788,50
17789,100
17790,94
17791,10
17792,85
17793,81
17794,98
17795,5
17796,66
17797,61
17798,4
17799,8
17800,27
17801,82
17802,91
17803,90
17804,76
17805,37
17806,42
17807,20
17808,90
17809,61
17810,45
17811,69
17812,37
17813,48
17814,74
17815,80
17816,38
17817,70
17818,29
17819,20
17820,0
17821,88
17822,31
17823,7
17824,68
17825,29
17826,7
17827,18
17828,58
17829,54
17830,29
17831,78
17832,35
17833,54
17834,43
17835,26
17836,76
17837,77
17838,100
17839,53
17840,47
17841,29
17842,38
17843,12
17844,15
17845,43
17846,70
17847,26
17848,44
17849,34
17850,78
17851,27
17852,98
17853,6
17854,61
17855,50
17856,45
17857,19
17858,95
17859,37
17860,60
17861,31
17862,25
17863,57
17864,38
17865,19
17866,81
17867,49
17868,78
17869,51
17870,85
17871,21
17872,52
17873,84
17874,65
17875,42
17876,81
17877,22
17878,76
17879,63
17880,8
17881,6
17882,40
17883,53
17884,64
17885,1
17886,3
17887,77
17888,31
17889,99
17890,1
17891,63
17892,13
17893,19
17894,88
17895,48
17896,7
17897,91
17898,62
17899,45
17900,20
17901,86
17902,31
17903,7
17904,94
17905,100
17906,15
17907,39
17908,26
17909,17
17910,34
17911,51
17912,14
17913,62
17914,52
17915,90
17916,80
17917,65
17918,30
17919,60
17920,63
17921,100
17922,97
17923,33
17924,54
17925,58
17926,2
17927,16
17928,77
17929,77
17930,45
17931,37
17932,34
17933,0
17934,28
17935,3
17936,60
17937,96
17938,16
17939,27
17940,49
17941,89
17942,7
17943,33
17944,58
17945,17
17946,94
17947,58
17948,26
17949,15
17950,9
17951,75
17952,21
17953,15
17954,11
17955,74
17956,83
17957,50
17958,0
17959,26
17960,66
17961,11
17962,29
17963,8
17964,52
17965,60
17966,53
17967,36
17968,64
17969,41
17970,48
17971,3
17972,63
17973,78
17974,50
17975,90
17976,71
17977,59
17978,86
17979,78
17980,90
17981,30
17982,71
17983,93
17984,57
17985,81
17986,3
17987,21
17988,2
17989,78
17990,98
17991,46
17992,37
17993,32
17994,77
17995,47
17996,64
17997,25
17998,7
17999,49
18000,79
18001,37
18002,9
18003,41
18004,36
18005,25
18006,91
18007,11
18008,83
18009,48
18010,13
18011,45
18012,34
18013,28
18014,11
18015,81
18016,43
18017,65
18018,1
18019,58
18020,16
18021,9
18022,17
18023,21
18024,82
18025,57
18026,52
18027,0
18028,87
18029,60
18030,99
18031,88
18032,99
18033,30
18034,30
18035,65
18036,18
18037,52
18038,75
18039,73
18040,94
18041,21
18042,22
18043,86
18044,14
18045,25
18046,2
18047,86
18048,19
18049,39
18050,38
18051,71
18052,17
18053,40
18054,69
18055,26
18056,99
18057,14
18058,36
18059,57
18060,4
18061,72
18062,6
18063,40
18064,83
18065,9
18066,61
18067,25
18068,67
18069,23
18070,77
18071,40
18072,64
18073,16
18074,23
18075,26
18076,6
18077,72
18078,98
18079,11
18080,84
18081,2
18082,78
18083,84
18084,9
18085,32
18086,45
18087,58
18088,51
18089,5
18090,1
18091,28
18092,39
18093,96
18094,60
18095,67
18096,67
18097,28
18098,100
18099,61
18100,59
18101,83
18102,40
18103,86
18104,81
18105,88
18106,64
18107,63
18108,78
18109,62
18110,97
18111,47
18112,19
18113,36
18114,63
18115,90
18116,85
18117,4
18118,33
18119,38
18120,66
18121,80
18122,61
18123,87
18124,23
18125,2
18126,70
18127,88
18128,66
18129,78
18130,92
18131,49
18132,28
18133,73
18134,31
18135,86
18136,38
18137,8
18138,100
18139,13
18140,67
18141,63
18142,19
18143,27
18144,13
18145,43
18146,97
18147,76
18148,94
18149,96
18150,38
18151,27
18152,63
18153,88
18154,31
18155,8
18156,27
18157,94
18158,16
18159,86
18160,76
18161,54
18162,9
18163,79
18164,5
18165,47
18166,74
18167,66
18168,91
18169,40
18170,78
18171,59
18172,76
18173,41
18174,80
18175,70
18176,27
18177,12
18178,80
18179,14
18180,35
18181,91
18182,14
18183,74
18184,55
18185,94
18186,3
18187,98
18188,97
18189,51
18190,90
18191,9
18192,93
18193,44
18194,83
18195,28
18196,52
18197,28
18198,22
18199,56
18200,49
18201,20
18202,42
18203,9
18204,75
18205,29
18206,50
18207,32
18208,17
18209,77
18210,21
18211,63
18212,20
18213,0
18214,14
18215,35
18216,46
18217,53
18218,85
18219,31
18220,57
18221,45
18222,53
18223,32
18224,38
18225,22
18226,42
18227,54
18228,1
18229,65
18230,37
18231,28
18232,66
18233,70
18234,35
18235,28
18236,36
18237,99
18238,86
18239,44
18240,15
18241,30
18242,33
18243,49
18244,64
18245,81
18246,61
18247,42
18248,55
18249,14
18250,47
18251,48
18252,80
18253,43
18254,9
18255,19
18256,69
18257,7
18258,44
18259,33
18260,95
18261,50
18262,3
18263,38
18264,83
18265,23
18266,87
18267,54
18268,25
18269,24
18270,35
18271,70
18272,73
18273,57
18274,11
18275,0
18276,49
18277,24
18278,79
18279,4
18280,82
18281,67
18282,5
18283,25
18284,54
18285,38
18286,8
18287,44
18288,13
18289,54
18290,8
18291,14
18292,36
18293,49
18294,83
18295,71
18296,95
18297,20
18298,56
18299,18
18300,92
18301,57
18302,94
18303,5
18304,3
18305,42
18306,92
18307,41
18308,2
18309,0
18310,54
18311,14
18312,46
18313,84
18314,45
18315,57
18316,94
18317,70
18318,80
18319,82
18320,38
18321,2
18322,29
18323,34
18324,56
18325,28
18326,49
18327,61
18328,51
18329,13
18330,34
18331,27
18332,57
18333,29
18334,89
18335,6
18336,38
18337,94
18338,68
18339,34
18340,51
18341,13
18342,62
18343,35
18344,90
18345,23
18346,39
18347,28
18348,52
18349,21
18350,71
18351,14
18352,68
18353,63
18354,3
18355,74
18356,17
18357,41
18358,29
18359,14
18360,69
18361,54
18362,52
18363,15
18364,72
18365,33
18366,26
18367,12
18368,99
18369,26
18370,72
18371,68
18372,85
18373,30
18374,2
18375,29
18376,20
18377,98
18378,5
18379,91
18380,31
18381,41
18382,100
18383,61
18384,88
18385,31
18386,98
18387,85
18388,87
18389,38
18390,63
18391,29
18392,62
18393,95
18394,30
18395,86
18396,39
18397,32
18398,62
18399,24
18400,35
18401,23
18402,94
18403,57
18404,38
18405,45
18406,76
18407,9
18408,86
18409,81
18410,31
18411,96
18412,35
18413,27
18414,15
18415,15
18416,17
18417,7
18418,79
18419,74
18420,69
18421,0
18422,61
18423,75
18424,37
18425,91
18426,44
18427,57
18428,80
18429,0
18430,31
18431,7
18432,39
18433,55
18434,62
18435,87
18436,73
18437,73
18438,35
18439,88
18440,56
18441,73
18442,82
18443,44
18444,78
18445,79
18446,1
18447,92
18448,67
18449,49
18450,28
18451,94
18452,80
18453,9
18454,26
18455,14
18456,59
18457,30
18458,20
18459,59
18460,57
18461,40
18462,45
18463,44
18464,25
18465,50
18466,35
18467,51
18468,80
18469,50
18470,2
18471,13
18472,48
18473,76
18474,90
18475,0
18476,56
18477,16
18478,49
18479,97
18480,13
18481,58
18482,80
18483,2
18484,97
18485,39
18486,88
18487,65
18488,33
18489,89
18490,94
18491,8
18492,93
18493,83
18494,20
18495,92
18496,24
18497,43
18498,24
18499,8
18500,61
18501,25
18502,56
18503,36
18504,15
18505,36
18506,75
18507,23
18508,25
18509,19
18510,8
18511,86
18512,28
18513,30
18514,18
18515,19
18516,86
18517,26
18518,93
18519,84
18520,43
18521,34
18522,70
18523,21
18524,73
18525,86
18526,14
18527,93
18528,97
18529,12
18530,3
18531,81
18532,55
18533,22
18534,96
18535,97
18536,33
18537,99
18538,98
18539,16
18540,27
18541,13
18542,33
18543,74
18544,56
18545,76
18546,96
18547,54
18548,65
18549,97
18550,92
18551,36
18552,67
18553,75
18554,25
18555,60
18556,91
18557,66
18558,83
18559,73
18560,51
18561,17
18562,52
18563,62
18564,52
18565,26
18566,30
18567,90
18568,0
18569,5
18570,10
18571,33
18572,83
18573,62
18574,52
18575,84
18576,84
18577,17
18578,20
18579,18
18580,3
18581,76
18582,81
18583,28
18584,24
18585,55
18586,76
18587,62
18588,26
18589,59
18590,82
18591,48
18592,64
18593,37
18594,82
18595,51
18596,0
18597,39
18598,80
18599,20
18600,85
18601,14
18602,49
18603,47
18604,31
18605,48
18606,67
18607,44
18608,31
18609,3
18610,64
18611,96
18612,70
18613,72
18614,64
18615,79
18616,17
18617,53
18618,46
18619,5
18620,65
18621,8
18622,67
18623,22
18624,42
18625,50
18626,71
18627,24
18628,79
18629,34
18630,16
18631,17
18632,26
18633,14
18634,80
18635,68
18636,79
18637,14
18638,41
18639,33
18640,47
18641,82
18642,7
18643,9
18644,4
18645,47
18646,25
18647,85
18648,22
18649,61
18650,12
18651,8
18652,19
18653,91
18654,56
18655,100
18656,23
18657,32
18658,19
18659,59
18660,47
18661,63
18662,29
18663,72
18664,16
18665,99
18666,13
18667,18
18668,70
18669,58
18670,66
18671,96
18672,43
18673,31
18674,10
18675,1
18676,89
18677,67
18678,16
18679,80
18680,91
18681,93
18682,39
18683,86
18684,45
18685,87
18686,92
18687,3
18688,37
18689,62
18690,28
18691,18
18692,90
18693,28
18694,99
18695,34
18696,69
18697,22
18698,45
18699,43
18700,47
18701,51
18702,7
18703,54
18704,65
18705,76
18706,39
18707,84
18708,30
18709,47
18710,99
18711,60
18712,51
18713,37
18714,90
18715,35
18716,86
18717,54
18718,84
18719,12
18720,36
18721,46
18722,89
18723,70
18724,21
18725,38
18726,86
18727,57
18728,29
18729,17
18730,17
18731,73
18732,38
18733,93
18734,25
18735,70
18736,6
18737,68
18738,64
18739,45
18740,17
18741,12
18742,24
18743,7
18744,73
18745,31
18746,16
18747,78
18748,78
18749,47
18750,62
18751,39
18752,83
18753,14
18754,98
18755,5
18756,93
18757,62
18758,7
18759,94
18760,31
18761,44
18762,51
18763,78
18764,81
18765,12
18766,23
18767,39
18768,13
18769,91
18770,74
18771,69
18772,61
18773,88
18774,60
18775,0
18776,88
18777,65
18778,31
18779,12
18780,32
18781,31
18782,55
18783,23
18784,90
18785,3
18786,87
18787,22
18788,28
18789,97
18790,20
18791,29
18792,89
18793,19
18794,15
18795,66
18796,48
18797,100
18798,57
18799,43
18800,24
18801,22
18802,58
18803,0
18804,96
18805,14
18806,80
18807,97
18808,80
18809,51
18810,57
18811,40
18812,43
18813,3
18814,76
18815,67
18816,6
18817,45
18818,8
18819,86
18820,32
18821,32
18822,83
18823,3
18824,64
18825,33
18826,90
18827,84
18828,87
18829,78
18830,98
18831,63
18832,24
18833,54
18834,8
18835,16
18836,20
18837,59
18838,12
18839,2
18840,67
18841,3
18842,91
18843,6
18844,25
18845,74
18846,23
18847,9
18848,100
18849,12
18850,43
18851,38
18852,18
18853,50
18854,18
18855,75
18856,51
18857,85
18858,46
18859,100
18860,29
18861,45
18862,75
18863,92
18864,20
18865,74
18866,100
18867,47
18868,61
18869,57
18870,17
18871,58
18872,90
18873,100
18874,47
18875,62
18876,11
18877,86
18878,33
18879,60
18880,86
18881,52
18882,24
18883,61
18884,3
18885,93
18886,93
18887,12
18888,41
18889,48
18890,77
18891,55
18892,46
18893,7
18894,54
18895,87
18896,17
18897,34
18898,88
18899,80
18900,31
18901,23
18902,6
18903,12
18904,90
18905,68
18906,99
18907,89
18908,41
18909,30
18910,73
18911,25
18912,85
18913,75
18914,31
18915,90
18916,96
18917,51
18918,19
18919,39
18920,58
18921,76
18922,13
18923,43
18924,85
18925,81
18926,47
18927,92
18928,42
18929,15
18930,34
18931,52
18932,33
18933,2
18934,67
18935,4
18936,9
18937,51
18938,28
18939,95
18940,30
18941,65
18942,75
18943,90
18944,68
18945,36
18946,26
18947,86
18948,32
18949,67
18950,58
18951,63
18952,84
18953,87
18954,43
18955,94
18956,87
18957,48
18958,52
18959,73
18960,48
18961,65
18962,94
18963,62
18964,24
18965,3
18966,50
18967,10
18968,16
18969,65
18970,69
18971,72
18972,68
18973,83
18974,28
18975,84
18976,72
18977,91
18978,71
18979,94
18980,19
18981,26
18982,7
18983,84
18984,60
18985,27
18986,86
18987,69
18988,2
18989,68
18990,72
18991,6
18992,59
18993,3
18994,4
18995,10
18996,14
18997,63
18998,97
18999,12
19000,6
19001,5
19002,55
19003,63
19004,49
19005,29
19006,21
19007,24
19008,27
19009,83
19010,38
19011,66
19012,4
19013,64
19014,14
19015,89
19016,66
19017,39
19018,97
19019,68
19020,94
19021,76
19022,42
19023,0
19024,21
19025,61
19026,78
19027,25
19028,17
19029,47
19030,8
19031,0
19032,8
19033,22
19034,44
19035,1
19036,13
19037,37
19038,39
19039,62
19040,81
19041,15
19042,92
19043,74
19044,5
19045,2
19046,13
19047,65
19048,95
19049,94
19050,74
19051,85
19052,66
19053,30
19054,32
19055,87
19056,0
19057,43
19058,14
19059,36
19060,26
19061,47
19062,26
19063,11
19064,66
19065,29
19066,95
19067,86
19068,65
19069,6
19070,33
19071,31
19072,38
19073,95
19074,42
19075,42
19076,77
19077,2
19078,45
19079,31
19080,42
19081,99
19082,80
19083,2
19084,73
19085,62
19086,39
19087,17
19088,66
19089,61
19090,9
19091,51
19092,72
19093,45
19094,54
19095,45
19096,74
19097,59
19098,96
19099,99
19100,25
19101,26
19102,37
19103,21
19104,25
19105,85
19106,68
19107,34
19108,65
19109,98
19110,72
19111,50
19112,17
19113,42
19114,11
19115,2
19116,81
19117,6
19118,96
19119,5
19120,81
19121,44
19122,85
19123,38
19124,50
19125,8
19126,98
19127,22
19128,11
19129,87
19130,61
19131,72
19132,76
19133,39
19134,53
19135,80
19136,6
19137,16
19138,49
19139,23
19140,1
19141,98
19142,91
19143,82
19144,32
19145,20
19146,73
19147,52
19148,45
19149,44
19150,8
19151,5
19152,50
19153,34
19154,81
19155,52
19156,18
19157,68
19158,24
19159,10
19160,73
19161,16
19162,35
19163,89
19164,94
19165,95
19166,20
19167,17
19168,59
19169,17
19170,0
19171,13
19172,7
19173,65
19174,50
19175,78
19176,59
19177,33
19178,35
19179,61
19180,0
19181,84
19182,41
19183,0
19184,95
19185,83
19186,53
19187,46
19188,99
19189,38
19190,29
19191,6
19192,21
19193,49
19194,44
19195,73
19196,71
19197,90
19198,9
19199,13
19200,45
19201,74
19202,5
19203,20
19204,61
19205,96
19206,18
19207,87
19208,81
19209,98
19210,61
19211,100
19212,82
19213,52
19214,23
19215,55
19216,61
19217,33
19218,21
19219,67
19220,56
19221,9
19222,65
19223,7
19224,96
19225,37
19226,61
19227,27
19228,9
19229,44
19230,64
19231,97
19232,66
19233,8
19234,4
19235,9
19236,11
19237,81
19238,57
19239,20
19240,20
19241,64
19242,2
19243,68
19244,88
19245,63
19246,48
19247,71
19248,16
19249,72
19250,31
19251,69
19252,20
19253,6
19254,6
19255,26
19256,7
19257,72
19258,27
19259,78
19260,65
19261,70
19262,46
19263,81
19264,85
19265,9
19266,32
19267,6
19268,2
19269,13
19270,43
19271,45
19272,60
19273,35
19274,12
19275,15
19276,79
19277,4
19278,88
19279,37
19280,49
19281,37
19282,55
19283,62
19284,47
19285,89
19286,58
19287,76
19288,43
19289,89
19290,54
19291,54
19292,0
19293,7
19294,3
19295,84
19296,85
19297,52
19298,57
19299,36
19300,48
19301,66
19302,18
19303,0
19304,28
19305,86
19306,32
19307,51
19308,40
19309,22
19310,4
19311,70
19312,56
19313,5
19314,48
19315,21
19316,76
19317,75
19318,3
19319,71
19320,63
19321,36
19322,30
19323,36
19324,44
19325,89
19326,7
19327,39
19328,96
19329,92
19330,4
19331,27
19332,80
19333,86
19334,8
19335,1
19336,62
19337,95
19338,50
19339,30
19340,6
19341,29
19342,57
19343,2
19344,50
19345,55
19346,72
19347,9
19348,60
19349,49
19350,46
19351,89
19352,0
19353,93
19354,56
19355,37
19356,61
19357,78
19358,88
19359,69
19360,81
19361,64
19362,61
19363,55
19364,66
19365,16
19366,7
19367,59
19368,39
19369,80
19370,88
19371,61
19372,40
19373,11
19374,92
19375,88
19376,99
19377,53
19378,88
19379,92
19380,10
19381,59
19382,67
19383,77
19384,45
19385,37
19386,60
19387,16
19388,65
19389,71
19390,35
19391,73
19392,6
19393,99
19394,15
19395,13
19396,79
19397,24
19398,3
19399,28
19400,55
19401,5
19402,0
19403,38
19404,0
19405,62
19406,56
19407,66
19408,64
19409,64
19410,20
19411,29
19412,95
19413,32
19414,47
19415,21
19416,93
19417,53
19418,3
19419,86
19420,54
19421,43
19422,88
19423,11
19424,80
19425,78
19426,73
19427,98
19428,51
19429,92
19430,75
19431,64
19432,64
19433,9
19434,17
19435,46
19436,65
19437,48
19438,71
19439,21
19440,85
19441,25
19442,89
19443,8
19444,20
19445,94
19446,62
19447,5
19448,13
19449,32
19450,70
19451,23
19452,72
19453,74
19454,86
19455,50
19456,1
19457,14
19458,34
19459,35
19460,91
19461,38
19462,3
19463,63
19464,73
19465,5
19466,56
19467,29
19468,98
19469,73
19470,95
19471,66
19472,89
19473,14
19474,16
19475,90
19476,17
19477,18
19478,75
19479,87
19480,68
19481,23
19482,90
19483,47
19484,29
19485,14
19486,46
19487,43
19488,97
19489,26
19490,83
19491,63
19492,40
19493,95
19494,67
19495,4
19496,52
19497,7
19498,21
19499,6
19500,21
19501,45
19502,29
19503,100
19504,15
19505,78
19506,4
19507,66
19508,22
19509,60
19510,73
19511,4
19512,22
19513,78
19514,81
19515,24
19516,7
19517,94
19518,20
19519,1
19520,21
19521,71
19522,86
19523,95
19524,71
19525,67
19526,63
19527,93
19528,18
19529,86
19530,81
19531,52
19532,92
19533,86
19534,96
19535,51
19536,46
19537,81
19538,53
19539,43
19540,96
19541,6
19542,91
19543,0
19544,62
19545,97
19546,38
19547,18
19548,30
19549,76
19550,23
19551,68
19552,86
19553,82
19554,64
19555,32
19556,58
19557,32
19558,31
19559,58
19560,91
19561,100
19562,40
19563,11
19564,72
19565,10
19566,96
19567,18
19568,53
19569,56
19570,41
19571,97
19572,70
19573,30
19574,51
19575,1
19576,82
19577,37
19578,31
19579,9
19580,7
19581,89
19582,93
19583,74
19584,19
19585,19
19586,8
19587,71
19588,14
19589,97
19590,87
19591,96
19592,62
19593,90
19594,20
19595,4
19596,34
19597,84
19598,67
19599,47
19600,79
19601,94
19602,89
19603,61
19604,34
19605,69
19606,96
19607,20
19608,79
19609,38
19610,33
19611,14
19612,5
19613,65
19614,87
19615,55
19616,48
19617,91
19618,0
19619,64
19620,27
19621,99
19622,19
19623,47
19624,71
19625,64
19626,89
19627,50
19628,42
19629,48
19630,24
19631,73
19632,75
19633,40
19634,70
19635,63
19636,60
19637,11
19638,80
19639,68
19640,13
19641,33
19642,47
19643,60
19644,80
19645,34
19646,64
19647,58
19648,35
19649,78
19650,18
19651,41
19652,68
19653,18
19654,38
19655,68
19656,51
19657,11
19658,82
19659,46
19660,75
19661,35
19662,62
19663,75
19664,81
19665,50
19666,42
19667,33
19668,96
19669,48
19670,17
19671,60
19672,56
19673,92
19674,4
19675,88
19676,23
19677,92
19678,63
19679,58
19680,37
19681,32
19682,9
19683,36
19684,96
19685,86
19686,10
19687,23
19688,87
19689,70
19690,20
19691,19
19692,9
19693,88
19694,46
19695,99
19696,46
19697,14
19698,43
19699,61
19700,5
19701,100
19702,65
19703,75
19704,3
19705,22
19706,12
19707,80
19708,30
19709,15
19710,40
19711,89
19712,91
19713,0
19714,11
19715,100
19716,55
19717,49
19718,19
19719,65
19720,35
19721,78
19722,37
19723,21
19724,60
19725,49
19726,95
19727,58
19728,19
19729,35
19730,96
19731,14
19732,61
19733,2
19734,92
19735,90
19736,4
19737,55
19738,30
19739,85
19740,34
19741,70
19742,69
19743,25
19744,0
19745,82
19746,6
19747,35
19748,75
19749,83
19750,86
19751,24
19752,93
19753,58
19754,60
19755,28
19756,94
19757,17
19758,40
19759,18
19760,3
19761,64
19762,40
19763,14
19764,53
19765,63
19766,71
19767,14
19768,78
19769,49
19770,21
19771,17
19772,79
19773,1
19774,35
19775,19
19776,15
19777,66
19778,29
19779,54
19780,65
19781,98
19782,25
19783,56
19784,68
19785,1
19786,55
19787,83
19788,61
19789,33
19790,97
19791,55
19792,54
19793,19
19794,49
19795,24
19796,83
19797,24
19798,52
19799,13
19800,59
19801,42
19802,61
19803,75
19804,68
19805,62
19806,1
19807,53
19808,15
19809,54
19810,93
19811,42
19812,60
19813,37
19814,44
19815,50
19816,41
19817,23
19818,29
19819,36
19820,52
19821,62
19822,10
19823,77
19824,22
19825,79
19826,49
19827,84
19828,54
19829,54
19830,3
19831,96
19832,53
19833,60
19834,77
19835,82
19836,4
19837,99
19838,94
19839,17
19840,43
19841,30
19842,93
19843,20
19844,46
19845,29
19846,54
19847,67
19848,68
19849,40
19850,44
19851,73
19852,90
19853,79
19854,29
19855,76
19856,99
19857,84
19858,44
19859,44
19860,78
19861,83
19862,83
19863,44
19864,54
19865,58
19866,4
19867,31
19868,5
19869,93
19870,25
19871,36
19872,12
19873,92
19874,68
19875,24
19876,12
19877,87
19878,94
19879,19
19880,71
19881,59
19882,72
19883,20
19884,60
19885,83
19886,78
19887,25
19888,53
19889,41
19890,10
19891,36
19892,10
19893,26
19894,93
19895,82
19896,33
19897,37
19898,60
19899,86
19900,52
19901,64
19902,2
19903,66
19904,27
19905,13
19906,51
19907,29
19908,57
19909,53
19910,68
19911,14
19912,37
19913,77
19914,13
19915,56
19916,58
19917,7
19918,71
19919,18
19920,31
19921,94
19922,28
19923,40
19924,74
19925,44
19926,12
19927,26
19928,18
19929,25
19930,52
19931,50
19932,36
19933,8
19934,91
19935,95
19936,51
19937,53
19938,2
19939,95
19940,68
19941,7
19942,13
19943,2
19944,23
19945,12
19946,42
19947,28
19948,71
19949,50
19950,41
19951,30
19952,62
19953,25
19954,17
19955,81
19956,56
19957,6
19958,47
19959,79
19960,59
19961,32
19962,2
19963,3
19964,99
19965,3
19966,41
19967,8
19968,50
19969,16
19970,16
19971,96
19972,19
19973,13
19974,21
19975,51
19976,26
19977,42
19978,2
19979,87
19980,93
19981,7
19982,85
19983,88
19984,9
19985,28
19986,39
19987,64
19988,20
19989,23
19990,72
19991,59
19992,25
19993,8
19994,19
19995,55
19996,98
19997,35
19998,35
19999,72
20000,21
20001,0
20002,68
20003,72
20004,36
20005,82
20006,71
20007,95
20008,12
20009,83
20010,99
20011,42
20012,36
20013,93
20014,73
20015,94
20016,24
20017,92
20018,87
20019,20
20020,40
20021,72
20022,41
20023,41
20024,1
20025,67
20026,7
20027,95
20028,60
20029,13
20030,76
20031,20
20032,23
20033,49
20034,81
20035,44
20036,63
20037,63
20038,25
20039,31
20040,56
20041,52
20042,32
20043,51
20044,94
20045,17
20046,34
20047,11
20048,50
20049,88
20050,94
20051,9
20052,51
20053,33
20054,66
20055,38
20056,7
20057,95
20058,28
20059,21
20060,83
20061,69
20062,60
20063,42
20064,48
20065,28
20066,80
20067,30
20068,52
20069,33
20070,37
20071,56
20072,100
20073,3
20074,1
20075,11
20076,34
20077,69
20078,71
20079,20
20080,60
20081,34
20082,47
20083,14
20084,70
20085,14
20086,5
20087,80
20088,67
20089,21
20090,31
20091,21
20092,26
20093,14
20094,43
20095,85
20096,91
20097,8
20098,33
20099,99
20100,72
20101,14
20102,61
20103,44
20104,83
20105,71
20106,57
20107,91
20108,18
20109,15
20110,74
20111,7
20112,32
20113,73
20114,17
20115,34
20116,42
20117,49
20118,2
20119,90
20120,58
20121,27
20122,45
20123,63
20124,69
20125,46
20126,13
20127,6
20128,73
20129,78
20130,30
20131,92
20132,80
20133,50
20134,28
20135,14
20136,89
20137,75
20138,24
20139,60
20140,40
20141,68
20142,3
20143,56
20144,30
20145,2
20146,66
20147,89
20148,49
20149,16
20150,59
20151,73
20152,65
20153,87
20154,74
20155,23
20156,98
20157,86
20158,31
20159,86
20160,97
20161,18
20162,65
20163,59
20164,65
20165,14
20166,84
20167,34
20168,68
20169,26
20170,87
20171,6
20172,5
20173,32
20174,57
20175,48
20176,16
20177,41
20178,93
20179,71
20180,39
20181,45
20182,70
20183,69
20184,67
20185,0
20186,78
20187,94
20188,88
20189,96
20190,51
20191,34
20192,68
20193,4
20194,99
20195,16
20196,52
20197,51
20198,13
20199,28
20200,7
20201,97
20202,0
20203,28
20204,35
20205,50
20206,36
20207,92
20208,68
20209,52
20210,95
20211,51
20212,87
20213,82
20214,11
20215,51
20216,0
20217,6
20218,16
20219,97
20220,42
20221,70
20222,16
20223,58
20224,2
20225,28
20226,21
20227,37
20228,53
20229,92
20230,49
20231,68
20232,29
20233,22
20234,84
20235,89
20236,46
20237,20
20238,19
20239,22
20240,67
20241,20
20242,20
20243,0
20244,14
20245,16
20246,50
20247,62
20248,13
20249,58
20250,82
20251,49
20252,33
20253,5
20254,48
20255,5
20256,68
20257,6
20258,96
20259,76
20260,50
20261,0
20262,12
20263,42
20264,26
20265,70
20266,2
20267,57
20268,88
20269,96
20270,16
20271,44
20272,77
20273,100
20274,57
20275,55
20276,53
20277,86
20278,87
20279,28
20280,53
20281,26
20282,44
20283,86
20284,30
20285,35
20286,80
20287,60
20288,36
20289,66
20290,35
20291,4
20292,45
20293,78
20294,51
20295,48
20296,5
20297,9
20298,95
20299,22
20300,16
20301,83
20302,43
20303,40
20304,14
20305,43
20306,57
20307,85
20308,49
20309,51
20310,69
20311,67
20312,62
20313,57
20314,22
20315,43
20316,82
20317,94
20318,43
20319,51
20320,66
20321,27
20322,66
20323,77
20324,17
20325,26
20326,50
20327,59
20328,73
20329,48
20330,14
20331,82
20332,72
20333,67
20334,14
20335,50
20336,47
20337,71
20338,0
20339,6
20340,52
20341,30
20342,17
20343,11
20344,47
20345,29
20346,96
20347,6
20348,91
20349,2
20350,62
20351,5
20352,94
20353,14
20354,70
20355,42
20356,93
20357,90
20358,80
20359,17
20360,21
20361,60
20362,60
20363,52
20364,25
20365,90
20366,39
20367,87
20368,7
20369,20
20370,92
20371,42
20372,20
20373,2
20374,30
20375,26
20376,26
20377,72
20378,56
20379,96
20380,32
20381,89
20382,91
20383,43
20384,42
20385,30
20386,64
20387,83
20388,75
20389,16
20390,14
20391,33
20392,79
20393,3
20394,71
20395,97
20396,88
20397,78
20398,27
20399,72
20400,1
20401,16
20402,57
20403,73
20404,8
20405,30
20406,65
20407,87
20408,61
20409,18
20410,80
20411,73
20412,54
20413,27
20414,91
20415,49
20416,64
20417,2
20418,78
20419,51
20420,9
20421,20
20422,36
20423,14
20424,86
20425,77
20426,78
20427,73
20428,8
20429,43
20430,38
20431,4
20432,24
20433,55
20434,89
20435,63
20436,71
20437,85
20438,51
20439,88
20440,75
20441,8
20442,9
20443,9
20444,72
20445,61
20446,89
20447,98
20448,90
20449,59
20450,94
20451,18
20452,37
20453,5
20454,14
20455,92
20456,46
20457,44
20458,4
20459,77
20460,52
20461,65
20462,61
20463,22
20464,43
20465,51
20466,45
20467,18
20468,87
20469,83
20470,46
20471,90
20472,51
20473,23
20474,16
20475,88
20476,45
20477,63
20478,94
20479,27
20480,49
20481,63
20482,27
20483,85
20484,55
20485,58
20486,4
20487,53
20488,43
20489,41
20490,71
20491,91
20492,56
20493,46
20494,75
20495,24
20496,43
20497,14
20498,50
20499,52
20500,33
20501,76
20502,7
20503,76
20504,99
20505,69
20506,95
20507,20
20508,6
20509,89
20510,78
20511,55
20512,48
20513,41
20514,22
20515,51
20516,78
20517,52
20518,15
20519,95
20520,36
20521,17
20522,19
20523,45
20524,1
20525,86
20526,93
20527,62
20528,2
20529,45
20530,48
20531,0
20532,21
20533,92
20534,13
20535,91
20536,84
20537,44
20538,95
20539,5
20540,64
20541,20
20542,3
20543,2
20544,29
20545,30
20546,33
20547,82
20548,19
20549,86
20550,53
20551,24
20552,14
20553,37
20554,22
20555,51
20556,65
20557,56
20558,56
20559,78
20560,51
20561,34
20562,73
20563,13
20564,90
20565,13
20566,98
20567,32
20568,51
20569,0
20570,33
20571,18
20572,23
20573,3
20574,35
20575,76
20576,57
20577,31
20578,8
20579,79
20580,66
20581,19
20582,73
20583,61
20584,57
20585,21
20586,66
20587,74
20588,88
20589,47
20590,7
20591,72
20592,14
20593,31
20594,52
20595,66
20596,3
20597,29
20598,12
20599,20
20600,40
20601,18
20602,47
20603,85
20604,62
20605,19
20606,63
20607,36
20608,30
20609,73
20610,17
20611,19
20612,81
20613,10
20614,85
20615,43
20616,81
20617,63
20618,33
20619,86
20620,64
20621,54
20622,73
20623,0
20624,37
20625,8
20626,94
20627,70
20628,16
20629,98
20630,100
20631,51
20632,17
20633,62
20634,32
20635,3
20636,86
20637,74
20638,51
20639,8
20640,63
20641,29
20642,7
20643,4
20644,75
20645,62
20646,0
20647,14
20648,88
20649,81
20650,37
20651,41
20652,45
20653,52
20654,25
20655,60
20656,66
20657,53
20658,21
20659,25
20660,82
20661,59
20662,38
20663,35
20664,20
20665,40
20666,47
20667,25
20668,62
20669,76
20670,35
20671,23
20672,89
20673,20
20674,17
20675,14
20676,78
20677,5
20678,42
20679,30
20680,27
20681,7
20682,28
20683,20
20684,80
20685,87
20686,57
20687,59
20688,49
20689,99
20690,30
20691,46
20692,33
20693,1
20694,66
20695,93
20696,71
20697,51
20698,6
20699,75
20700,18
20701,89
20702,91
20703,14
20704,77
20705,47
20706,13
20707,2
20708,49
20709,92
20710,53
20711,5
20712,48
20713,22
20714,91
20715,77
20716,77
20717,19
20718,76
20719,90
20720,59
20721,98
20722,44
20723,60
20724,55
20725,1
20726,44
20727,39
20728,23
20729,28
20730,66
20731,67
20732,65
20733,83
20734,53
20735,52
20736,78
20737,48
20738,31
20739,60
20740,41
20741,0
20742,62
20743,34
20744,50
20745,70
20746,44
20747,76
20748,64
20749,13
20750,92
20751,2
20752,23
20753,64
20754,47
20755,9
20756,12
20757,99
20758,72
20759,13
20760,99
20761,9
20762,39
20763,22
20764,98
20765,54
20766,62
20767,70
20768,41
20769,98
20770,65
20771,78
20772,72
20773,46
20774,80
20775,51
20776,17
20777,78
20778,17
20779,23
20780,22
20781,11
20782,22
20783,20
20784,63
20785,89
20786,71
20787,93
20788,33
20789,1
20790,68
20791,30
20792,96
20793,67
20794,69
20795,86
20796,18
20797,71
20798,12
20799,64
20800,5
20801,70
20802,26
20803,78
20804,51
20805,97
20806,86
20807,47
20808,87
20809,78
20810,98
20811,67
20812,43
20813,100
20814,16
20815,94
20816,37
20817,9
20818,53
20819,90
20820,5
20821,5
20822,51
20823,14
20824,67
20825,56
20826,55
20827,6
20828,50
20829,57
20830,63
20831,25
20832,57
20833,30
20834,65
20835,91
20836,12
20837,17
20838,93
20839,74
20840,12
20841,23
20842,56
20843,28
20844,55
20845,53
20846,4
20847,34
20848,18
20849,54
20850,76
20851,68
20852,43
20853,77
20854,37
20855,61
20856,21
20857,72
20858,39
20859,25
20860,4
20861,92
20862,53
20863,85
20864,48
20865,2
20866,91
20867,37
20868,13
20869,46
20870,13
20871,74
20872,72
20873,37
20874,63
20875,43
20876,69
20877,64
20878,24
20879,15
20880,14
20881,97
20882,80
20883,2
20884,66
20885,36
20886,80
20887,54
20888,37
20889,62
20890,0
20891,70
20892,89
20893,18
20894,51
20895,29
20896,54
20897,13
20898,12
20899,83
20900,89
20901,26
20902,88
20903,8
20904,40
20905,47
20906,11
20907,9
20908,5
20909,33
20910,51
20911,40
20912,82
20913,5
20914,1
20915,14
20916,16
20917,15
20918,27
20919,84
20920,71
20921,9
20922,9
20923,9
20924,72
20925,27
20926,23
20927,18
20928,96
20929,67
20930,55
20931,66
20932,41
20933,11
20934,17
20935,22
20936,83
20937,5
20938,52
20939,97
20940,41
20941,65
20942,29
20943,8
20944,90
20945,41
20946,33
20947,39
20948,87
20949,16
20950,28
20951,99
20952,49
20953,75
20954,94
20955,48
20956,72
20957,60
20958,82
20959,45
20960,45
20961,16
20962,65
20963,4
20964,53
20965,15
20966,80
20967,90
20968,6
20969,7
20970,71
20971,86
20972,95
20973,81
20974,37
20975,53
20976,75
20977,14
20978,91
20979,49
20980,55
20981,94
20982,8
20983,7
20984,18
20985,50
20986,71
20987,97
20988,56
20989,67
20990,30
20991,2
20992,98
20993,82
20994,42
20995,28
20996,9
20997,11
20998,45
20999,29
21000,93
21001,81
21002,87
21003,31
21004,72
21005,46
21006,87
21007,62
21008,25
21009,2
21010,22
21011,74
21012,73
21013,49
21014,35
21015,12
21016,28
21017,37
21018,76
21019,89
21020,83
21021,4
21022,19
21023,77
21024,13
21025,7
21026,47
21027,12
21028,23
21029,78
21030,64
21031,85
21032,33
21033,50
21034,2
21035,89
21036,77
21037,57
21038,71
21039,54
21040,79
21041,41
21042,20
21043,9
21044,56
21045,24
21046,55
21047,37
21048,85
21049,60
21050,46
21051,53
21052,45
21053,67
21054,3
21055,93
21056,65
21057,92
21058,42
21059,61
21060,99
21061,84
21062,84
21063,84
21064,3
21065,64
21066,61
21067,89
21068,1
21069,8
21070,56
21071,44
21072,17
21073,47
21074,41
21075,40
21076,74
21077,88
21078,89
21079,57
21080,99
21081,41
21082,34
21083,37
21084,66
21085,40
21086,98
21087,49
21088,85
21089,71
21090,78
21091,44
21092,70
21093,18
21094,16
21095,64
21096,92
21097,76
21098,55
21099,92
21100,40
21101,41
21102,5
21103,68
21104,97
21105,74
21106,72
21107,39
21108,40
21109,8
21110,7
21111,43
21112,57
21113,66
21114,12
21115,18
21116,97
21117,95
21118,48
21119,79
21120,99
21121,81
21122,77
21123,29
21124,65
21125,76
21126,90
21127,58
21128,52
21129,51
21130,80
21131,30
21132,14
21133,19
21134,4
21135,6
21136,17
21137,55
21138,74
21139,95
21140,90
21141,89
21142,100
21143,44
21144,27
21145,49
21146,1
21147,83
21148,67
21149,76
21150,23
21151,47
21152,44
21153,92
21154,57
21155,35
21156,1
21157,17
21158,48
21159,7
21160,57
21161,14
21162,16
21163,22
21164,65
21165,69
21166,92
21167,26
21168,36
21169,48
21170,63
21171,33
21172,17
21173,63
21174,73
21175,43
21176,16
21177,58
21178,12
21179,51
21180,59
21181,41
21182,90
21183,63
21184,65
21185,33
21186,94
21187,86
21188,70
21189,63
21190,32
21191,11
21192,75
21193,18
21194,8
21195,73
21196,16
21197,49
21198,38
21199,40
21200,9
21201,11
21202,78
21203,94
21204,14
21205,27
21206,3
21207,35
21208,64
21209,97
21210,46
21211,80
21212,38
21213,37
21214,43
21215,50
21216,96
21217,84
21218,25
21219,35
21220,68
21221,96
21222,0
21223,52
21224,5
21225,36
21226,1
21227,68
21228,89
21229,40
21230,50
21231,46
21232,12
21233,75
21234,68
21235,65
21236,58
21237,67
21238,58
21239,90
21240,9
21241,12
21242,1
21243,89
21244,14
21245,45
21246,56
21247,9
21248,21
21249,88
21250,78
21251,76
21252,7
21253,20
21254,84
21255,21
21256,96
21257,44
21258,90
21259,39
21260,21
21261,29
21262,61
21263,72
21264,44
21265,34
21266,81
21267,41
21268,4
21269,26
21270,69
21271,61
21272,31
21273,7
21274,84
21275,17
21276,77
21277,14
21278,25
21279,52
21280,43
21281,31
21282,27
21283,38
21284,31
21285,76
21286,78
21287,17
21288,69
21289,10
21290,31
21291,19
21292,96
21293,39
21294,7
21295,34
21296,68
21297,98
21298,77
21299,20
21300,23
21301,16
21302,17
21303,97
21304,11
21305,15
21306,3
21307,88
21308,33
21309,91
21310,45
21311,74
21312,76
21313,30
21314,24
21315,73
21316,23
21317,64
21318,24
21319,27
21320,35
21321,81
21322,5
21323,65
21324,66
21325,71
21326,94
21327,47
21328,82
21329,69
21330,77
21331,66
21332,47
21333,64
21334,43
21335,93
21336,62
21337,45
21338,18
21339,63
21340,82
21341,72
21342,70
21343,100
21344,49
21345,62
21346,40
21347,6
21348,8
21349,3
21350,88
21351,48
21352,75
21353,5
21354,81
21355,20
21356,14
21357,66
21358,65
21359,55
21360,67
21361,31
21362,65
21363,28
21364,65
21365,33
21366,26
21367,59
21368,38
21369,43
21370,81
21371,35
21372,18
21373,90
21374,44
21375,83
21376,20
21377,22
21378,93
21379,88
21380,94
21381,26
21382,97
21383,71
21384,18
21385,40
21386,25
21387,27
21388,63
21389,67
21390,94
21391,79
21392,50
21393,73
21394,47
21395,9
21396,72
21397,38
21398,99
21399,99
21400,18
21401,63
21402,18
21403,75
21404,61
21405,12
21406,24
21407,99
21408,88
21409,91
21410,41
21411,38
21412,29
21413,4
21414,80
21415,17
21416,20
21417,85
21418,49
21419,5
21420,49
21421,79
21422,65
21423,0
21424,56
21425,29
21426,57
21427,51
21428,36
21429,47
21430,86
21431,0
21432,18
21433,45
21434,66
21435,1
21436,55
21437,100
21438,16
21439,91
21440,81
21441,96
21442,78
21443,21
21444,26
21445,54
21446,100
21447,31
21448,59
21449,82
21450,27
21451,27
21452,73
21453,83
21454,24
21455,84
21456,77
21457,85
21458,25
21459,74
21460,70
21461,16
21462,81
21463,6
21464,55
21465,63
21466,19
21467,37
21468,74
21469,57
21470,15
21471,50
21472,26
21473,50
21474,74
21475,15
21476,86
21477,59
21478,75
21479,39
21480,66
21481,1
21482,47
21483,51
21484,23
21485,92
21486,97
21487,83
21488,81
21489,77
21490,81
21491,1
21492,64
21493,19
21494,33
21495,40
21496,40
21497,74
21498,90
21499,22
21500,37
21501,43
21502,66
21503,61
21504,11
21505,29
21506,94
21507,86
21508,64
21509,40
21510,19
21511,5
21512,74
21513,98
21514,3
21515,92
21516,9
21517,50
21518,92
21519,37
21520,0
21521,7
21522,80
21523,82
21524,62
21525,32
21526,14
21527,30
21528,20
21529,2
21530,65
21531,34
21532,40
21533,58
21534,15
21535,55
21536,44
21537,58
21538,49
21539,84
21540,11
21541,91
21542,11
21543,32
21544,83
21545,48
21546,20
21547,59
21548,51
21549,53
21550,38
21551,48
21552,63
21553,99
21554,85
21555,25
21556,70
21557,6
21558,71
21559,61
21560,89
21561,87
21562,23
21563,39
21564,75
21565,46
21566,7
21567,53
21568,8
21569,2
21570,53
21571,20
21572,94
21573,47
21574,46
21575,87
21576,67
21577,83
21578,62
21579,15
21580,73
21581,89
21582,92
21583,4
21584,10
21585,28
21586,78
21587,69
21588,47
21589,14
21590,83
21591,33
21592,59
21593,61
21594,1
21595,79
21596,18
21597,97
21598,48
21599,77
21600,87
21601,27
21602,47
21603,95
21604,36
21605,73
21606,48
21607,47
21608,72
21609,87
21610,99
21611,28
21612,59
21613,28
21614,57
21615,47
21616,22
21617,26
21618,94
21619,6
21620,48
21621,53
21622,67
21623,77
21624,41
21625,73
21626,58
21627,43
21628,97
21629,25
21630,22
21631,72
21632,100
21633,7
21634,52
21635,13
21636,70
21637,6
21638,8
21639,2
21640,77
21641,16
21642,43
21643,85
21644,45
21645,89
21646,57
21647,27
21648,13
21649,8
21650,25
21651,1
21652,74
21653,80
21654,33
21655,18
21656,38
21657,81
21658,12
21659,4
21660,49
21661,22
21662,87
21663,28
21664,71
21665,25
21666,78
21667,56
21668,0
21669,27
21670,61
21671,46
21672,77
21673,97
21674,58
21675,30
21676,69
21677,48
21678,4
21679,30
21680,36
21681,78
21682,14
21683,51
21684,68
21685,91
21686,96
21687,10
21688,42
21689,69
21690,22
21691,39
21692,62
21693,1
21694,78
21695,86
21696,85
21697,72
21698,46
21699,29
21700,15
21701,58
21702,46
21703,29
21704,8
21705,64
21706,58
21707,63
21708,7
21709,51
21710,17
21711,90
21712,81
21713,95
21714,57
21715,48
21716,31
21717,47
21718,44
21719,53
21720,99
21721,99
21722,84
21723,45
21724,95
21725,30
21726,36
21727,15
21728,45
21729,45
21730,77
21731,87
21732,88
21733,60
21734,45
21735,50
21736,61
21737,34
21738,80
21739,41
21740,44
21741,67
21742,74
21743,46
21744,78
21745,29
21746,23
21747,65
21748,42
21749,33
21750,22
21751,60
21752,94
21753,36
21754,12
21755,96
21756,70
21757,95
21758,6
21759,41
21760,37
21761,51
21762,43
21763,63
21764,12
21765,87
21766,27
21767,95
21768,81
21769,97
21770,97
21771,0
21772,42
21773,41
21774,94
21775,49
21776,59
21777,0
21778,50
21779,15
21780,38
21781,14
21782,32
21783,86
21784,52
21785,97
21786,16
21787,88
21788,5
21789,30
21790,68
21791,39
21792,29
21793,68
21794,75
21795,6
21796,12
21797,3
21798,49
21799,2
21800,11
21801,64
21802,26
21803,49
21804,76
21805,16
21806,71
21807,31
21808,83
21809,50
21810,16
21811,33
21812,34
21813,98
21814,23
21815,53
21816,17
21817,49
21818,45
21819,47
21820,32
21821,86
21822,88
21823,100
21824,26
21825,0
21826,84
21827,58
21828,9
21829,94
21830,24
21831,83
21832,56
21833,65
21834,14
21835,27
21836,12
21837,13
21838,65
21839,33
21840,98
21841,100
21842,24
21843,53
21844,78
21845,11
21846,8
21847,30
21848,77
21849,92
21850,52
21851,42
21852,37
21853,41
21854,71
21855,47
21856,66
21857,65
21858,15
21859,82
21860,93
21861,15
21862,30
21863,57
21864,27
21865,3
21866,9
21867,50
21868,17
21869,46
21870,31
21871,29
21872,35
21873,8
21874,35
21875,28
21876,15
21877,91
21878,20
21879,63
21880,65
21881,58
21882,98
21883,27
21884,54
21885,99
21886,30
21887,32
21888,86
21889,59
21890,40
21891,80
21892,45
21893,48
21894,64
21895,41
21896,22
21897,26
21898,88
21899,31
21900,82
21901,87
21902,2
21903,59
21904,75
21905,98
21906,78
21907,16
21908,31
21909,6
21910,82
21911,70
21912,68
21913,57
21914,39
21915,84
21916,47
21917,50
21918,56
21919,70
21920,36
21921,86
21922,74
21923,73
21924,84
21925,54
21926,40
21927,96
21928,19
21929,32
21930,39
21931,98
21932,33
21933,61
21934,99
21935,90
21936,18
21937,42
21938,68
21939,62
21940,92
21941,9
21942,12
21943,92
21944,4
21945,57
21946,58
21947,75
21948,58
21949,76
21950,85
21951,14
21952,76
21953,0
21954,37
21955,52
21956,51
21957,0
21958,10
21959,57
21960,39
21961,85
21962,98
21963,59
21964,43
21965,5
21966,27
21967,30
21968,7
21969,4
21970,53
21971,16
21972,37
21973,8
21974,73
21975,83
21976,77
21977,13
21978,25
21979,92
21980,61
21981,90
21982,24
21983,79
21984,35
21985,97
21986,79
21987,32
21988,2
21989,86
21990,10
21991,57
21992,63
21993,17
21994,46
21995,43
21996,92
21997,58
21998,49
21999,68
22000,87
22001,28
22002,92
22003,89
22004,66
22005,1
22006,24
22007,18
22008,39
22009,1
22010,82
22011,64
22012,61
22013,90
22014,53
22015,44
22016,48
22017,98
22018,68
22019,37
22020,3
22021,16
22022,52
22023,84
22024,52
22025,30
22026,21
22027,10
22028,33
22029,14
22030,9
22031,95
22032,52
22033,47
22034,30
22035,36
22036,27
22037,30
22038,69
22039,13
22040,86
22041,15
22042,24
22043,38
22044,65
22045,37
22046,40
22047,97
22048,39
22049,63
22050,88
22051,99
22052,15
22053,81
22054,76
22055,58
22056,100
22057,90
22058,97
22059,10
22060,0
22061,12
22062,29
22063,68
22064,17
22065,77
22066,12
22067,31
22068,70
22069,71
22070,49
22071,70
22072,79
22073,30
22074,50
22075,26
22076,59
22077,32
22078,52
22079,92
22080,71
22081,32
22082,40
22083,18
22084,84
22085,40
22086,84
22087,88
22088,41
22089,22
22090,74
22091,32
22092,19
22093,24
22094,89
22095,51
22096,11
22097,31
22098,32
22099,73
22100,67
22101,14
22102,50
22103,5
22104,90
22105,68
22106,68
22107,81
22108,91
22109,34
22110,85
22111,33
22112,62
22113,67
22114,17
22115,25
22116,85
22117,96
22118,60
22119,77
22120,94
22121,73
22122,87
22123,84
22124,47
22125,71
22126,95
22127,30
22128,33
22129,86
22130,88
22131,6
22132,82
22133,6
22134,46
22135,7
22136,77
22137,0
22138,76
22139,2
22140,52
22141,91
22142,37
22143,50
22144,14
22145,99
22146,66
22147,63
22148,67
22149,4
22150,89
22151,88
22152,9
22153,7
22154,11
22155,63
22156,58
22157,66
22158,90
22159,49
22160,22
22161,39
22162,96
22163,77
22164,86
22165,94
22166,76
22167,75
22168,98
22169,17
22170,20
22171,0
22172,37
22173,40
22174,41
22175,8
22176,22
22177,77
22178,10
22179,70
22180,30
22181,87
22182,25
22183,29
22184,33
22185,45
22186,68
22187,4
22188,60
22189,82
22190,37
22191,27
22192,25
22193,60
22194,22
22195,45
22196,29
22197,66
22198,91
22199,32
22200,2
22201,68
22202,82
22203,41
22204,61
22205,57
22206,56
22207,0
22208,72
22209,59
22210,68
22211,58
22212,45
22213,33
22214,100
22215,96
22216,24
22217,41
22218,28
22219,24
22220,53
22221,72
22222,66
22223,14
22224,3
22225,37
22226,19
22227,22
22228,36
22229,61
22230,7
22231,36
22232,44
22233,96
22234,32
22235,6
22236,21
22237,4
22238,14
22239,20
22240,88
22241,16
22242,55
22243,49
22244,6
22245,49
22246,59
22247,82
22248,6
22249,39
22250,44
22251,58
22252,87
22253,74
22254,54
22255,63
22256,64
22257,53
22258,95
22259,39
22260,52
22261,43
22262,62
22263,1
22264,78
22265,20
22266,87
22267,49
22268,80
22269,51
22270,8
22271,98
22272,19
22273,82
22274,17
22275,83
22276,29
22277,64
22278,23
22279,87
22280,46
22281,82
22282,93
22283,89
22284,43
22285,28
22286,76
22287,67
22288,16
22289,96
22290,4
22291,91
22292,87
22293,80
22294,49
22295,39
22296,45
22297,50
22298,10
22299,11
22300,12
22301,63
22302,7
22303,64
22304,8
22305,91
22306,1
22307,77
22308,12
22309,1
22310,67
22311,75
22312,47
22313,73
22314,2
22315,67
22316,5
22317,86
22318,4
22319,2
22320,9
22321,42
22322,18
22323,13
22324,20
22325,42
22326,27
22327,20
22328,35
22329,23
22330,53
22331,37
22332,16
22333,21
22334,82
22335,44
22336,73
22337,60
22338,10
22339,60
22340,37
22341,65
22342,32
22343,42
22344,30
22345,34
22346,36
22347,46
22348,99
22349,22
22350,35
22351,39
22352,89
22353,88
22354,80
22355,14
22356,36
22357,3
22358,21
22359,80
22360,21
22361,80
22362,77
22363,77
22364,16
22365,71
22366,97
22367,89
22368,93
22369,85
22370,79
22371,93
22372,79
22373,37
22374,23
22375,99
22376,98
22377,5
22378,67
22379,81
22380,5
22381,25
22382,100
22383,90
22384,40
22385,74
22386,37
22387,79
22388,82
22389,42
22390,52
22391,14
22392,89
22393,55
22394,55
22395,30
22396,82
22397,56
22398,50
22399,23
22400,57
22401,72
22402,86
22403,3
22404,9
22405,62
22406,72
22407,82
22408,14
22409,97
22410,62
22411,18
22412,62
22413,55
22414,20
22415,33
22416,16
22417,17
22418,80
22419,65
22420,50
22421,64
22422,42
22423,56
22424,9
22425,36
22426,47
22427,68
22428,55
22429,75
22430,35
22431,30
22432,54
22433,37
22434,72
22435,89
22436,14
22437,15
22438,76
22439,88
22440,93
22441,52
22442,55
22443,6
22444,56
22445,54
22446,51
22447,3
22448,42
22449,39
22450,29
22451,9
22452,93
22453,6
22454,35
22455,34
22456,87
22457,38
22458,35
22459,19
22460,48
22461,95
22462,58
22463,48
22464,89
22465,25
22466,35
22467,42
22468,98
22469,42
22470,98
22471,75
22472,32
22473,99
22474,77
22475,96
22476,44
22477,44
22478,87
22479,14
22480,94
22481,16
22482,11
22483,21
22484,22
22485,89
22486,77
22487,11
22488,67
22489,50
22490,12
22491,56
22492,54
22493,81
22494,27
22495,43
22496,18
22497,45
22498,2
22499,82
22500,19
22501,24
22502,74
22503,55
22504,80
22505,60
22506,54
22507,34
22508,77
22509,58
22510,38
22511,56
22512,82
22513,66
22514,33
22515,40
22516,21
22517,26
22518,20
22519,40
22520,30
22521,26
22522,36
22523,65
22524,53
22525,8
22526,82
22527,41
22528,35
22529,9
22530,58
22531,39
22532,53
22533,38
22534,6
22535,3
22536,14
22537,75
22538,47
22539,5
22540,72
22541,34
22542,71
22543,70
22544,67
22545,57
22546,76
22547,18
22548,61
22549,70
22550,9
22551,24
22552,43
22553,98
22554,57
22555,24
22556,92
22557,75
22558,39
22559,75
22560,69
22561,9
22562,65
22563,24
22564,70
22565,86
22566,10
22567,35
22568,48
22569,47
22570,86
22571,6
22572,90
22573,76
22574,50
22575,16
22576,31
22577,25
22578,21
22579,12
22580,11
22581,70
22582,0
22583,32
22584,13
22585,63
22586,42
22587,57
22588,40
22589,80
22590,67
22591,38
22592,0
22593,40
22594,44
22595,87
22596,97
22597,97
22598,87
22599,78
22600,80
22601,12
22602,70
22603,8
22604,62
22605,98
22606,22
22607,53
22608,46
22609,38
22610,86
22611,25
22612,0
22613,13
22614,95
22615,73
22616,64
22617,68
22618,66
22619,48
22620,49
22621,57
22622,52
22623,90
22624,56
22625,85
22626,17
22627,15
22628,1
22629,12
22630,44
22631,79
22632,71
22633,42
22634,71
22635,53
22636,73
22637,96
22638,30
22639,75
22640,8
22641,100
22642,72
22643,47
22644,17
22645,93
22646,95
22647,86
22648,10
22649,61
22650,83
22651,18
22652,99
22653,89
22654,73
22655,23
22656,12
22657,45
22658,52
22659,97
22660,28
22661,35
22662,70
22663,93
22664,16
22665,47
22666,76
22667,23
22668,53
22669,94
22670,90
22671,84
22672,0
22673,78
22674,66
22675,5
22676,77
22677,54
22678,37
22679,32
22680,7
22681,89
22682,78
22683,77
22684,19
22685,54
22686,47
22687,82
22688,55
22689,96
22690,99
22691,87
22692,9
22693,51
22694,49
22695,33
22696,35
22697,60
22698,99
22699,15
22700,78
22701,17
22702,70
22703,46
22704,85
22705,31
22706,42
22707,82
22708,39
22709,64
22710,34
22711,68
22712,49
22713,11
22714,75
22715,84
22716,57
22717,82
22718,62
22719,72
22720,48
22721,35
22722,53
22723,46
22724,31
22725,98
22726,94
22727,52
22728,31
22729,61
22730,36
22731,95
22732,100
22733,37
22734,29
22735,57
22736,31
22737,65
22738,50
22739,10
22740,58
22741,19
22742,36
22743,72
22744,48
22745,18
22746,54
22747,39
22748,6
22749,4
22750,41
22751,87
22752,47
22753,6
22754,10
22755,72
22756,48
22757,29
22758,40
22759,2
22760,85
22761,39
22762,50
22763,83
22764,31
22765,47
22766,70
22767,70
22768,19
22769,88
22770,34
22771,23
22772,39
22773,76
22774,51
22775,38
22776,67
22777,60
22778,75
22779,80
22780,64
22781,61
22782,80
22783,1
22784,5
22785,74
22786,42
22787,81
22788,39
22789,88
22790,38
22791,27
22792,79
22793,62
22794,63
22795,11
22796,40
22797,28
22798,22
22799,84
22800,79
22801,50
22802,44
22803,89
22804,100
22805,21
22806,9
22807,6
22808,72
22809,88
22810,14
22811,76
22812,45
22813,89
22814,84
22815,86
22816,60
22817,91
22818,60
22819,50
22820,37
22821,11
22822,87
22823,76
22824,65
22825,53
22826,38
22827,75
22828,38
22829,77
22830,29
22831,47
22832,82
22833,30
22834,24
22835,67
22836,50
22837,12
22838,99
22839,62
22840,41
22841,53
22842,100
22843,66
22844,79
22845,89
22846,55
22847,18
22848,45
22849,14
22850,31
22851,48
22852,20
22853,64
22854,69
22855,26
22856,22
22857,46
22858,94
22859,11
22860,84
22861,65
22862,4
22863,8
22864,19
22865,81
22866,62
22867,85
22868,71
22869,97
22870,72
22871,70
22872,29
22873,81
22874,90
22875,15
22876,84
22877,4
22878,28
22879,46
22880,100
22881,21
22882,77
22883,56
22884,82
22885,34
22886,87
22887,59
22888,69
22889,59
22890,57
22891,2
22892,33
22893,44
22894,49
22895,1
22896,14
22897,36
22898,14
22899,59
22900,95
22901,84
22902,63
22903,80
22904,97
22905,95
22906,51
22907,22
22908,98
22909,36
22910,40
22911,100
22912,56
22913,96
22914,24
22915,36
22916,39
22917,84
22918,45
22919,59
22920,97
22921,18
22922,90
22923,8
22924,68
22925,4
22926,88
22927,25
22928,18
22929,29
22930,99
22931,47
22932,15
22933,70
22934,17
22935,55
22936,20
22937,30
22938,0
22939,2
22940,94
22941,24
22942,7
22943,64
22944,61
22945,6
22946,6
22947,7
22948,18
22949,16
22950,10
22951,48
22952,10
22953,40
22954,61
22955,51
22956,65
22957,67
22958,91
22959,96
22960,74
22961,66
22962,39
22963,4
22964,84
22965,21
22966,36
22967,10
22968,43
22969,85
22970,52
22971,76
22972,60
22973,66
22974,12
22975,91
22976,10
22977,10
22978,84
22979,84
22980,6
22981,16
22982,47
22983,13
22984,62
22985,63
22986,96
22987,74
22988,76
22989,64
22990,33
22991,8
22992,76
22993,36
22994,29
22995,40
22996,44
22997,100
22998,46
22999,6
23000,13
23001,47
23002,5
23003,33
23004,79
23005,100
23006,99
23007,45
23008,58
23009,69
23010,7
23011,23
23012,66
23013,3
23014,95
23015,0
23016,33
23017,8
23018,62
23019,75
23020,9
23021,9
23022,49
23023,43
23024,47
23025,86
23026,5
23027,87
23028,23
23029,84
23030,94
23031,57
23032,63
23033,93
23034,55
23035,97
23036,81
23037,11
23038,34
23039,70
23040,88
23041,5
23042,64
23043,79
23044,59
23045,67
23046,28
23047,37
23048,91
23049,21
23050,7
23051,62
23052,95
23053,96
23054,12
23055,26
23056,17
23057,17
23058,76
23059,85
23060,61
23061,13
23062,10
23063,85
23064,99
23065,16
23066,50
23067,95
23068,13
23069,56
23070,92
23071,5
23072,56
23073,3
23074,10
23075,73
23076,91
23077,10
23078,98
23079,78
23080,7
23081,83
23082,58
23083,20
23084,64
23085,92
23086,23
23087,29
23088,98
23089,96
23090,83
23091,56
23092,79
23093,72
23094,94
23095,16
23096,58
23097,30
23098,63
23099,47
23100,22
23101,69
23102,29
23103,54
23104,6
23105,74
23106,97
23107,11
23108,59
23109,51
23110,26
23111,11
23112,12
23113,71
23114,79
23115,61
23116,28
23117,34
23118,59
23119,28
23120,30
23121,76
23122,75
23123,60
23124,1
23125,32
23126,71
23127,61
23128,58
23129,39
23130,48
23131,31
23132,37
23133,91
23134,78
23135,86
23136,87
23137,12
23138,84
23139,53
23140,75
23141,12
23142,38
23143,22
23144,91
23145,13
23146,16
23147,23
23148,57
23149,62
23150,33
23151,50
23152,85
23153,9
23154,71
23155,20
23156,36
23157,6
23158,89
23159,12
23160,79
23161,29
23162,30
23163,4
23164,31
23165,15
23166,72
23167,21
23168,63
23169,43
23170,39
23171,36
23172,77
23173,15
23174,42
23175,83
23176,62
23177,14
23178,43
23179,89
23180,8
23181,64
23182,98
23183,43
23184,19
23185,69
23186,73
23187,32
23188,79
23189,99
23190,5
23191,82
23192,30
23193,65
23194,17
23195,27
23196,67
23197,64
23198,79
23199,44
23200,57
23201,46
23202,65
23203,51
23204,35
23205,0
23206,38
23207,86
23208,89
23209,74
23210,0
23211,74
23212,87
23213,73
23214,13
23215,77
23216,70
23217,22
23218,42
23219,21
23220,59
23221,99
23222,26
23223,55
23224,1
23225,38
23226,50
23227,18
23228,61
23229,70
23230,75
23231,66
23232,62
23233,4
23234,71
23235,77
23236,60
23237,99
23238,70
23239,6
23240,49
23241,45
23242,95
23243,71
23244,75
23245,73
23246,13
23247,72
23248,93
23249,68
23250,64
23251,64
23252,56
23253,61
23254,19
23255,74
23256,25
23257,43
23258,66
23259,69
23260,61
23261,44
23262,10
23263,71
23264,92
23265,73
23266,33
23267,87
23268,45
23269,80
23270,31
23271,74
23272,97
23273,87
23274,4
23275,62
23276,28
23277,47
23278,97
23279,15
23280,24
23281,100
23282,71
23283,28
23284,51
23285,45
23286,24
23287,22
23288,33
23289,66
23290,93
23291,33
23292,31
23293,28
23294,8
23295,65
23296,56
23297,38
23298,6
23299,68
23300,7
23301,95
23302,17
23303,81
23304,48
23305,15
23306,20
23307,9
23308,3
23309,43
23310,7
23311,54
23312,18
23313,63
23314,39
23315,50
23316,8
23317,29
23318,55
23319,80
23320,43
23321,58
23322,14
23323,67
23324,69
23325,60
23326,79
23327,89
23328,100
23329,22
23330,76
23331,46
23332,16
23333,56
23334,53
23335,90
23336,51
23337,21
23338,100
23339,82
23340,38
23341,98
23342,12
23343,77
23344,94
23345,65
23346,51
23347,100
23348,13
23349,72
23350,73
23351,62
23352,70
23353,27
23354,88
23355,45
23356,27
23357,1
23358,16
23359,58
23360,51
23361,3
23362,76
23363,81
23364,2
23365,36
23366,96
23367,23
23368,71
23369,34
23370,1
23371,32
23372,75
23373,85
23374,76
23375,9
23376,80
23377,61
23378,42
23379,68
23380,58
23381,8
23382,76
23383,59
23384,62
23385,51
23386,22
23387,29
23388,42
23389,67
23390,20
23391,42
23392,72
23393,6
23394,15
23395,22
23396,57
23397,86
23398,30
23399,68
23400,5
23401,64
23402,58
23403,27
23404,17
23405,87
23406,76
23407,96
23408,9
23409,6
23410,36
23411,95
23412,44
23413,85
23414,15
23415,87
23416,13
23417,10
23418,82
23419,86
23420,33
23421,59
23422,12
23423,38
23424,43
23425,27
23426,39
23427,15
23428,49
23429,27
23430,67
23431,91
23432,59
23433,11
23434,15
23435,52
23436,53
23437,48
23438,35
23439,61
23440,83
23441,25
23442,55
23443,89
23444,21
23445,72
23446,68
23447,80
23448,48
23449,97
23450,1
23451,52
23452,6
23453,99
23454,76
23455,19
23456,93
23457,29
23458,74
23459,94
23460,66
23461,58
23462,65
23463,2
23464,55
23465,78
23466,16
23467,51
23468,6
23469,4
23470,97
23471,96
23472,53
23473,60
23474,15
23475,100
23476,66
23477,58
23478,46
23479,47
23480,63
23481,49
23482,84
23483,40
23484,71
23485,21
23486,53
23487,4
23488,16
23489,100
23490,77
23491,40
23492,91
23493,94
23494,80
23495,34
23496,39
23497,21
23498,47
23499,52
23500,92
23501,9
23502,17
23503,98
23504,79
23505,48
23506,70
23507,29
23508,18
23509,54
23510,59
23511,86
23512,71
23513,80
23514,20
23515,25
23516,27
23517,38
23518,32
23519,39
23520,82
23521,28
23522,19
23523,19
23524,73
23525,11
23526,96
23527,24
23528,24
23529,3
23530,3
23531,8
23532,14
23533,25
23534,78
23535,89
23536,91
23537,70
23538,31
23539,75
23540,98
23541,51
23542,31
23543,8
23544,77
23545,12
23546,55
23547,43
23548,96
23549,95
23550,82
23551,29
23552,15
23553,11
23554,73
23555,65
23556,17
23557,12
23558,92
23559,23
23560,11
23561,59
23562,59
23563,92
23564,85
23565,99
23566,0
23567,42
23568,54
23569,39
23570,63
23571,33
23572,33
23573,47
23574,32
23575,67
23576,29
23577,83
23578,89
23579,78
23580,70
23581,70
23582,28
23583,22
23584,33
23585,83
23586,14
23587,96
23588,52
23589,16
23590,63
23591,83
23592,60
23593,56
23594,76
23595,87
23596,36
23597,6
23598,7
23599,86
23600,77
23601,67
23602,20
23603,60
23604,73
23605,85
23606,93
23607,93
23608,79
23609,74
23610,85
23611,28
23612,24
23613,57
23614,13
23615,77
23616,65
23617,53
23618,76
23619,66
23620,29
23621,17
23622,53
23623,99
23624,20
23625,52
23626,82
23627,15
23628,27
23629,3
23630,54
23631,14
23632,63
23633,64
23634,15
23635,19
23636,63
23637,32
23638,80
23639,68
23640,68
23641,57
23642,38
23643,76
23644,35
23645,93
23646,67
23647,86
23648,20
23649,62
23650,84
23651,5
23652,23
23653,52
23654,94
23655,82
23656,75
23657,77
23658,49
23659,11
23660,55
23661,14
23662,82
23663,91
23664,39
23665,40
23666,68
23667,68
23668,5
23669,86
23670,66
23671,100
23672,32
23673,42
23674,20
23675,83
23676,64
23677,16
23678,92
23679,7
23680,63
23681,89
23682,27
23683,97
23684,89
23685,12
23686,100
23687,12
23688,37
23689,24
23690,61
23691,22
23692,85
23693,20
23694,53
23695,62
23696,29
23697,74
23698,67
23699,96
23700,75
23701,72
23702,31
23703,74
23704,100
23705,23
23706,6
23707,71
23708,96
23709,88
23710,0
23711,2
23712,27
23713,42
23714,96
23715,45
23716,0
23717,37
23718,90
23719,34
23720,73
23721,75
23722,73
23723,53
23724,97
23725,23
23726,27
23727,21
23728,15
23729,12
23730,99
23731,99
23732,61
23733,42
23734,86
23735,77
23736,31
23737,66
23738,90
23739,82
23740,85
23741,56
23742,64
23743,68
23744,48
23745,32
23746,18
23747,35
23748,69
23749,14
23750,99
23751,96
23752,23
23753,26
23754,48
23755,74
23756,22
23757,32
23758,40
23759,55
23760,28
23761,30
23762,64
23763,97
23764,17
23765,81
23766,5
23767,51
23768,39
23769,64
23770,41
23771,93
23772,67
23773,31
23774,9
23775,68
23776,8
23777,68
23778,60
23779,10
23780,98
23781,90
23782,67
23783,73
23784,96
23785,7
23786,48
23787,23
23788,32
23789,18
23790,1
23791,54
23792,10
23793,98
23794,16
23795,41
23796,60
23797,2
23798,85
23799,34
23800,84
23801,88
23802,65
23803,0
23804,6
23805,19
23806,42
23807,5
23808,54
23809,99
23810,20
23811,50
23812,45
23813,34
23814,99
23815,7
23816,67
23817,15
23818,66
23819,70
23820,63
23821,1
23822,0
23823,57
23824,0
23825,6
23826,87
23827,68
23828,84
23829,91
23830,17
23831,87
23832,31
23833,44
23834,32
23835,73
23836,72
23837,48
23838,32
23839,96
23840,70
23841,67
23842,27
23843,86
23844,52
23845,95
23846,43
23847,79
23848,54
23849,9
23850,13
23851,35
23852,33
23853,87
23854,17
23855,15
23856,36
23857,40
23858,24
23859,7
23860,87
23861,83
23862,93
23863,83
23864,17
23865,67
23866,47
23867,99
23868,69
23869,66
23870,17
23871,17
23872,55
23873,22
23874,34
23875,5
23876,25
23877,84
23878,60
23879,87
23880,14
23881,90
23882,31
23883,11
23884,4
23885,63
23886,70
23887,85
23888,26
23889,78
23890,44
23891,34
23892,25
23893,22
23894,12
23895,89
23896,2
23897,28
23898,65
23899,63
23900,27
23901,86
23902,35
23903,5
23904,10
23905,37
23906,33
23907,80
23908,66
23909,45
23910,97
23911,85
23912,28
23913,59
23914,53
23915,92
23916,68
23917,73
23918,73
23919,8
23920,84
23921,76
23922,9
23923,74
23924,67
23925,57
23926,94
23927,51
23928,33
23929,34
23930,32
23931,71
23932,31
23933,54
23934,96
23935,7
23936,45
23937,13
23938,97
23939,7
23940,70
23941,76
23942,53
23943,20
23944,95
23945,74
23946,13
23947,74
23948,1
23949,97
23950,60
23951,16
23952,77
23953,88
23954,47
23955,90
23956,7
23957,55
23958,16
23959,68
23960,11
23961,37
23962,17
23963,25
23964,94
23965,36
23966,69
23967,40
23968,78
23969,41
23970,89
23971,75
23972,40
23973,46
23974,13
23975,0
23976,16
23977,96
23978,54
23979,92
23980,52
23981,30
23982,61
23983,7
23984,29
23985,76
23986,79
23987,65
23988,44
23989,17
23990,98
23991,44
23992,18
23993,76
23994,67
23995,82
23996,49
23997,24
23998,37
23999,94
24000,35
24001,67
24002,55
24003,38
24004,62
24005,6
24006,57
24007,79
24008,58
24009,47
24010,4
24011,86
24012,35
24013,95
24014,87
24015,24
24016,44
24017,91
24018,18
24019,6
24020,57
24021,80
24022,65
24023,79
24024,38
24025,17
24026,0
24027,62
24028,2
24029,20
24030,29
24031,10
24032,21
24033,56
24034,88
24035,2
24036,29
24037,87
24038,44
24039,35
24040,86
24041,71
24042,63
24043,53
24044,67
24045,49
24046,30
24047,28
24048,58
24049,35
24050,76
24051,72
24052,84
24053,66
24054,88
24055,88
24056,75
24057,92
24058,10
24059,10
24060,25
24061,52
24062,13
24063,63
24064,79
24065,9
24066,30
24067,94
24068,35
24069,9
24070,25
24071,19
24072,43
24073,61
24074,72
24075,78
24076,8
24077,70
24078,89
24079,23
24080,11
24081,59
24082,83
24083,77
24084,85
24085,15
24086,28
24087,31
24088,82
24089,34
24090,42
24091,95
24092,52
24093,19
24094,83
24095,7
24096,98
24097,41
24098,76
24099,69
24100,15
24101,68
24102,52
24103,44
24104,50
24105,97
24106,5
24107,32
24108,78
24109,14
24110,13
24111,38
24112,62
24113,4
24114,89
24115,80
24116,51
24117,15
24118,98
24119,37
24120,52
24121,86
24122,76
24123,96
24124,92
24125,52
24126,45
24127,97
24128,97
24129,90
24130,14
24131,58
24132,49
24133,8
24134,25
24135,2
24136,99
24137,46
24138,4
24139,61
24140,83
24141,83
24142,4
24143,9
24144,79
24145,62
24146,24
24147,43
24148,24
24149,29
24150,13
24151,85
24152,42
24153,27
24154,93
24155,18
24156,41
24157,19
24158,98
24159,85
24160,78
24161,10
24162,53
24163,97
24164,23
24165,69
24166,16
24167,27
24168,49
24169,94
24170,99
24171,54
24172,72
24173,9
24174,20
24175,57
24176,33
24177,94
24178,92
24179,42
24180,10
24181,32
24182,57
24183,45
24184,60
24185,61
24186,0
24187,20
24188,61
24189,63
24190,86
24191,72
24192,55
24193,0
24194,20
24195,21
24196,53
24197,3
24198,64
24199,50
24200,73
24201,62
24202,14
24203,35
24204,28
24205,51
24206,45
24207,68
24208,28
24209,46
24210,90
24211,24
24212,79
24213,15
24214,99
24215,88
24216,40
24217,64
24218,68
24219,19
24220,68
24221,35
24222,92
24223,97
24224,57
24225,47
24226,81
24227,1
24228,79
24229,28
24230,96
24231,15
24232,34
24233,61
24234,80
24235,3
24236,67
24237,50
24238,88
24239,32
24240,77
24241,23
24242,74
24243,24
24244,27
24245,6
24246,35
24247,9
24248,35
24249,94
24250,82
24251,17
24252,5
24253,91
24254,6
24255,11
24256,40
24257,62
24258,97
24259,24
24260,80
24261,52
24262,32
24263,86
24264,72
24265,5
24266,61
24267,65
24268,8
24269,66
24270,15
24271,88
24272,87
24273,92
24274,54
24275,39
24276,25
24277,37
24278,34
24279,86
24280,67
24281,58
24282,13
24283,46
24284,70
24285,71
24286,41
24287,50
24288,18
24289,65
24290,46
24291,64
24292,41
24293,37
24294,12
24295,43
24296,23
24297,95
24298,29
24299,69
24300,37
24301,96
24302,22
24303,73
24304,56
24305,78
24306,22
24307,35
24308,56
24309,0
24310,71
24311,2
24312,13
24313,80
24314,33
24315,69
24316,68
24317,50
24318,28
24319,98
24320,81
24321,47
24322,93
24323,78
24324,78
24325,15
24326,56
24327,96
24328,9
24329,18
24330,100
24331,66
24332,35
24333,3
24334,74
24335,32
24336,27
24337,95
24338,79
24339,8
24340,74
24341,5
24342,48
24343,90
24344,75
24345,21
24346,47
24347,100
24348,20
24349,32
24350,80
24351,55
24352,28
24353,52
24354,39
24355,73
24356,17
24357,46
24358,12
24359,26
24360,61
24361,73
24362,95
24363,44
24364,2
24365,21
24366,26
24367,54
24368,66
24369,32
24370,1
24371,74
24372,45
24373,73
24374,32
24375,57
24376,6
24377,14
24378,25
24379,10
24380,37
24381,26
24382,6
24383,0
24384,73
24385,20
24386,78
24387,29
24388,93
24389,7
24390,87
24391,82
24392,2
24393,54
24394,14
24395,35
24396,5
24397,41
24398,49
24399,17
24400,82
24401,49
24402,29
24403,76
24404,38
24405,11
24406,97
24407,58
24408,75
24409,43
24410,87
24411,3
24412,35
24413,47
24414,13
24415,80
24416,48
24417,66
24418,86
24419,76
24420,8
24421,20
24422,71
24423,80
24424,15
24425,15
24426,27
24427,50
24428,55
24429,79
24430,56
24431,51
24432,45
24433,77
24434,37
24435,83
24436,47
24437,40
24438,97
24439,58
24440,92
24441,66
24442,73
24443,83
24444,65
24445,26
24446,31
24447,55
24448,9
24449,39
24450,16
24451,57
24452,96
24453,5
24454,38
24455,17
24456,72
24457,71
24458,88
24459,94
24460,41
24461,3
24462,19
24463,27
24464,39
24465,64
24466,43
24467,22
24468,56
24469,46
24470,12
24471,15
24472,89
24473,54
24474,94
24475,64
24476,80
24477,15
24478,36
24479,51
24480,9
24481,37
24482,43
24483,94
24484,73
24485,53
24486,97
24487,50
24488,51
24489,69
24490,91
24491,91
24492,58
24493,12
24494,40
24495,11
24496,49
24497,56
24498,49
24499,56
24500,53
24501,65
24502,7
24503,62
24504,8
24505,59
24506,62
24507,71
24508,2
24509,72
24510,12
24511,8
24512,94
24513,88
24514,51
24515,61
24516,7
24517,94
24518,44
24519,52
24520,62
24521,94
24522,80
24523,56
24524,53
24525,18
24526,66
24527,45
24528,93
24529,9
24530,92
24531,17
24532,11
24533,48
24534,22
24535,61
24536,10
24537,72
24538,55
24539,87
24540,88
24541,54
24542,24
24543,8
24544,11
24545,10
24546,37
24547,27
24548,7
24549,73
24550,88
24551,46
24552,35
24553,49
24554,8
24555,59
24556,71
24557,66
24558,52
24559,81
24560,98
24561,16
24562,99
24563,52
24564,27
24565,62
24566,14
24567,18
24568,85
24569,69
24570,46
24571,70
24572,47
24573,72
24574,19
24575,36
24576,74
24577,1
24578,63
24579,85
24580,35
24581,4
24582,63
24583,6
24584,69
24585,21
24586,73
24587,45
24588,39
24589,60
24590,45
24591,83
24592,27
24593,86
24594,34
24595,0
24596,28
24597,8
24598,8
24599,21
24600,62
24601,65
24602,79
24603,57
24604,69
24605,54
24606,12
24607,96
24608,18
24609,78
24610,32
24611,73
24612,64
24613,59
24614,11
24615,42
24616,92
24617,16
24618,67
24619,28
24620,54
24621,6
24622,43
24623,76
24624,4
24625,59
24626,5
24627,97
24628,6
24629,45
24630,56
24631,53
24632,91
24633,45
24634,9
24635,3
24636,66
24637,24
24638,86
24639,90
24640,77
24641,60
24642,37
24643,31
24644,22
24645,36
24646,2
24647,98
24648,12
24649,33
24650,87
24651,64
24652,75
24653,7
24654,82
24655,8
24656,27
24657,77
24658,90
24659,17
24660,41
24661,40
24662,69
24663,32
24664,100
24665,88
24666,76
24667,53
24668,86
24669,35
24670,96
24671,84
24672,97
24673,55
24674,99
24675,16
24676,9
24677,86
24678,43
24679,1
24680,98
24681,13
24682,40
24683,1
24684,18
24685,79
24686,88
24687,0
24688,1
24689,26
24690,1
24691,93
24692,50
24693,9
24694,18
24695,79
24696,12
24697,47
24698,55
24699,71
24700,55
24701,49
24702,94
24703,44
24704,88
24705,58
24706,38
24707,20
24708,54
24709,56
24710,40
24711,92
24712,69
24713,81
24714,48
24715,43
24716,34
24717,90
24718,4
24719,70
24720,73
24721,73
24722,50
24723,56
24724,57
24725,91
24726,35
24727,9
24728,49
24729,98
24730,98
24731,36
24732,19
24733,12
24734,74
24735,18
24736,91
24737,55
24738,44
24739,59
24740,67
24741,56
24742,53
24743,36
24744,82
24745,36
24746,13
24747,94
24748,91
24749,99
24750,43
24751,82
24752,41
24753,0
24754,22
24755,63
24756,27
24757,3
24758,40
24759,59
24760,17
24761,62
24762,60
24763,48
24764,46
24765,38
24766,88
24767,81
24768,5
24769,82
24770,52
24771,75
24772,24
24773,98
24774,64
24775,4
24776,64
24777,7
24778,38
24779,42
24780,81
24781,72
24782,4
24783,3
24784,92
24785,0
24786,93
24787,55
24788,44
24789,64
24790,2
24791,21
24792,71
24793,55
24794,17
24795,24
24796,47
24797,83
24798,30
24799,29
24800,79
24801,65
24802,80
24803,9
24804,70
24805,58
24806,50
24807,8
24808,53
24809,61
24810,80
24811,8
24812,8
24813,100
24814,23
24815,38
24816,74
24817,7
24818,24
24819,65
24820,9
24821,23
24822,79
24823,82
24824,58
24825,30
24826,10
24827,5
24828,69
24829,31
24830,38
24831,47
24832,12
24833,58
24834,66
24835,55
24836,40
24837,55
24838,34
24839,37
24840,80
24841,66
24842,33
24843,75
24844,87
24845,69
24846,10
24847,26
24848,47
24849,23
24850,17
24851,26
24852,53
24853,54
24854,20
24855,58
24856,33
24857,96
24858,57
24859,47
24860,53
24861,17
24862,2
24863,23
24864,0
24865,5
24866,18
24867,85
24868,42
24869,7
24870,68
24871,51
24872,72
24873,46
24874,84
24875,27
24876,45
24877,3
24878,87
24879,7
24880,60
24881,16
24882,33
24883,19
24884,79
24885,73
24886,33
24887,42
24888,9
24889,93
24890,29
24891,24
24892,56
24893,62
24894,70
24895,46
24896,83
24897,80
24898,2
24899,45
24900,35
24901,25
24902,9
24903,33
24904,77
24905,7
24906,54
24907,90
24908,9
24909,56
24910,78
24911,100
24912,85
24913,44
24914,49
24915,63
24916,94
24917,1
24918,44
24919,94
24920,61
24921,13
24922,73
24923,93
24924,99
24925,14
24926,13
24927,30
24928,28
24929,26
24930,84
24931,8
24932,19
24933,98
24934,57
24935,78
24936,87
24937,48
24938,56
24939,15
24940,99
24941,74
24942,7
24943,66
24944,18
24945,66
24946,35
24947,88
24948,59
24949,35
24950,10
24951,50
24952,79
24953,54
24954,53
24955,16
24956,61
24957,41
24958,23
24959,16
24960,47
24961,83
24962,85
24963,69
24964,6
24965,13
24966,10
24967,11
24968,4
24969,4
24970,19
24971,53
24972,54
24973,57
24974,78
24975,89
24976,96
24977,29
24978,23
24979,86
24980,72
24981,2
24982,99
24983,47
24984,70
24985,21
24986,13
24987,47
24988,28
24989,49
24990,79
24991,97
24992,9
24993,70
24994,88
24995,26
24996,78
24997,95
24998,27
24999,8
25000,70
25001,79
25002,25
25003,98
25004,80
25005,86
25006,7
25007,1
25008,94
25009,56
25010,51
25011,57
25012,95
25013,92
25014,2
25015,7
25016,58
25017,1
25018,94
25019,61
25020,48
25021,100
25022,19
25023,28
25024,16
25025,73
25026,21
25027,5
25028,61
25029,97
25030,30
25031,61
25032,11
25033,11
25034,62
25035,15
25036,24
25037,21
25038,90
25039,87
25040,75
25041,17
25042,44
25043,79
25044,67
25045,11
25046,48
25047,32
25048,85
25049,62
25050,17
25051,53
25052,96
25053,26
25054,82
25055,77
25056,24
25057,33
25058,87
25059,59
25060,53
25061,86
25062,4
25063,35
25064,53
25065,87
25066,35
25067,68
25068,38
25069,69
25070,99
25071,3
25072,73
25073,64
25074,84
25075,39
25076,36
25077,66
25078,30
25079,90
25080,80
25081,86
25082,76
25083,46
25084,26
25085,50
25086,19
25087,12
25088,62
25089,43
25090,23
25091,2
25092,9
25093,64
25094,48
25095,57
25096,76
25097,77
25098,96
25099,1
25100,65
25101,30
25102,67
25103,97
25104,82
25105,36
25106,72
25107,23
25108,76
25109,43
25110,93
25111,82
25112,40
25113,73
25114,50
25115,41
25116,77
25117,39
25118,47
25119,83
25120,3
25121,59
25122,38
25123,4
25124,95
25125,5
25126,13
25127,69
25128,77
25129,11
25130,61
25131,26
25132,53
25133,89
25134,11
25135,7
25136,73
25137,15
25138,51
25139,25
25140,7
25141,44
25142,92
25143,83
25144,80
25145,18
25146,16
25147,64
25148,28
25149,13
25150,16
25151,12
25152,92
25153,97
25154,90
25155,62
25156,32
25157,28
25158,36
25159,82
25160,45
25161,23
25162,13
25163,100
25164,4
25165,52
25166,87
25167,97
25168,94
25169,29
25170,59
25171,72
25172,90
25173,27
25174,25
25175,17
25176,35
25177,7
25178,17
25179,83
25180,57
25181,31
25182,92
25183,48
25184,47
25185,81
25186,70
25187,64
25188,91
25189,32
25190,49
25191,3
25192,83
25193,35
25194,94
25195,27
25196,2
25197,5
25198,44
25199,22
25200,6
25201,60
25202,99
25203,64
25204,5
25205,23
25206,36
25207,44
25208,50
25209,99
25210,87
25211,44
25212,62
25213,28
25214,100
25215,95
25216,24
25217,9
25218,34
25219,54
25220,24
25221,90
25222,44
25223,95
25224,11
25225,3
25226,89
25227,66
25228,16
25229,72
25230,92
25231,64
25232,81
25233,52
25234,83
25235,56
25236,97
25237,27
25238,98
25239,15
25240,20
25241,76
25242,98
25243,41
25244,53
25245,31
25246,37
25247,69
25248,37
25249,53
25250,59
25251,76
25252,76
25253,46
25254,11
25255,52
25256,32
25257,27
25258,2
25259,81
25260,25
25261,53
25262,39
25263,65
25264,67
25265,91
25266,91
25267,88
25268,89
25269,46
25270,1
25271,41
25272,33
25273,93
25274,20
25275,100
25276,43
25277,86
25278,96
25279,1
25280,90
25281,58
25282,85
25283,97
25284,15
25285,19
25286,25
25287,15
25288,69
25289,22
25290,41
25291,36
25292,71
25293,5
25294,36
25295,21
25296,5
25297,31
25298,16
25299,37
25300,16
25301,36
25302,22
25303,48
25304,60
25305,48
25306,60
25307,76
25308,31
25309,85
25310,62
25311,6
25312,21
25313,84
25314,5
25315,60
25316,13
25317,15
25318,2
25319,8
25320,46
25321,84
25322,93
25323,93
25324,41
25325,41
25326,95
25327,22
25328,2
25329,0
25330,66
25331,100
25332,70
25333,2
25334,99
25335,48
25336,66
25337,54
25338,3
25339,30
25340,65
25341,77
25342,100
25343,63
25344,30
25345,62
25346,65
25347,30
25348,46
25349,21
25350,73
25351,93
25352,96
25353,82
25354,45
25355,88
25356,57
25357,60
25358,45
25359,0
25360,95
25361,24
25362,60
25363,80
25364,13
25365,44
25366,76
25367,38
25368,65
25369,31
25370,95
25371,57
25372,55
25373,5
25374,88
25375,66
25376,81
25377,49
25378,37
25379,2
25380,4
25381,23
25382,53
25383,33
25384,38
25385,87
25386,99
25387,91
25388,47
25389,48
25390,33
25391,79
25392,99
25393,6
25394,17
25395,69
25396,91
25397,33
25398,50
25399,92
25400,67
25401,13
25402,68
25403,88
25404,7
25405,14
25406,82
25407,58
25408,10
25409,19
25410,54
25411,35
25412,81
25413,13
25414,57
25415,37
25416,88
25417,79
25418,81
25419,0
25420,64
25421,0
25422,84
25423,59
25424,24
25425,90
25426,9
25427,49
25428,11
25429,91
25430,31
25431,32
25432,71
25433,25
25434,41
25435,49
25436,60
25437,40
25438,56
25439,1
25440,98
25441,97
25442,69
25443,30
25444,22
25445,75
25446,53
25447,27
25448,78
25449,18
25450,75
25451,47
25452,1
25453,10
25454,43
25455,100
25456,58
25457,58
25458,37
25459,24
25460,20
25461,41
25462,35
25463,8
25464,11
25465,9
25466,58
25467,4
25468,32
25469,68
25470,79
25471,62
25472,100
25473,100
25474,28
25475,17
25476,92
25477,5
25478,52
25479,81
25480,31
25481,41
25482,46
25483,30
25484,61
25485,55
25486,10
25487,25
25488,91
25489,26
25490,82
25491,56
25492,26
25493,58
25494,61
25495,19
25496,2
25497,15
25498,43
25499,92
25500,78
25501,29
25502,39
25503,64
25504,28
25505,29
25506,31
25507,9
25508,90
25509,50
25510,7
25511,50
25512,35
25513,54
25514,34
25515,35
25516,55
25517,35
25518,88
25519,83
25520,60
25521,61
25522,80
25523,86
25524,24
25525,63
25526,59
25527,56
25528,94
25529,69
25530,98
25531,51
25532,55
25533,62
25534,67
25535,19
25536,53
25537,0
25538,89
25539,97
25540,9
25541,22
25542,50
25543,23
25544,12
25545,28
25546,57
25547,90
25548,94
25549,42
25550,9
25551,30
25552,73
25553,87
25554,96
25555,13
25556,98
25557,33
25558,16
25559,20
25560,95
25561,66
25562,57
25563,78
25564,7
25565,95
25566,37
25567,25
25568,63
25569,29
25570,8
25571,31
25572,10
25573,85
25574,33
25575,17
25576,18
25577,53
25578,81
25579,36
25580,81
25581,11
25582,3
25583,42
25584,26
25585,50
25586,4
25587,5
25588,76
25589,86
25590,55
25591,88
25592,67
25593,95
25594,43
25595,14
25596,89
25597,41
25598,10
25599,72
25600,10
25601,65
25602,26
25603,57
25604,89
25605,71
25606,20
25607,20
25608,71
25609,0
25610,57
25611,12
25612,72
25613,91
25614,5
25615,86
25616,99
25617,57
25618,16
25619,72
25620,11
25621,85
25622,51
25623,75
25624,69
25625,72
25626,51
25627,36
25628,2
25629,97
25630,7
25631,9
25632,46
25633,40
25634,63
25635,41
25636,42
25637,8
25638,13
25639,100
25640,90
25641,95
25642,3
25643,1
25644,96
25645,84
25646,0
25647,74
25648,64
25649,45
25650,58
25651,74
25652,6
25653,65
25654,14
25655,71
25656,46
25657,89
25658,39
25659,41
25660,50
25661,34
25662,40
25663,84
25664,56
25665,37
25666,71
25667,95
25668,7
25669,73
25670,62
25671,86
25672,3
25673,47
25674,51
25675,37
25676,93
25677,86
25678,4
25679,84
25680,69
25681,80
25682,88
25683,23
25684,85
25685,76
25686,16
25687,77
25688,97
25689,89
25690,82
25691,25
25692,2
25693,1
25694,91
25695,1
25696,21
25697,70
25698,3
25699,37
25700,83
25701,69
25702,72
25703,51
25704,30
25705,25
25706,35
25707,25
25708,27
25709,4
25710,73
25711,17
25712,14
25713,56
25714,96
25715,4
25716,36
25717,85
25718,85
25719,21
25720,51
25721,14
25722,16
25723,50
25724,44
25725,62
25726,27
25727,58
25728,85
25729,20
25730,41
25731,80
25732,68
25733,81
25734,16
25735,67
25736,6
25737,88
25738,100
25739,39
25740,39
25741,42
25742,72
25743,82
25744,50
25745,72
25746,22
25747,94
25748,31
25749,30
25750,16
25751,57
25752,85
25753,34
25754,29
25755,63
25756,52
25757,50
25758,36
25759,89
25760,5
25761,33
25762,55
25763,95
25764,24
25765,12
25766,62
25767,65
25768,4
25769,74
25770,10
25771,87
25772,77
25773,93
25774,43
25775,98
25776,84
25777,68
25778,1
25779,39
25780,36
25781,48
25782,97
25783,74
25784,35
25785,74
25786,72
25787,69
25788,33
25789,57
25790,36
25791,95
25792,59
25793,11
25794,31
25795,80
25796,3
25797,32
25798,42
25799,8
25800,97
25801,50
25802,93
25803,19
25804,38
25805,22
25806,40
25807,43
25808,34
25809,22
25810,57
25811,47
25812,86
25813,57
25814,100
25815,56
25816,86
25817,38
25818,27
25819,63
25820,61
25821,82
25822,61
25823,93
25824,84
25825,87
25826,84
25827,25
25828,50
25829,49
25830,35
25831,25
25832,32
25833,99
25834,67
25835,72
25836,7
25837,65
25838,92
25839,22
25840,69
25841,54
25842,42
25843,99
25844,20
25845,21
25846,8
25847,33
25848,58
25849,25
25850,0
25851,99
25852,4
25853,40
25854,62
25855,21
25856,67
25857,47
25858,65
25859,15
25860,79
25861,52
25862,85
25863,64
25864,78
25865,63
25866,87
25867,67
25868,62
25869,61
25870,81
25871,80
25872,70
25873,44
25874,51
25875,73
25876,64
25877,1
25878,48
25879,21
25880,95
25881,28
25882,34
25883,80
25884,75
25885,23
25886,93
25887,29
25888,83
25889,41
25890,70
25891,49
25892,70
25893,59
25894,29
25895,11
25896,48
25897,94
25898,81
25899,45
25900,42
25901,1
25902,96
25903,74
25904,97
25905,79
25906,53
25907,34
25908,51
25909,32
25910,84
25911,83
25912,71
25913,50
25914,25
25915,96
25916,61
25917,60
25918,25
25919,36
25920,29
25921,94
25922,96
25923,10
25924,52
25925,40
25926,4
25927,65
25928,12
25929,62
25930,81
25931,89
25932,24
25933,43
25934,13
25935,68
25936,58
25937,55
25938,51
25939,65
25940,67
25941,11
25942,74
25943,67
25944,42
25945,72
25946,73
25947,90
25948,5
25949,14
25950,41
25951,30
25952,85
25953,52
25954,5
25955,32
25956,28
25957,20
25958,53
25959,55
25960,93
25961,20
25962,99
25963,54
25964,57
25965,63
25966,85
25967,45
25968,83
25969,21
25970,59
25971,10
25972,46
25973,30
25974,76
25975,17
25976,21
25977,55
25978,16
25979,37
25980,24
25981,31
25982,14
25983,12
25984,57
25985,89
25986,49
25987,10
25988,12
25989,96
25990,49
25991,100
25992,37
25993,0
25994,38
25995,26
25996,35
25997,31
25998,40
25999,14
26000,30
26001,5
26002,88
26003,51
26004,81
26005,21
26006,30
26007,99
26008,72
26009,45
26010,66
26011,96
26012,90
26013,42
26014,0
26015,43
26016,56
26017,8
26018,4
26019,78
26020,8
26021,44
26022,91
26023,76
26024,23
26025,73
26026,41
26027,21
26028,59
26029,85
26030,36
26031,38
26032,83
26033,73
26034,73
26035,89
26036,88
26037,52
26038,27
26039,76
26040,14
26041,59
26042,59
26043,5
26044,51
26045,11
26046,18
26047,95
26048,74
26049,96
26050,1
26051,54
26052,14
26053,63
26054,99
26055,68
26056,14
26057,42
26058,73
26059,16
26060,97
26061,23
26062,73
26063,29
26064,66
26065,50
26066,59
26067,100
26068,2
26069,4
26070,27
26071,77
26072,10
26073,71
26074,100
26075,71
26076,75
26077,14
26078,82
26079,47
26080,45
26081,27
26082,6
26083,70
26084,93
26085,81
26086,87
26087,5
26088,57
26089,67
26090,54
26091,66
26092,48
26093,50
26094,58
26095,5
26096,89
26097,50
26098,37
26099,10
26100,51
26101,92
26102,19
26103,9
26104,25
26105,47
26106,90
26107,13
26108,99
26109,58
26110,11
26111,22
26112,84
26113,71
26114,38
26115,8
26116,87
26117,94
26118,24
26119,16
26120,41
26121,28
26122,59
26123,66
26124,84
26125,56
26126,71
26127,13
26128,38
26129,15
26130,17
26131,94
26132,74
26133,19
26134,45
26135,44
26136,3
26137,83
26138,94
26139,19
26140,10
26141,64
26142,17
26143,38
26144,43
26145,96
26146,99
26147,17
26148,46
26149,30
26150,98
26151,38
26152,37
26153,78
26154,46
26155,69
26156,7
26157,85
26158,64
26159,12
26160,54
26161,87
26162,84
26163,42
26164,3
26165,70
26166,59
26167,11
26168,58
26169,76
26170,53
26171,43
26172,15
26173,5
26174,13
26175,57
26176,30
26177,99
26178,100
26179,40
26180,34
26181,9
26182,80
26183,29
26184,43
26185,54
26186,70
26187,17
26188,82
26189,78
26190,85
26191,38
26192,41
26193,53
26194,29
26195,19
26196,95
26197,41
26198,88
26199,86
26200,4
26201,49
26202,40
26203,93
26204,38
26205,56
26206,90
26207,56
26208,36
26209,6
26210,4
26211,78
26212,50
26213,7
26214,55
26215,72
26216,10
26217,21
26218,97
26219,98
26220,76
26221,10
26222,59
26223,95
26224,14
26225,37
26226,0
26227,45
26228,87
26229,42
26230,21
26231,2
26232,13
26233,1
26234,60
26235,31
26236,37
26237,96
26238,45
26239,41
26240,5
26241,40
26242,24
26243,97
26244,10
26245,100
26246,40
26247,70
26248,56
26249,45
26250,85
26251,47
26252,62
26253,38
26254,9
26255,84
26256,69
26257,64
26258,97
26259,58
26260,77
26261,35
26262,26
26263,72
26264,54
26265,69
26266,94
26267,80
26268,52
26269,59
26270,60
26271,35
26272,84
26273,26
26274,40
26275,27
26276,15
26277,34
26278,35
26279,55
26280,98
26281,18
26282,56
26283,84
26284,32
26285,22
26286,62
26287,69
26288,95
26289,21
26290,66
26291,98
26292,79
26293,58
26294,24
26295,16
26296,38
26297,76
26298,91
26299,74
26300,73
26301,38
26302,23
26303,37
26304,87
26305,96
26306,80
26307,56
26308,43
26309,35
26310,98
26311,69
26312,79
26313,44
26314,91
26315,95
26316,25
26317,10
26318,51
26319,24
26320,30
26321,84
26322,44
26323,66
26324,75
26325,39
26326,45
26327,53
26328,40
26329,88
26330,80
26331,37
26332,99
26333,35
26334,82
26335,43
26336,56
26337,65
26338,80
26339,29
26340,9
26341,98
26342,60
26343,62
26344,35
26345,53
26346,96
26347,64
26348,81
26349,3
26350,54
26351,53
26352,90
26353,88
26354,63
26355,91
26356,21
26357,24
26358,80
26359,58
26360,56
26361,53
26362,43
26363,51
26364,75
26365,15
26366,100
26367,15
26368,80
26369,54
26370,60
26371,94
26372,78
26373,76
26374,39
26375,90
26376,20
26377,65
26378,7
26379,70
26380,9
26381,56
26382,3
26383,42
26384,99
26385,98
26386,62
26387,42
26388,66
26389,81
26390,50
26391,55
26392,42
26393,23
26394,95
26395,33
26396,58
26397,1
26398,1
26399,9
26400,22
26401,14
26402,75
26403,16
26404,81
26405,13
26406,80
26407,78
26408,75
26409,15
26410,31
26411,22
26412,33
26413,97
26414,15
26415,33
26416,70
26417,32
26418,67
26419,42
26420,63
26421,70
26422,17
26423,67
26424,60
26425,74
26426,19
26427,10
26428,78
26429,45
26430,63
26431,80
26432,97
26433,75
26434,27
26435,47
26436,34
26437,7
26438,90
26439,21
26440,23
26441,65
26442,94
26443,85
26444,63
26445,64
26446,13
26447,24
26448,99
26449,99
26450,2
26451,4
26452,64
26453,53
26454,18
26455,96
26456,53
26457,93
26458,75
26459,9
26460,97
26461,15
26462,45
26463,28
26464,14
26465,47
26466,10
26467,33
26468,35
26469,29
26470,98
26471,72
26472,81
26473,18
26474,67
26475,69
26476,32
26477,95
26478,79
26479,74
26480,21
26481,35
26482,22
26483,62
26484,25
26485,59
26486,94
26487,92
26488,4
26489,53
26490,37
26491,61
26492,24
26493,97
26494,11
26495,21
26496,8
26497,83
26498,28
26499,43
26500,92
26501,26
26502,54
26503,80
26504,4
26505,51
26506,12
26507,41
26508,14
26509,78
26510,17
26511,49
26512,1
26513,86
26514,12
26515,67
26516,46
26517,88
26518,74
26519,49
26520,11
26521,12
26522,8
26523,58
26524,44
26525,69
26526,42
26527,73
26528,22
26529,78
26530,44
26531,22
26532,100
26533,33
26534,15
26535,62
26536,50
26537,31
26538,37
26539,55
26540,68
26541,16
26542,85
26543,38
26544,40
26545,47
26546,81
26547,27
26548,76
26549,49
26550,0
26551,49
26552,18
26553,97
26554,58
26555,67
26556,66
26557,40
26558,9
26559,27
26560,33
26561,38
26562,82
26563,55
26564,51
26565,99
26566,2
26567,22
26568,16
26569,70
26570,25
26571,17
26572,45
26573,69
26574,30
26575,92
26576,8
26577,34
26578,80
26579,59
26580,75
26581,62
26582,99
26583,51
26584,47
26585,60
26586,23
26587,73
26588,57
26589,63
26590,29
26591,28
26592,9
26593,38
26594,54
26595,27
26596,17
26597,40
26598,80
26599,74
26600,64
26601,80
26602,99
26603,99
26604,45
26605,59
26606,8
26607,44
26608,59
26609,27
26610,96
26611,2
26612,50
26613,7
26614,69
26615,58
26616,60
26617,57
26618,69
26619,92
26620,100
26621,11
26622,8
26623,48
26624,82
26625,16
26626,53
26627,43
26628,31
26629,34
26630,77
26631,48
26632,53
26633,15
26634,84
26635,11
26636,87
26637,97
26638,7
26639,20
26640,47
26641,7
26642,27
26643,79
26644,9
26645,51
26646,14
26647,3
26648,89
26649,78
26650,99
26651,95
26652,61
26653,3
26654,40
26655,72
26656,98
26657,54
26658,27
26659,100
26660,46
26661,8
26662,1
26663,66
26664,47
26665,68
26666,73
26667,27
26668,78
26669,13
26670,45
26671,86
26672,12
26673,15
26674,93
26675,39
26676,71
26677,80
26678,29
26679,80
26680,98
26681,64
26682,57
26683,87
26684,47
26685,48
26686,88
26687,1
26688,88
26689,13
26690,96
26691,16
26692,30
26693,9
26694,69
26695,88
26696,36
26697,63
26698,29
26699,33
26700,17
26701,87
26702,62
26703,48
26704,55
26705,90
26706,57
26707,26
26708,54
26709,84
26710,18
26711,22
26712,46
26713,78
26714,65
26715,98
26716,50
26717,83
26718,27
26719,56
26720,57
26721,14
26722,15
26723,96
26724,46
26725,62
26726,11
26727,42
26728,83
26729,28
26730,48
26731,2
26732,68
26733,59
26734,65
26735,86
26736,89
26737,25
26738,70
26739,73
26740,68
26741,46
26742,75
26743,95
26744,41
26745,30
26746,21
26747,16
26748,83
26749,19
26750,7
26751,97
26752,48
26753,86
26754,37
26755,52
26756,27
26757,76
26758,28
26759,71
26760,10
26761,46
26762,44
26763,17
26764,49
26765,88
26766,48
26767,21
26768,44
26769,60
26770,98
26771,92
26772,20
26773,70
26774,60
26775,75
26776,35
26777,23
26778,31
26779,90
26780,95
26781,58
26782,95
26783,95
26784,89
26785,74
26786,81
26787,4
26788,15
26789,10
26790,34
26791,74
26792,41
26793,86
26794,97
26795,80
26796,9
26797,81
26798,7
26799,25
26800,2
26801,58
26802,87
26803,2
26804,37
26805,1
26806,98
26807,16
26808,72
26809,35
26810,85
26811,94
26812,97
26813,87
26814,72
26815,1
26816,84
26817,33
26818,26
26819,36
26820,70
26821,21
26822,67
26823,13
26824,97
26825,22
26826,43
26827,88
26828,64
26829,78
26830,95
26831,77
26832,60
26833,84
26834,54
26835,70
26836,99
26837,84
26838,49
26839,11
26840,78
26841,14
26842,16
26843,33
26844,34
26845,38
26846,77
26847,54
26848,58
26849,4
26850,29
26851,3
26852,14
26853,34
26854,73
26855,54
26856,65
26857,59
26858,23
26859,91
26860,21
26861,43
26862,31
26863,94
26864,82
26865,50
26866,84
26867,2
26868,69
26869,31
26870,1
26871,87
26872,58
26873,90
26874,72
26875,76
26876,13
26877,50
26878,10
26879,77
26880,79
26881,9
26882,83
26883,79
26884,57
26885,33
26886,79
26887,77
26888,52
26889,27
26890,17
26891,25
26892,6
26893,44
26894,97
26895,44
26896,70
26897,96
26898,34
26899,51
26900,20
26901,27
26902,95
26903,43
26904,79
26905,55
26906,9
26907,22
26908,47
26909,51
26910,14
26911,54
26912,42
26913,49
26914,5
26915,32
26916,61
26917,54
26918,38
26919,11
26920,99
26921,30
26922,73
26923,52
26924,33
26925,40
26926,9
26927,51
26928,74
26929,56
26930,77
26931,2
26932,56
26933,32
26934,6
26935,3
26936,38
26937,47
26938,73
26939,78
26940,15
26941,37
26942,3
26943,3
26944,99
26945,26
26946,85
26947,85
26948,16
26949,97
26950,95
26951,69
26952,53
26953,96
26954,7
26955,52
26956,99
26957,4
26958,68
26959,46
26960,73
26961,39
26962,6
26963,11
26964,93
26965,24
26966,27
26967,42
26968,76
26969,46
26970,48
26971,85
26972,53
26973,17
26974,26
26975,71
26976,5
26977,74
26978,92
26979,68
26980,70
26981,21
26982,58
26983,46
26984,67
26985,31
26986,82
26987,96
26988,0
26989,53
26990,45
26991,40
26992,40
26993,7
26994,31
26995,29
26996,45
26997,91
26998,51
26999,95
27000,88
27001,97
27002,60
27003,96
27004,12
27005,88
27006,39
27007,60
27008,43
27009,61
27010,43
27011,47
27012,73
27013,58
27014,56
27015,94
27016,10
27017,24
27018,60
27019,45
27020,53
27021,33
27022,83
27023,6
27024,96
27025,61
27026,56
27027,98
27028,92
27029,75
27030,4
27031,75
27032,92
27033,34
27034,83
27035,36
27036,59
27037,64
27038,15
27039,29
27040,72
27041,41
27042,60
27043,73
27044,76
27045,47
27046,61
27047,83
27048,92
27049,63
27050,56
27051,67
27052,45
27053,27
27054,100
27055,76
27056,2
27057,36
27058,47
27059,18
27060,91
27061,82
27062,16
27063,81
27064,81
27065,86
27066,39
27067,49
27068,72
27069,28
27070,50
27071,41
27072,28
27073,65
27074,16
27075,30
27076,91
27077,51
27078,38
27079,59
27080,93
27081,98
27082,50
27083,83
27084,15
27085,97
27086,13
27087,89
27088,83
27089,41
27090,50
27091,23
27092,81
27093,42
27094,72
27095,18
27096,83
27097,60
27098,93
27099,62
27100,25
27101,94
27102,34
27103,66
27104,55
27105,39
27106,28
27107,5
27108,51
27109,0
27110,51
27111,23
27112,33
27113,6
27114,74
27115,10
27116,35
27117,19
27118,62
27119,79
27120,62
27121,68
27122,87
27123,29
27124,29
27125,100
27126,96
27127,83
27128,21
27129,60
27130,20
27131,36
27132,26
27133,34
27134,37
27135,59
27136,69
27137,31
27138,79
27139,91
27140,79
27141,26
27142,2
27143,48
27144,84
27145,29
27146,21
27147,18
27148,30
27149,19
27150,18
27151,1
27152,39
27153,38
27154,90
27155,71
27156,53
27157,26
27158,78
27159,11
27160,77
27161,70
27162,16
27163,89
27164,100
27165,83
27166,9
27167,18
27168,81
27169,29
27170,29
27171,24
27172,87
27173,73
27174,65
27175,95
27176,34
27177,50
27178,100
27179,70
27180,70
27181,26
27182,9
27183,96
27184,42
27185,54
27186,70
27187,5
27188,5
27189,76
27190,47
27191,76
27192,1
27193,82
27194,50
27195,60
27196,18
27197,1
27198,50
27199,25
27200,69
27201,19
27202,22
27203,53
27204,14
27205,5
27206,91
27207,34
27208,74
27209,7
27210,56
27211,49
27212,48
27213,87
27214,20
27215,35
27216,70
27217,68
27218,57
27219,62
27220,92
27221,15
27222,5
27223,77
27224,51
27225,1
27226,88
27227,94
27228,76
27229,17
27230,80
27231,91
27232,75
27233,34
27234,85
27235,38
27236,0
27237,36
27238,20
27239,0
27240,3
27241,95
27242,57
27243,0
27244,12
27245,45
27246,46
27247,80
27248,75
27249,6
27250,50
27251,2
27252,49
27253,25
27254,30
27255,99
27256,61
27257,25
27258,66
27259,54
27260,27
27261,43
27262,80
27263,37
27264,29
27265,65
27266,7
27267,13
27268,100
27269,98
27270,61
27271,74
27272,62
27273,78
27274,65
27275,100
27276,95
27277,39
27278,12
27279,16
27280,14
27281,32
27282,15
27283,12
27284,85
27285,22
27286,35
27287,42
27288,49
27289,73
27290,80
27291,93
27292,12
27293,29
27294,56
27295,29
27296,70
27297,9
27298,98
27299,65
27300,93
27301,82
27302,38
27303,36
27304,2
27305,88
27306,33
27307,85
27308,37
27309,13
27310,63
27311,38
27312,53
27313,1
27314,95
27315,42
27316,52
27317,2
27318,40
27319,7
27320,89
27321,95
27322,74
27323,62
27324,64
27325,78
27326,3
27327,67
27328,91
27329,9
27330,74
27331,49
27332,22
27333,60
27334,46
27335,2
27336,16
27337,21
27338,90
27339,15
27340,79
27341,2
27342,51
27343,32
27344,41
27345,1
27346,38
27347,45
27348,47
27349,26
27350,14
27351,6
27352,56
27353,41
27354,8
27355,5
27356,56
27357,75
27358,29
27359,54
27360,83
27361,83
27362,53
27363,26
27364,83
27365,58
27366,6
27367,39
27368,93
27369,71
27370,1
27371,13
27372,9
27373,49
27374,17
27375,17
27376,15
27377,51
27378,68
27379,51
27380,30
27381,100
27382,83
27383,22
27384,95
27385,41
27386,80
27387,61
27388,76
27389,49
27390,76
27391,80
27392,14
27393,89
27394,43
27395,91
27396,41
27397,44
27398,93
27399,34
27400,21
27401,73
27402,74
27403,37
27404,96
27405,69
27406,63
27407,100
27408,6
27409,43
27410,75
27411,6
27412,65
27413,59
27414,0
27415,61
27416,86
27417,88
27418,17
27419,6
27420,53
27421,66
27422,92
27423,9
27424,60
27425,58
27426,58
27427,68
27428,62
27429,97
27430,7
27431,77
27432,54
27433,5
27434,0
27435,55
27436,96
27437,74
27438,87
27439,9
27440,22
27441,15
27442,100
27443,15
27444,55
27445,94
27446,5
27447,29
27448,62
27449,100
27450,0
27451,50
27452,88
27453,45
27454,20
27455,98
27456,37
27457,68
27458,62
27459,49
27460,11
27461,68
27462,72
27463,43
27464,51
27465,8
27466,98
27467,64
27468,9
27469,45
27470,99
27471,57
27472,36
27473,51
27474,98
27475,80
27476,12
27477,5
27478,57
27479,100
27480,47
27481,31
27482,10
27483,80
27484,4
27485,5
27486,73
27487,96
27488,93
27489,20
27490,41
27491,80
27492,26
27493,2
27494,59
27495,92
27496,65
27497,92
27498,48
27499,99
27500,33
27501,36
27502,41
27503,64
27504,59
27505,89
27506,0
27507,58
27508,3
27509,13
27510,17
27511,33
27512,0
27513,52
27514,21
27515,79
27516,60
27517,21
27518,49
27519,15
27520,27
27521,91
27522,85
27523,69
27524,88
27525,41
27526,65
27527,70
27528,80
27529,34
27530,19
27531,1
27532,6
27533,95
27534,48
27535,82
27536,75
27537,8
27538,26
27539,77
27540,1
27541,84
27542,67
27543,59
27544,84
27545,85
27546,48
27547,1
27548,16
27549,82
27550,87
27551,19
27552,75
27553,88
27554,86
27555,97
27556,31
27557,50
27558,87
27559,41
27560,62
27561,88
27562,60
27563,61
27564,2
27565,88
27566,91
27567,75
27568,25
27569,47
27570,7
27571,4
27572,10
27573,41
27574,98
27575,90
27576,40
27577,18
27578,47
27579,52
27580,54
27581,60
27582,31
27583,45
27584,91
27585,35
27586,17
27587,73
27588,95
27589,17
27590,11
27591,71
27592,96
27593,45
27594,54
27595,37
27596,77
27597,1
27598,8
27599,4
27600,97
27601,18
27602,70
27603,38
27604,41
27605,16
27606,62
27607,89
27608,45
27609,90
27610,91
27611,19
27612,69
27613,7
27614,95
27615,18
27616,31
27617,18
27618,23
27619,23
27620,55
27621,80
27622,17
27623,11
27624,40
27625,86
27626,47
27627,81
27628,63
27629,15
27630,79
27631,99
27632,22
27633,85
27634,38
27635,32
27636,23
27637,60
27638,54
27639,60
27640,83
27641,96
27642,94
27643,39
27644,57
27645,71
27646,73
27647,0
27648,84
27649,24
27650,95
27651,52
27652,60
27653,45
27654,73
27655,59
27656,50
27657,72
27658,83
27659,47
27660,83
27661,39
27662,6
27663,74
27664,84
27665,18
27666,14
27667,69
27668,60
27669,55
27670,9
27671,45
27672,79
27673,74
27674,56
27675,34
27676,71
27677,91
27678,2
27679,65
27680,52
27681,77
27682,51
27683,92
27684,52
27685,53
27686,46
27687,2
27688,64
27689,14
27690,83
27691,85
27692,33
27693,49
27694,32
27695,72
27696,2
27697,1
27698,3
27699,15
27700,53
27701,32
27702,8
27703,56
27704,39
27705,51
27706,81
27707,15
27708,7
27709,86
27710,59
27711,35
27712,2
27713,14
27714,96
27715,81
27716,22
27717,2
27718,29
27719,44
27720,16
27721,57
27722,57
27723,95
27724,56
27725,6
27726,38
27727,77
27728,57
27729,55
27730,14
27731,43
27732,11
27733,7
27734,79
27735,40
27736,33
27737,45
27738,87
27739,28
27740,15
27741,4
27742,4
27743,29
27744,49
27745,4
27746,12
27747,98
27748,48
27749,88
27750,49
27751,13
27752,45
27753,89
27754,81
27755,83
27756,33
27757,70
27758,46
27759,59
27760,73
27761,78
27762,80
27763,10
27764,97
27765,90
27766,84
27767,94
27768,49
27769,3
27770,40
27771,58
27772,59
27773,80
27774,61
27775,83
27776,24
27777,86
27778,78
27779,32
27780,18
27781,56
27782,14
27783,40
27784,68
27785,79
27786,59
27787,95
27788,21
27789,42
27790,31
27791,12
27792,37
27793,25
27794,80
27795,4
27796,48
27797,96
27798,90
27799,4
27800,100
27801,70
27802,47
27803,17
27804,94
27805,5
27806,65
27807,76
27808,41
27809,51
27810,10
27811,25
27812,20
27813,65
27814,39
27815,55
27816,50
27817,19
27818,80
27819,79
27820,56
27821,4
27822,13
27823,23
27824,67
27825,51
27826,47
27827,87
27828,46
27829,59
27830,72
27831,2
27832,8
27833,81
27834,99
27835,82
27836,23
27837,3
27838,8
27839,96
27840,0
27841,34
27842,73
27843,11
27844,17
27845,77
27846,9
27847,73
27848,17
27849,23
27850,0
27851,93
27852,78
27853,71
27854,98
27855,81
27856,15
27857,84
27858,14
27859,61
27860,4
27861,44
27862,51
27863,70
27864,6
27865,26
27866,88
27867,85
27868,12
27869,16
27870,43
27871,12
27872,89
27873,72
27874,4
27875,32
27876,3
27877,91
27878,25
27879,67
27880,15
27881,100
27882,21
27883,35
27884,57
27885,54
27886,34
27887,24
27888,71
27889,80
27890,60
27891,17
27892,57
27893,75
27894,56
27895,96
27896,86
27897,62
27898,11
27899,10
27900,12
27901,34
27902,26
27903,88
27904,66
27905,88
27906,44
27907,73
27908,80
27909,66
27910,21
27911,77
27912,90
27913,41
27914,19
27915,47
27916,17
27917,76
27918,69
27919,73
27920,100
27921,92
27922,5
27923,38
27924,10
27925,24
27926,93
27927,54
27928,83
27929,57
27930,36
27931,15
27932,94
27933,92
27934,69
27935,92
27936,95
27937,72
27938,36
27939,52
27940,86
27941,15
27942,17
27943,18
27944,43
27945,1
27946,57
27947,9
27948,75
27949,45
27950,81
27951,18
27952,37
27953,36
27954,90
27955,77
27956,44
27957,33
27958,1
27959,43
27960,96
27961,82
27962,26
27963,47
27964,93
27965,6
27966,26
27967,84
27968,70
27969,88
27970,17
27971,32
27972,32
27973,95
27974,24
27975,13
27976,37
27977,37
27978,3
27979,61
27980,81
27981,9
27982,34
27983,98
27984,22
27985,88
27986,64
27987,81
27988,78
27989,24
27990,95
27991,52
27992,83
27993,16
27994,56
27995,74
27996,76
27997,88
27998,19
27999,24
28000,41
28001,44
28002,30
28003,64
28004,51
28005,79
28006,91
28007,20
28008,29
28009,2
28010,97
28011,69
28012,42
28013,28
28014,2
28015,57
28016,32
28017,74
28018,44
28019,68
28020,31
28021,81
28022,83
28023,51
28024,63
28025,39
28026,91
28027,12
28028,89
28029,79
28030,88
28031,73
28032,28
28033,62
28034,83
28035,25
28036,95
28037,58
28038,48
28039,52
28040,87
28041,30
28042,11
28043,57
28044,35
28045,9
28046,5
28047,6
28048,30
28049,90
28050,71
28051,2
28052,46
28053,84
28054,0
28055,44
28056,53
28057,49
28058,78
28059,6
28060,62
28061,14
28062,88
28063,66
28064,29
28065,77
28066,67
28067,35
28068,66
28069,4
28070,24
28071,94
28072,10
28073,71
28074,89
28075,65
28076,27
28077,59
28078,9
28079,49
28080,38
28081,36
28082,62
28083,60
28084,84
28085,91
28086,37
28087,32
28088,74
28089,44
28090,43
28091,0
28092,52
28093,46
28094,32
28095,66
28096,89
28097,14
28098,13
28099,22
28100,53
28101,7
28102,53
28103,35
28104,83
28105,51
28106,5
28107,96
28108,27
28109,49
28110,37
28111,29
28112,80
28113,72
28114,91
28115,53
28116,70
28117,45
28118,27
28119,16
28120,47
28121,43
28122,59
28123,59
28124,4
28125,68
28126,77
28127,69
28128,6
28129,52
28130,16
28131,58
28132,8
28133,94
28134,21
28135,44
28136,72
28137,58
28138,79
28139,99
28140,97
28141,12
28142,82
28143,11
28144,35
28145,9
28146,15
28147,91
28148,18
28149,5
28150,3
28151,29
28152,94
28153,45
28154,26
28155,44
28156,84
28157,36
28158,8
28159,60
28160,34
28161,46
28162,20
28163,16
28164,54
28165,87
28166,94
28167,5
28168,34
28169,49
28170,36
28171,12
28172,24
28173,95
28174,0
28175,48
28176,34
28177,82
28178,52
28179,51
28180,53
28181,75
28182,46
28183,42
28184,19
28185,32
28186,92
28187,15
28188,77
28189,6
28190,69
28191,20
28192,35
28193,85
28194,53
28195,18
28196,24
28197,66
28198,99
28199,52
28200,97
28201,74
28202,47
28203,41
28204,46
28205,90
28206,41
28207,1
28208,5
28209,45
28210,65
28211,80
28212,39
28213,57
28214,77
28215,73
28216,32
28217,61
28218,11
28219,95
28220,48
28221,87
28222,77
28223,4
28224,50
28225,68
28226,31
28227,48
28228,96
28229,59
28230,45
28231,67
28232,93
28233,40
28234,80
28235,66
28236,12
28237,99
28238,17
28239,86
28240,98
28241,96
28242,50
28243,35
28244,80
28245,33
28246,11
28247,4
28248,47
28249,90
28250,39
28251,12
28252,25
28253,13
28254,95
28255,10
28256,37
28257,79
28258,56
28259,21
28260,15
28261,76
28262,75
28263,81
28264,28
28265,81
28266,1
28267,53
28268,1
28269,2
28270,92
28271,55
28272,71
28273,10
28274,75
28275,31
28276,3
28277,8
28278,87
28279,55
28280,15
28281,80
28282,85
28283,70
28284,9
28285,92
28286,35
28287,23
28288,63
28289,55
28290,77
28291,77
28292,88
28293,21
28294,51
28295,49
28296,46
28297,22
28298,95
28299,89
28300,90
28301,75
28302,82
28303,18
28304,51
28305,33
28306,95
28307,28
28308,60
28309,84
28310,34
28311,4
28312,75
28313,6
28314,40
28315,1
28316,88
28317,9
28318,43
28319,69
28320,90
28321,34
28322,61
28323,73
28324,72
28325,19
28326,100
28327,34
28328,36
28329,71
28330,53
28331,94
28332,79
28333,27
28334,69
28335,31
28336,91
28337,10
28338,41
28339,22
28340,29
28341,8
28342,91
28343,87
28344,58
28345,27
28346,87
28347,78
28348,32
28349,46
28350,97
28351,21
28352,28
28353,33
28354,41
28355,51
28356,46
28357,73
28358,50
28359,44
28360,93
28361,74
28362,33
28363,20
28364,12
28365,53
28366,24
28367,20
28368,0
28369,57
28370,68
28371,85
28372,70
28373,12
28374,51
28375,22
28376,20
28377,5
28378,19
28379,75
28380,39
28381,8
28382,49
28383,27
28384,10
28385,95
28386,74
28387,87
28388,55
28389,78
28390,34
28391,80
28392,24
28393,98
28394,18
28395,30
28396,80
28397,49
28398,86
28399,62
28400,46
28401,0
28402,57
28403,9
28404,7
28405,25
28406,33
28407,18
28408,77
28409,71
28410,0
28411,47
28412,24
28413,23
28414,46
28415,83
28416,93
28417,68
28418,66
28419,31
28420,16
28421,60
28422,68
28423,10
28424,37
28425,67
28426,18
28427,86
28428,16
28429,12
28430,90
28431,0
28432,1
28433,81
28434,99
28435,96
28436,99
28437,65
28438,67
28439,15
28440,3
28441,56
28442,72
28443,84
28444,22
28445,1
28446,66
28447,86
28448,25
28449,6
28450,99
28451,43
28452,32
28453,63
28454,35
28455,3
28456,22
28457,24
28458,89
28459,91
28460,91
28461,84
28462,73
28463,26
28464,50
28465,78
28466,80
28467,98
28468,68
28469,79
28470,22
28471,8
28472,32
28473,34
28474,49
28475,23
28476,87
28477,23
28478,18
28479,38
28480,60
28481,24
28482,94
28483,24
28484,26
28485,31
28486,10
28487,68
28488,32
28489,18
28490,15
28491,98
28492,10
28493,74
28494,73
28495,97
28496,68
28497,86
28498,54
28499,24
28500,92
28501,76
28502,95
28503,33
28504,11
28505,87
28506,20
28507,28
28508,50
28509,22
28510,32
28511,7
28512,41
28513,76
28514,68
28515,40
28516,73
28517,62
28518,13
28519,87
28520,61
28521,74
28522,45
28523,66
28524,92
28525,52
28526,51
28527,93
28528,100
28529,6
28530,80
28531,83
28532,53
28533,10
28534,24
28535,58
28536,87
28537,65
28538,26
28539,82
28540,57
28541,92
28542,100
28543,10
28544,54
28545,18
28546,91
28547,38
28548,84
28549,89
28550,85
28551,69
28552,10
28553,13
28554,59
28555,35
28556,40
28557,1
28558,56
28559,59
28560,19
28561,21
28562,3
28563,55
28564,92
28565,57
28566,87
28567,64
28568,87
28569,57
28570,29
28571,75
28572,18
28573,100
28574,61
28575,67
28576,78
28577,83
28578,43
28579,83
28580,60
28581,20
28582,9
28583,29
28584,23
28585,47
28586,54
28587,51
28588,37
28589,66
28590,92
28591,7
28592,28
28593,9
28594,68
28595,74
28596,67
28597,48
28598,57
28599,34
28600,49
28601,39
28602,11
28603,84
28604,15
28605,77
28606,84
28607,47
28608,90
28609,99
28610,0
28611,64
28612,21
28613,14
28614,83
28615,66
28616,13
28617,72
28618,18
28619,39
28620,97
28621,3
28622,32
28623,42
28624,36
28625,65
28626,26
28627,44
28628,80
28629,49
28630,94
28631,62
28632,5
28633,94
28634,66
28635,66
28636,96
28637,58
28638,12
28639,20
28640,63
28641,36
28642,79
28643,84
28644,47
28645,55
28646,43
28647,12
28648,3
28649,94
28650,72
28651,32
28652,36
28653,52
28654,100
28655,23
28656,88
28657,50
28658,40
28659,28
28660,58
28661,39
28662,50
28663,49
28664,35
28665,78
28666,59
28667,17
28668,19
28669,4
28670,17
28671,39
28672,0
28673,18
28674,86
28675,25
28676,28
28677,58
28678,62
28679,97
28680,82
28681,61
28682,47
28683,61
28684,17
28685,65
28686,26
28687,5
28688,69
28689,58
28690,5
28691,30
28692,93
28693,55
28694,53
28695,84
28696,40
28697,17
28698,86
28699,22
28700,91
28701,35
28702,24
28703,6
28704,81
28705,19
28706,4
28707,17
28708,32
28709,78
28710,34
28711,64
28712,62
28713,84
28714,71
28715,70
28716,40
28717,49
28718,29
28719,37
28720,34
28721,65
28722,45
28723,7
28724,67
28725,36
28726,84
28727,12
28728,72
28729,44
28730,28
28731,40
28732,55
28733,87
28734,15
28735,11
28736,65
28737,61
28738,18
28739,29
28740,15
28741,87
28742,12
28743,68
28744,22
28745,61
28746,30
28747,52
28748,16
28749,48
28750,48
28751,66
28752,25
28753,12
28754,37
28755,21
28756,84
28757,28
28758,44
28759,45
28760,38
28761,68
28762,77
28763,81
28764,67
28765,96
28766,38
28767,19
28768,76
28769,99
28770,67
28771,34
28772,7
28773,51
28774,39
28775,35
28776,5
28777,85
28778,69
28779,99
28780,72
28781,15
28782,45
28783,58
28784,37
28785,96
28786,17
28787,11
28788,53
28789,90
28790,46
28791,0
28792,14
28793,90
28794,79
28795,20
28796,0
28797,92
28798,66
28799,11
28800,27
28801,38
28802,36
28803,94
28804,59
28805,30
28806,57
28807,96
28808,96
28809,10
28810,28
28811,88
28812,12
28813,50
28814,53
28815,18
28816,57
28817,35
28818,27
28819,67
28820,2
28821,100
28822,88
28823,40
28824,34
28825,92
28826,92
28827,75
28828,98
28829,83
28830,80
28831,75
28832,49
28833,99
28834,73
28835,81
28836,29
28837,71
28838,76
28839,94
28840,69
28841,53
28842,70
28843,84
28844,50
28845,27
28846,63
28847,84
28848,20
28849,87
28850,26
28851,26
28852,76
28853,49
28854,28
28855,38
28856,56
28857,91
28858,36
28859,92
28860,63
28861,47
28862,21
28863,99
28864,29
28865,27
28866,22
28867,96
28868,3
28869,2
28870,60
28871,95
28872,3
28873,64
28874,11
28875,12
28876,33
28877,58
28878,92
28879,72
28880,30
28881,70
28882,12
28883,53
28884,1
28885,32
28886,49
28887,6
28888,17
28889,50
28890,7
28891,54
28892,75
28893,42
28894,58
28895,29
28896,58
28897,8
28898,91
28899,67
28900,38
28901,80
28902,10
28903,1
28904,22
28905,62
28906,21
28907,60
28908,25
28909,11
28910,31
28911,8
28912,68
28913,89
28914,70
28915,92
28916,32
28917,23
28918,88
28919,94
28920,92
28921,68
28922,37
28923,10
28924,31
28925,63
28926,71
28927,19
28928,33
28929,41
28930,7
28931,65
28932,20
28933,78
28934,69
28935,4
28936,66
28937,42
28938,15
28939,98
28940,72
28941,34
28942,82
28943,42
28944,97
28945,38
28946,9
28947,73
28948,19
28949,0
28950,5
28951,52
28952,45
28953,65
28954,37
28955,32
28956,66
28957,99
28958,76
28959,34
28960,78
28961,44
28962,21
28963,67
28964,16
28965,4
28966,84
28967,56
28968,87
28969,94
28970,39
28971,29
28972,41
28973,6
28974,70
28975,90
28976,87
28977,18
28978,40
28979,33
28980,21
28981,51
28982,90
28983,5
28984,73
28985,94
28986,24
28987,65
28988,9
28989,73
28990,25
28991,4
28992,85
28993,67
28994,97
28995,70
28996,49
28997,16
28998,10
28999,52
29000,49
29001,7
29002,91
29003,96
29004,61
29005,88
29006,84
29007,75
29008,89
29009,28
29010,98
29011,100
29012,43
29013,44
29014,28
29015,87
29016,58
29017,14
29018,69
29019,95
29020,43
29021,97
29022,35
29023,83
29024,56
29025,63
29026,75
29027,98
29028,37
29029,16
29030,26
29031,16
29032,62
29033,10
29034,63
29035,38
29036,1
29037,65
29038,53
29039,28
29040,44
29041,87
29042,87
29043,79
29044,30
29045,48
29046,8
29047,26
29048,55
29049,77
29050,44
29051,88
29052,42
29053,21
29054,98
29055,32
29056,26
29057,39
29058,25
29059,82
29060,44
29061,44
29062,25
29063,69
29064,66
29065,5
29066,27
29067,66
29068,12
29069,62
29070,12
29071,76
29072,0
29073,39
29074,36
29075,30
29076,16
29077,8
29078,63
29079,56
29080,12
29081,36
29082,13
29083,74
29084,24
29085,94
29086,77
29087,56
29088,70
29089,87
29090,99
29091,41
29092,41
29093,46
29094,43
29095,40
29096,2
29097,89
29098,89
29099,0
29100,78
29101,10
29102,100
29103,6
29104,11
29105,37
29106,53
29107,66
29108,52
29109,89
29110,93
29111,31
29112,99
29113,44
29114,50
29115,36
29116,58
29117,53
29118,17
29119,0
29120,20
29121,27
29122,15
29123,47
29124,27
29125,21
29126,82
29127,0
29128,94
29129,41
29130,97
29131,69
29132,91
29133,2
29134,94
29135,79
29136,80
29137,43
29138,26
29139,50
29140,23
29141,19
29142,31
29143,98
29144,12
29145,42
29146,19
29147,1
29148,67
29149,90
29150,59
29151,88
29152,3
29153,95
29154,16
29155,0
29156,32
29157,29
29158,4
29159,11
29160,31
29161,37
29162,16
29163,57
29164,39
29165,95
29166,23
29167,11
29168,94
29169,18
29170,28
29171,84
29172,89
29173,51
29174,91
29175,16
29176,72
29177,20
29178,59
29179,97
29180,74
29181,19
29182,52
29183,79
29184,62
29185,56
29186,28
29187,0
29188,81
29189,58
29190,63
29191,85
29192,71
29193,70
29194,88
29195,93
29196,97
29197,43
29198,47
29199,74
29200,14
29201,34
29202,22
29203,52
29204,44
29205,84
29206,91
29207,12
29208,33
29209,37
29210,69
29211,67
29212,4
29213,39
29214,69
29215,20
29216,27
29217,2
29218,22
29219,71
29220,18
29221,74
29222,49
29223,73
29224,57
29225,91
29226,19
29227,91
29228,92
29229,71
29230,82
29231,52
29232,84
29233,81
29234,8
29235,3
29236,40
29237,24
29238,33
29239,72
29240,8
29241,81
29242,74
29243,12
29244,8
29245,79
29246,3
29247,33
29248,6
29249,14
29250,37
29251,74
29252,95
29253,90
29254,93
29255,51
29256,80
29257,99
29258,82
29259,6
29260,44
29261,58
29262,20
29263,27
29264,2
29265,13
29266,1
29267,28
29268,17
29269,36
29270,44
29271,44
29272,23
29273,45
29274,11
29275,52
29276,44
29277,31
29278,17
29279,12
29280,3
29281,22
29282,61
29283,53
29284,73
29285,54
29286,68
29287,39
29288,13
29289,97
29290,27
29291,71
29292,79
29293,94
29294,70
29295,66
29296,28
29297,99
29298,60
29299,67
29300,8
29301,16
29302,48
29303,62
29304,83
29305,77
29306,45
29307,92
29308,12
29309,99
29310,44
29311,52
29312,16
29313,46
29314,61
29315,49
29316,42
29317,67
29318,83
29319,74
29320,85
29321,71
29322,27
29323,44
29324,40
29325,93
29326,96
29327,96
29328,35
29329,90
29330,83
29331,32
29332,24
29333,18
29334,46
29335,84
29336,32
29337,66
29338,13
29339,78
29340,32
29341,41
29342,85
29343,64
29344,94
29345,46
29346,34
29347,83
29348,31
29349,54
29350,53
29351,75
29352,50
29353,79
29354,58
29355,71
29356,13
29357,17
29358,54
29359,93
29360,96
29361,97
29362,55
29363,48
29364,97
29365,59
29366,52
29367,70
29368,5
29369,69
29370,85
29371,7
29372,100
29373,14
29374,25
29375,38
29376,2
29377,56
29378,9
29379,2
29380,93
29381,45
29382,21
29383,66
29384,64
29385,96
29386,18
29387,99
29388,61
29389,97
29390,56
29391,94
29392,87
29393,75
29394,12
29395,15
29396,15
29397,51
29398,83
29399,40
29400,47
29401,90
29402,38
29403,12
29404,3
29405,95
29406,97
29407,42
29408,80
29409,87
29410,92
29411,45
29412,91
29413,46
29414,85
29415,91
29416,52
29417,24
29418,40
29419,2
29420,76
29421,94
29422,12
29423,17
29424,36
29425,42
29426,33
29427,80
29428,54
29429,51
29430,84
29431,35
29432,53
29433,58
29434,51
29435,18
29436,11
29437,91
29438,10
29439,47
29440,100
29441,91
29442,98
29443,78
29444,15
29445,70
29446,46
29447,66
29448,30
29449,75
29450,7
29451,88
29452,60
29453,43
29454,49
29455,34
29456,75
29457,60
29458,84
29459,89
29460,54
29461,65
29462,13
29463,3
29464,16
29465,68
29466,23
29467,48
29468,54
29469,70
29470,22
29471,80
29472,11
29473,10
29474,74
29475,97
29476,100
29477,28
29478,61
29479,52
29480,47
29481,99
29482,90
29483,85
29484,65
29485,99
29486,47
29487,93
29488,58
29489,70
29490,56
29491,75
29492,2
29493,80
29494,31
29495,7
29496,86
29497,29
29498,14
29499,73
29500,54
29501,37
29502,14
29503,29
29504,45
29505,63
29506,25
29507,77
29508,66
29509,35
29510,89
29511,77
29512,30
29513,77
29514,39
29515,73
29516,72
29517,45
29518,41
29519,17
29520,99
29521,35
29522,75
29523,49
29524,60
29525,39
29526,2
29527,81
29528,6
29529,30
29530,64
29531,94
29532,63
29533,76
29534,92
29535,2
29536,92
29537,34
29538,14
29539,20
29540,61
29541,82
29542,27
29543,3
29544,12
29545,78
29546,50
29547,47
29548,38
29549,95
29550,66
29551,93
29552,57
29553,83
29554,1
29555,24
29556,10
29557,0
29558,47
29559,47
29560,9
29561,80
29562,29
29563,34
29564,18
29565,52
29566,33
29567,31
29568,75
29569,80
29570,5
29571,12
29572,85
29573,74
29574,63
29575,6
29576,44
29577,44
29578,84
29579,64
29580,93
29581,18
29582,46
29583,45
29584,28
29585,98
29586,83
29587,99
29588,60
29589,64
29590,22
29591,94
29592,50
29593,62
29594,98
29595,21
29596,70
29597,32
29598,99
29599,43
29600,6
29601,90
29602,1
29603,16
29604,64
29605,57
29606,29
29607,85
29608,91
29609,96
29610,25
29611,34
29612,62
29613,74
29614,70
29615,27
29616,24
29617,60
29618,30
29619,53
29620,66
29621,96
29622,50
29623,57
29624,33
29625,58
29626,20
29627,55
29628,36
29629,63
29630,18
29631,100
29632,84
29633,77
29634,73
29635,52
29636,70
29637,92
29638,62
29639,61
29640,71
29641,76
29642,18
29643,74
29644,1
29645,5
29646,28
29647,40
29648,50
29649,4
29650,40
29651,61
29652,29
29653,61
29654,99
29655,26
29656,49
29657,81
29658,51
29659,48
29660,61
29661,99
29662,59
29663,79
29664,53
29665,4
29666,8
29667,33
29668,97
29669,35
29670,94
29671,19
29672,80
29673,83
29674,91
29675,84
29676,82
29677,62
29678,66
29679,29
29680,68
29681,69
29682,2
29683,48
29684,41
29685,23
29686,43
29687,0
29688,53
29689,51
29690,35
29691,78
29692,37
29693,43
29694,81
29695,86
29696,46
29697,28
29698,50
29699,40
29700,85
29701,63
29702,87
29703,47
29704,76
29705,96
29706,21
29707,98
29708,16
29709,85
29710,4
29711,60
29712,88
29713,5
29714,52
29715,80
29716,94
29717,16
29718,58
29719,96
29720,38
29721,53
29722,47
29723,36
29724,47
29725,67
29726,77
29727,76
29728,26
29729,87
29730,26
29731,71
29732,62
29733,51
29734,46
29735,20
29736,56
29737,74
29738,94
29739,90
29740,41
29741,47
29742,26
29743,71
29744,32
29745,75
29746,34
29747,97
29748,15
29749,35
29750,65
29751,75
29752,90
29753,55
29754,16
29755,19
29756,84
29757,93
29758,83
29759,7
29760,17
29761,17
29762,17
29763,1
29764,75
29765,95
29766,71
29767,50
29768,9
29769,74
29770,13
29771,25
29772,46
29773,29
29774,55
29775,41
29776,3
29777,10
29778,23
29779,85
29780,66
29781,36
29782,1
29783,11
29784,20
29785,68
29786,70
29787,63
29788,67
29789,42
29790,53
29791,99
29792,61
29793,85
29794,92
29795,72
29796,89
29797,11
29798,0
29799,71
29800,32
29801,63
29802,67
29803,13
29804,92
29805,13
29806,8
29807,72
29808,25
29809,48
29810,16
29811,67
29812,59
29813,2
29814,92
29815,24
29816,20
29817,11
29818,53
29819,0
29820,0
29821,44
29822,45
29823,47
29824,6
29825,9
29826,14
29827,39
29828,10
29829,55
29830,45
29831,44
29832,86
29833,12
29834,26
29835,80
29836,49
29837,60
29838,12
29839,11
29840,28
29841,84
29842,83
29843,19
29844,30
29845,7
29846,23
29847,74
29848,38
29849,32
29850,41
29851,14
29852,67
29853,64
29854,31
29855,10
29856,93
29857,36
29858,18
29859,50
29860,99
29861,33
29862,70
29863,59
29864,83
29865,52
29866,11
29867,61
29868,95
29869,65
29870,85
29871,47
29872,39
29873,23
29874,49
29875,94
29876,67
29877,87
29878,42
29879,16
29880,82
29881,54
29882,33
29883,96
29884,69
29885,59
29886,50
29887,99
29888,76
29889,72
29890,34
29891,33
29892,15
29893,81
29894,17
29895,37
29896,42
29897,31
29898,6
29899,86
29900,86
29901,45
29902,60
29903,17
29904,70
29905,39
29906,87
29907,77
29908,49
29909,4
29910,53
29911,85
29912,57
29913,21
29914,73
29915,89
29916,78
29917,37
29918,48
29919,0
29920,77
29921,35
29922,94
29923,27
29924,97
29925,34
29926,59
29927,61
29928,86
29929,45
29930,82
29931,81
29932,78
29933,60
29934,64
29935,88
29936,25
29937,34
29938,56
29939,78
29940,62
29941,3
29942,78
29943,41
29944,44
29945,38
29946,64
29947,21
29948,10
29949,36
29950,89
29951,50
29952,90
29953,57
29954,76
29955,6
29956,7
29957,50
29958,22
29959,89
29960,90
29961,8
29962,45
29963,37
29964,12
29965,6
29966,10
29967,73
29968,96
29969,49
29970,66
29971,40
29972,28
29973,36
29974,55
29975,79
29976,15
29977,43
29978,49
29979,70
29980,78
29981,5
29982,17
29983,18
29984,50
29985,65
29986,2
29987,88
29988,99
29989,53
29990,48
29991,27
29992,37
29993,27
29994,31
29995,40
29996,35
29997,35
29998,86
29999,65
30000,9
30001,69
30002,71
30003,78
30004,92
30005,62
30006,91
30007,21
30008,97
30009,19
30010,32
30011,14
30012,6
30013,87
30014,89
30015,49
30016,9
30017,78
30018,36
30019,58
30020,87
30021,74
30022,62
30023,20
30024,78
30025,78
30026,36
30027,44
30028,13
30029,42
30030,84
30031,83
30032,32
30033,2
30034,86
30035,43
30036,86
30037,90
30038,34
30039,24
30040,95
30041,85
30042,7
30043,61
30044,17
30045,91
30046,27
30047,74
30048,11
30049,63
30050,1
30051,58
30052,36
30053,3
30054,40
30055,44
30056,33
30057,86
30058,12
30059,6
30060,31
30061,22
30062,48
30063,71
30064,46
30065,36
30066,97
30067,47
30068,28
30069,36
30070,22
30071,37
30072,92
30073,43
30074,4
30075,51
30076,39
30077,10
30078,77
30079,1
30080,34
30081,44
30082,48
30083,34
30084,91
30085,71
30086,31
30087,67
30088,70
30089,38
30090,47
30091,90
30092,36
30093,59
30094,80
30095,73
30096,3
30097,22
30098,13
30099,4
30100,65
30101,23
30102,17
30103,26
30104,23
30105,28
30106,10
30107,17
30108,3
30109,32
30110,77
30111,41
30112,31
30113,50
30114,3
30115,19
30116,84
30117,66
30118,88
30119,67
30120,61
30121,57
30122,46
30123,74
30124,79
30125,58
30126,99
30127,5
30128,94
30129,39
30130,76
30131,22
30132,51
30133,3
30134,36
30135,41
30136,100
30137,43
30138,96
30139,41
30140,28
30141,100
30142,18
30143,83
30144,31
30145,43
30146,54
30147,79
30148,4
30149,45
30150,75
30151,44
30152,20
30153,77
30154,100
30155,21
30156,29
30157,22
30158,4
30159,62
30160,92
30161,58
30162,93
30163,81
30164,51
30165,64
30166,38
30167,80
30168,2
30169,41
30170,70
30171,26
30172,27
30173,53
30174,94
30175,14
30176,52
30177,71
30178,69
30179,91
30180,3
30181,93
30182,16
30183,33
30184,5
30185,35
30186,98
30187,38
30188,79
30189,65
30190,7
30191,14
30192,62
30193,90
30194,79
30195,64
30196,58
30197,9
30198,6
30199,73
30200,75
30201,80
30202,11
30203,78
30204,45
30205,31
30206,31
30207,89
30208,77
30209,89
30210,60
30211,68
30212,60
30213,45
30214,67
30215,91
30216,54
30217,0
30218,76
30219,66
30220,48
30221,24
30222,15
30223,84
30224,12
30225,51
30226,35
30227,71
30228,43
30229,82
30230,46
30231,79
30232,75
30233,19
30234,17
30235,53
30236,11
30237,24
30238,59
30239,74
30240,85
30241,33
30242,12
30243,37
30244,11
30245,35
30246,27
30247,90
30248,38
30249,76
30250,42
30251,90
30252,30
30253,1
30254,81
30255,89
30256,41
30257,30
30258,60
30259,55
30260,85
30261,99
30262,82
30263,13
30264,13
30265,28
30266,80
30267,49
30268,49
30269,62
30270,100
30271,72
30272,64
30273,67
30274,70
30275,10
30276,13
30277,82
30278,2
30279,7
30280,92
30281,100
30282,42
30283,8
30284,18
30285,11
30286,26
30287,100
30288,57
30289,24
30290,44
30291,47
30292,49
30293,80
30294,43
30295,58
30296,32
30297,77
30298,27
30299,17
30300,54
30301,32
30302,14
30303,60
30304,10
30305,35
30306,14
30307,52
30308,61
30309,47
30310,93
30311,14
30312,62
30313,86
30314,42
30315,49
30316,59
30317,58
30318,14
30319,28
30320,74
30321,81
30322,39
30323,30
30324,72
30325,85
30326,10
30327,80
30328,96
30329,61
30330,74
30331,7
30332,50
30333,56
30334,3
30335,35
30336,18
30337,23
30338,40
30339,48
30340,81
30341,96
30342,45
30343,35
30344,9
30345,77
30346,6
30347,11
30348,85
30349,90
30350,47
30351,36
30352,74
30353,35
30354,59
30355,76
30356,95
30357,7
30358,6
30359,42
30360,57
30361,80
30362,85
30363,45
30364,33
30365,83
30366,71
30367,21
30368,90
30369,97
30370,20
30371,14
30372,4
30373,16
30374,71
30375,18
30376,4
30377,22
30378,82
30379,13
30380,9
30381,30
30382,12
30383,21
30384,36
30385,38
30386,9
30387,30
30388,42
30389,98
30390,76
30391,93
30392,97
30393,35
30394,34
30395,67
30396,54
30397,67
30398,46
30399,5
30400,27
30401,29
30402,26
30403,68
30404,38
30405,34
30406,43
30407,14
30408,82
30409,93
30410,31
30411,28
30412,62
30413,5
30414,89
30415,26
30416,98
30417,27
30418,4
30419,40
30420,55
30421,53
30422,79
30423,17
30424,76
30425,42
30426,88
30427,73
30428,28
30429,9
30430,5
30431,79
30432,88
30433,3
30434,100
30435,33
30436,82
30437,32
30438,3
30439,43
30440,97
30441,75
30442,30
30443,79
30444,65
30445,57
30446,59
30447,1
30448,35
30449,69
30450,59
30451,22
30452,46
30453,100
30454,45
30455,79
30456,43
30457,18
30458,48
30459,87
30460,57
30461,90
30462,6
30463,93
30464,40
30465,77
30466,14
30467,75
30468,52
30469,92
30470,22
30471,76
30472,72
30473,87
30474,93
30475,64
30476,59
30477,9
30478,57
30479,46
30480,14
30481,8
30482,12
30483,22
30484,32
30485,8
30486,2
30487,93
30488,72
30489,24
30490,87
30491,95
30492,70
30493,35
30494,88
30495,19
30496,80
30497,53
30498,99
30499,89
30500,18
30501,59
30502,36
30503,2
30504,91
30505,85
30506,18
30507,52
30508,45
30509,79
30510,55
30511,69
30512,100
30513,30
30514,52
30515,33
30516,30
30517,59
30518,10
30519,99
30520,5
30521,26
30522,6
30523,48
30524,95
30525,71
30526,59
30527,32
30528,46
30529,43
30530,78
30531,26
30532,93
30533,21
30534,46
30535,92
30536,47
30537,29
30538,1
30539,14
30540,46
30541,26
30542,70
30543,26
30544,84
30545,12
30546,54
30547,16
30548,74
30549,58
30550,9
30551,32
30552,77
30553,36
30554,7
30555,32
30556,6
30557,33
30558,70
30559,6
30560,40
30561,99
30562,54
30563,6
30564,83
30565,17
30566,42
30567,77
30568,39
30569,52
30570,13
30571,20
30572,56
30573,90
30574,45
30575,25
30576,90
30577,23
30578,4
30579,41
30580,91
30581,42
30582,31
30583,87
30584,5
30585,73
30586,66
30587,6
30588,28
30589,33
30590,6
30591,80
30592,76
30593,57
30594,84
30595,30
30596,72
30597,44
30598,46
30599,76
30600,80
30601,71
30602,72
30603,72
30604,39
30605,29
30606,61
30607,70
30608,16
30609,4
30610,80
30611,0
30612,79
30613,80
30614,93
30615,30
30616,34
30617,71
30618,29
30619,84
30620,14
30621,97
30622,55
30623,59
30624,26
30625,1
30626,73
30627,63
30628,4
30629,90
30630,67
30631,12
30632,80
30633,84
30634,22
30635,96
30636,49
30637,78
30638,77
30639,72
30640,36
30641,29
30642,92
30643,22
30644,33
30645,63
30646,54
30647,70
30648,8
30649,3
30650,65
30651,90
30652,32
30653,31
30654,43
30655,36
30656,90
30657,91
30658,66
30659,59
30660,58
30661,35
30662,48
30663,50
30664,7
30665,49
30666,40
30667,100
30668,37
30669,85
30670,77
30671,78
30672,54
30673,67
30674,17
30675,64
30676,63
30677,11
30678,40
30679,41
30680,59
30681,49
30682,80
30683,82
30684,35
30685,47
30686,70
30687,72
30688,7
30689,24
30690,6
30691,7
30692,87
30693,80
30694,75
30695,30
30696,11
30697,56
30698,65
30699,11
30700,26
30701,45
30702,6
30703,60
30704,57
30705,57
30706,12
30707,52
30708,99
30709,64
30710,48
30711,34
30712,93
30713,94
30714,16
30715,71
30716,66
30717,9
30718,33
30719,85
30720,3
30721,95
30722,28
30723,45
30724,74
30725,45
30726,76
30727,58
30728,60
30729,67
30730,65
30731,33
30732,85
30733,4
30734,8
30735,19
30736,20
30737,16
30738,11
30739,91
30740,81
30741,66
30742,4
30743,59
30744,52
30745,51
30746,77
30747,47
30748,89
30749,18
30750,16
30751,53
30752,67
30753,34
30754,87
30755,40
30756,12
30757,32
30758,14
30759,62
30760,14
30761,30
30762,27
30763,9
30764,56
30765,70
30766,32
30767,6
30768,4
30769,89
30770,79
30771,56
30772,71
30773,85
30774,97
30775,39
30776,27
30777,35
30778,55
30779,46
30780,70
30781,39
30782,58
30783,42
30784,91
30785,65
30786,8
30787,5
30788,64
30789,2
30790,73
30791,36
30792,86
30793,32
30794,8
30795,52
30796,76
30797,91
30798,50
30799,70
30800,25
30801,15
30802,39
30803,89
30804,50
30805,38
30806,54
30807,95
30808,35
30809,64
30810,84
30811,76
30812,89
30813,44
30814,8
30815,36
30816,86
30817,0
30818,65
30819,62
30820,42
30821,27
30822,99
30823,30
30824,68
30825,100
30826,88
30827,7
30828,33
30829,48
30830,95
30831,57
30832,74
30833,46
30834,24
30835,2
30836,44
30837,51
30838,95
30839,98
30840,95
30841,33
30842,100
30843,68
30844,91
30845,91
30846,7
30847,26
30848,79
30849,62
30850,81
30851,24
30852,57
30853,47
30854,0
30855,7
30856,20
30857,97
30858,87
30859,100
30860,89
30861,77
30862,28
30863,29
30864,2
30865,6
30866,99
30867,10
30868,31
30869,58
30870,11
30871,78
30872,37
30873,23
30874,64
30875,17
30876,45
30877,55
30878,62
30879,6
30880,65
30881,39
30882,53
30883,30
30884,96
30885,51
30886,93
30887,30
30888,33
30889,6
30890,88
30891,15
30892,21
30893,99
30894,52
30895,90
30896,16
30897,3
30898,60
30899,98
30900,85
30901,51
30902,34
30903,43
30904,14
30905,60
30906,43
30907,20
30908,76
30909,46
30910,74
30911,48
30912,52
30913,26
30914,30
30915,43
30916,31
30917,29
30918,17
30919,62
30920,15
30921,34
30922,61
30923,8
30924,61
30925,38
30926,50
30927,100
30928,9
30929,51
30930,11
30931,71
30932,61
30933,2
30934,82
30935,10
30936,7
30937,89
30938,22
30939,9
30940,17
30941,75
30942,38
30943,25
30944,10
30945,9
30946,2
30947,61
30948,70
30949,60
30950,3
30951,60
30952,7
30953,12
30954,11
30955,34
30956,53
30957,50
30958,42
30959,99
30960,65
30961,14
30962,48
30963,33
30964,38
30965,25
30966,68
30967,47
30968,88
30969,50
30970,97
30971,3
30972,97
30973,26
30974,41
30975,55
30976,92
30977,68
30978,17
30979,60
30980,3
30981,0
30982,49
30983,83
30984,69
30985,19
30986,19
30987,45
30988,26
30989,25
30990,31
30991,9
30992,81
30993,11
30994,73
30995,87
30996,23
30997,50
30998,37
30999,45
31000,88
31001,7
31002,54
31003,77
31004,30
31005,87
31006,15
31007,19
31008,37
31009,14
31010,77
31011,75
31012,33
31013,71
31014,18
31015,68
31016,90
31017,62
31018,76
31019,31
31020,94
31021,36
31022,65
31023,6
31024,47
31025,10
31026,74
31027,86
31028,30
31029,43
31030,44
31031,71
31032,55
31033,31
31034,20
31035,30
31036,0
31037,76
31038,10
31039,92
31040,67
31041,35
31042,78
31043,58
31044,66
31045,55
31046,50
31047,28
31048,84
31049,1
31050,5
31051,30
31052,53
31053,87
31054,39
31055,16
31056,4
31057,1
31058,57
31059,11
31060,4
31061,59
31062,40
31063,19
31064,71
31065,0
31066,55
31067,69
31068,55
31069,53
31070,10
31071,2
31072,94
31073,27
31074,4
31075,89
31076,15
31077,30
31078,27
31079,6
31080,8
31081,38
31082,98
31083,42
31084,26
31085,75
31086,88
31087,92
31088,94
31089,97
31090,32
31091,90
31092,55
31093,1
31094,13
31095,12
31096,23
31097,68
31098,33
31099,86
31100,18
31101,29
31102,48
31103,42
31104,15
31105,51
31106,97
31107,48
31108,10
31109,77
31110,46
31111,78
31112,34
31113,70
31114,28
31115,53
31116,85
31117,22
31118,23
31119,98
31120,9
31121,60
31122,7
31123,47
31124,75
31125,92
31126,28
31127,86
31128,25
31129,36
31130,95
31131,51
31132,37
31133,5
31134,7
31135,16
31136,75
31137,61
31138,85
31139,77
31140,33
31141,18
31142,69
31143,81
31144,99
31145,36
31146,37
31147,14
31148,39
31149,8
31150,52
31151,69
31152,65
31153,79
31154,51
31155,0
31156,29
31157,96
31158,0
31159,38
31160,15
31161,16
31162,81
31163,21
31164,85
31165,98
31166,30
31167,39
31168,26
31169,35
31170,3
31171,68
31172,24
31173,94
31174,77
31175,29
31176,46
31177,11
31178,26
31179,44
31180,87
31181,62
31182,54
31183,29
31184,81
31185,13
31186,55
31187,18
31188,85
31189,25
31190,70
31191,91
31192,37
31193,68
31194,35
31195,17
31196,56
31197,77
31198,22
31199,13
31200,95
31201,68
31202,21
31203,27
31204,42
31205,75
31206,17
31207,99
31208,94
31209,76
31210,83
31211,35
31212,6
31213,22
31214,33
31215,95
31216,20
31217,69
31218,79
31219,98
31220,46
31221,52
31222,83
31223,40
31224,74
31225,31
31226,13
31227,87
31228,94
31229,16
31230,24
31231,63
31232,72
31233,85
31234,47
31235,34
31236,36
31237,54
31238,16
31239,27
31240,0
31241,52
31242,72
31243,54
31244,60
31245,12
31246,46
31247,63
31248,31
31249,27
31250,52
31251,30
31252,7
31253,71
31254,97
31255,86
31256,73
31257,100
31258,24
31259,32
31260,67
31261,6
31262,96
31263,65
31264,45
31265,95
31266,4
31267,16
31268,75
31269,51
31270,11
31271,61
31272,34
31273,61
31274,20
31275,84
31276,65
31277,52
31278,20
31279,14
31280,74
31281,73
31282,81
31283,22
31284,30
31285,53
31286,54
31287,25
31288,52
31289,65
31290,38
31291,6
31292,87
31293,38
31294,31
31295,25
31296,86
31297,77
31298,28
31299,24
31300,55
31301,30
31302,65
31303,1
31304,86
31305,46
31306,74
31307,28
31308,98
31309,48
31310,72
31311,31
31312,29
31313,14
31314,61
31315,77
31316,16
31317,21
31318,29
31319,80
31320,15
31321,51
31322,7
31323,63
31324,38
31325,30
31326,11
31327,32
31328,57
31329,11
31330,24
31331,37
31332,47
31333,81
31334,82
31335,54
31336,2
31337,98
31338,68
31339,34
31340,50
31341,26
31342,36
31343,84
31344,15
31345,91
31346,24
31347,32
31348,61
31349,16
31350,42
31351,29
31352,40
31353,3
31354,65
31355,59
31356,8
31357,30
31358,88
31359,100
31360,99
31361,68
31362,23
31363,23
31364,92
31365,44
31366,94
31367,36
31368,57
31369,82
31370,22
31371,34
31372,62
31373,5
31374,5
31375,100
31376,29
31377,0
31378,62
31379,7
31380,27
31381,88
31382,32
31383,52
31384,37
31385,51
31386,77
31387,10
31388,1
31389,52
31390,93
31391,93
31392,67
31393,76
31394,6
31395,66
31396,8
31397,77
31398,62
31399,10
31400,36
31401,13
31402,18
31403,7
31404,6
31405,58
31406,62
31407,6
31408,54
31409,2
31410,66
31411,17
31412,44
31413,96
31414,100
31415,91
31416,35
31417,15
31418,78
31419,28
31420,58
31421,17
31422,48
31423,45
31424,82
31425,28
31426,69
31427,49
31428,54
31429,26
31430,6
31431,90
31432,82
31433,80
31434,40
31435,10
31436,4
31437,65
31438,55
31439,11
31440,41
31441,74
31442,9
31443,27
31444,6
31445,13
31446,76
31447,68
31448,60
31449,50
31450,41
31451,7
31452,49
31453,0
31454,68
31455,10
31456,47
31457,9
31458,14
31459,46
31460,92
31461,24
31462,5
31463,10
31464,16
31465,14
31466,15
31467,55
31468,65
31469,35
31470,82
31471,37
31472,84
31473,74
31474,2
31475,97
31476,17
31477,78
31478,88
31479,53
31480,78
31481,93
31482,16
31483,81
31484,94
31485,81
31486,98
31487,12
31488,62
31489,13
31490,58
31491,35
31492,17
31493,4
31494,13
31495,24
31496,43
31497,38
31498,11
31499,60
31500,61
31501,52
31502,52
31503,27
31504,34
31505,64
31506,2
31507,42
31508,49
31509,70
31510,8
31511,35
31512,22
31513,87
31514,73
31515,49
31516,54
31517,11
31518,82
31519,31
31520,23
31521,85
31522,66
31523,26
31524,60
31525,18
31526,72
31527,50
31528,63
31529,76
31530,1
31531,35
31532,92
31533,10
31534,97
31535,67
31536,67
31537,63
31538,0
31539,88
31540,25
31541,10
31542,86
31543,1
31544,82
31545,92
31546,39
31547,3
31548,79
31549,36
31550,60
31551,90
31552,4
31553,14
31554,86
31555,66
31556,81
31557,25
31558,5
31559,43
31560,57
31561,80
31562,45
31563,41
31564,47
31565,26
31566,19
31567,69
31568,34
31569,75
31570,47
31571,66
31572,67
31573,51
31574,67
31575,3
31576,38
31577,20
31578,65
31579,15
31580,6
31581,82
31582,96
31583,8
31584,100
31585,16
31586,90
31587,96
31588,11
31589,56
31590,44
31591,10
31592,12
31593,30
31594,76
31595,25
31596,62
31597,30
31598,21
31599,5
31600,19
31601,84
31602,9
31603,82
31604,34
31605,25
31606,70
31607,36
31608,7
31609,4
31610,43
31611,99
31612,91
31613,66
31614,71
31615,78
31616,90
31617,48
31618,35
31619,79
31620,25
31621,44
31622,60
31623,43
31624,3
31625,75
31626,80
31627,57
31628,25
31629,94
31630,78
31631,97
31632,28
31633,8
31634,77
31635,35
31636,3
31637,58
31638,36
31639,87
31640,80
31641,12
31642,19
31643,16
31644,50
31645,90
31646,54
31647,32
31648,20
31649,80
31650,21
31651,24
31652,66
31653,90
31654,90
31655,11
31656,14
31657,83
31658,85
31659,1
31660,3
31661,44
31662,12
31663,54
31664,31
31665,21
31666,88
31667,90
31668,54
31669,16
31670,69
31671,50
31672,79
31673,7
31674,60
31675,96
31676,9
31677,97
31678,18
31679,13
31680,66
31681,54
31682,60
31683,55
31684,62
31685,86
31686,10
31687,46
31688,5
31689,33
31690,64
31691,98
31692,88
31693,63
31694,92
31695,86
31696,81
31697,77
31698,80
31699,65
31700,30
31701,82
31702,95
31703,61
31704,53
31705,91
31706,7
31707,41
31708,40
31709,58
31710,39
31711,21
31712,23
31713,37
31714,1
31715,40
31716,18
31717,1
31718,91
31719,95
31720,61
31721,82
31722,15
31723,93
31724,21
31725,13
31726,55
31727,64
31728,44
31729,53
31730,65
31731,85
31732,45
31733,32
31734,78
31735,49
31736,21
31737,39
31738,38
31739,40
31740,74
31741,67
31742,6
31743,84
31744,70
31745,3
31746,75
31747,90
31748,58
31749,80
31750,83
31751,94
31752,25
31753,30
31754,98
31755,72
31756,68
31757,51
31758,71
31759,20
31760,15
31761,50
31762,15
31763,17
31764,46
31765,55
31766,27
31767,81
31768,77
31769,55
31770,36
31771,15
31772,84
31773,64
31774,59
31775,60
31776,10
31777,74
31778,65
31779,31
31780,18
31781,55
31782,4
31783,2
31784,27
31785,89
31786,86
31787,93
31788,71
31789,99
31790,28
31791,76
31792,58
31793,24
31794,21
31795,96
31796,100
31797,70
31798,22
31799,69
31800,78
31801,78
31802,39
31803,97
31804,13
31805,28
31806,15
31807,92
31808,86
31809,9
31810,46
31811,3
31812,11
31813,41
31814,97
31815,3
31816,83
31817,91
31818,91
31819,5
31820,13
31821,34
31822,46
31823,57
31824,64
31825,18
31826,56
31827,64
31828,12
31829,7
31830,17
31831,34
31832,86
31833,25
31834,37
31835,83
31836,65
31837,25
31838,56
31839,99
31840,24
31841,29
31842,81
31843,6
31844,26
31845,10
31846,100
31847,7
31848,10
31849,87
31850,29
31851,93
31852,14
31853,55
31854,34
31855,38
31856,23
31857,7
31858,42
31859,41
31860,83
31861,40
31862,46
31863,25
31864,51
31865,87
31866,21
31867,4
31868,14
31869,35
31870,100
31871,62
31872,92
31873,78
31874,90
31875,48
31876,54
31877,71
31878,59
31879,56
31880,28
31881,18
31882,94
31883,72
31884,9
31885,100
31886,9
31887,96
31888,88
31889,56
31890,53
31891,55
31892,67
31893,68
31894,86
31895,54
31896,68
31897,71
31898,80
31899,0
31900,11
31901,34
31902,77
31903,81
31904,73
31905,78
31906,32
31907,82
31908,97
31909,24
31910,15
31911,7
31912,34
31913,84
31914,82
31915,45
31916,10
31917,60
31918,43
31919,10
31920,10
31921,21
31922,84
31923,90
31924,81
31925,61
31926,47
31927,93
31928,62
31929,50
31930,44
31931,32
31932,84
31933,59
31934,1
31935,12
31936,65
31937,56
31938,42
31939,44
31940,30
31941,9
31942,22
31943,85
31944,28
31945,96
31946,30
31947,77
31948,73
31949,17
31950,10
31951,46
31952,2
31953,1
31954,53
31955,71
31956,30
31957,7
31958,42
31959,47
31960,1
31961,21
31962,4
31963,6
31964,19
31965,91
31966,76
31967,1
31968,31
31969,89
31970,2
31971,40
31972,41
31973,76
31974,84
31975,44
31976,100
31977,86
31978,70
31979,16
31980,91
31981,46
31982,93
31983,68
31984,23
31985,70
31986,33
31987,49
31988,41
31989,32
31990,26
31991,77
31992,58
31993,18
31994,75
31995,2
31996,70
31997,98
31998,24
31999,14
32000,82
32001,59
32002,82
32003,22
32004,10
32005,58
32006,84
32007,33
32008,6
32009,43
32010,90
32011,63
32012,22
32013,57
32014,19
32015,26
32016,59
32017,7
32018,100
32019,66
32020,1
32021,21
32022,69
32023,35
32024,23
32025,11
32026,80
32027,21
32028,82
32029,72
32030,75
32031,95
32032,94
32033,80
32034,22
32035,73
32036,62
32037,29
32038,18
32039,25
32040,89
32041,10
32042,19
32043,55
32044,44
32045,67
32046,46
32047,75
32048,88
32049,57
32050,9
32051,21
32052,70
32053,23
32054,65
32055,95
32056,84
32057,60
32058,6
32059,71
32060,37
32061,20
32062,7
32063,88
32064,27
32065,91
32066,53
32067,30
32068,99
32069,88
32070,40
32071,36
32072,37
32073,50
32074,75
32075,36
32076,100
32077,30
32078,61
32079,17
32080,89
32081,5
32082,8
32083,10
32084,94
32085,1
32086,28
32087,50
32088,68
32089,22
32090,99
32091,6
32092,55
32093,76
32094,61
32095,73
32096,99
32097,79
32098,14
32099,52
32100,42
32101,82
32102,84
32103,34
32104,78
32105,13
32106,92
32107,68
32108,48
32109,17
32110,50
32111,0
32112,26
32113,63
32114,59
32115,90
32116,88
32117,40
32118,20
32119,13
32120,19
32121,91
32122,84
32123,86
32124,10
32125,65
32126,83
32127,23
32128,88
32129,36
32130,85
32131,23
32132,14
32133,11
32134,94
32135,63
32136,30
32137,52
32138,93
32139,83
32140,71
32141,43
32142,29
32143,34
32144,20
32145,62
32146,91
32147,16
32148,11
32149,17
32150,91
32151,59
32152,66
32153,14
32154,15
32155,21
32156,94
32157,62
32158,30
32159,0
32160,74
32161,5
32162,86
32163,8
32164,51
32165,79
32166,61
32167,57
32168,18
32169,12
32170,31
32171,99
32172,8
32173,48
32174,36
32175,30
32176,30
32177,58
32178,54
32179,18
32180,62
32181,1
32182,44
32183,95
32184,42
32185,97
32186,0
32187,84
32188,60
32189,2
32190,90
32191,43
32192,6
32193,32
32194,8
32195,29
32196,17
32197,55
32198,89
32199,83
32200,30
32201,71
32202,62
32203,86
32204,49
32205,88
32206,0
32207,81
32208,18
32209,63
32210,52
32211,5
32212,16
32213,45
32214,71
32215,72
32216,100
32217,54
32218,90
32219,99
32220,5
32221,69
32222,67
32223,85
32224,39
32225,90
32226,100
32227,65
32228,8
32229,10
32230,19
32231,42
32232,57
32233,77
32234,25
32235,37
32236,93
32237,35
32238,98
32239,54
32240,5
32241,2
32242,64
32243,63
32244,57
32245,57
32246,17
32247,22
32248,95
32249,28
32250,22
32251,35
32252,69
32253,80
32254,81
32255,94
32256,5
32257,33
32258,43
32259,43
32260,26
32261,99
32262,51
32263,41
32264,24
32265,73
32266,38
32267,38
32268,11
32269,10
32270,2
32271,21
32272,3
32273,7
32274,13
32275,83
32276,87
32277,13
32278,91
32279,15
32280,31
32281,63
32282,75
32283,15
32284,51
32285,18
32286,68
32287,11
32288,92
32289,4
32290,41
32291,16
32292,71
32293,93
32294,9
32295,83
32296,15
32297,15
32298,41
32299,2
32300,22
32301,85
32302,27
32303,44
32304,99
32305,67
32306,23
32307,18
32308,74
32309,39
32310,45
32311,39
32312,61
32313,17
32314,11
32315,13
32316,81
32317,60
32318,11
32319,26
32320,5
32321,87
32322,32
32323,79
32324,49
32325,11
32326,94
32327,56
32328,100
32329,52
32330,12
32331,71
32332,2
32333,63
32334,83
32335,57
32336,3
32337,44
32338,65
32339,35
32340,22
32341,18
32342,39
32343,71
32344,15
32345,57
32346,17
32347,35
32348,23
32349,0
32350,0
32351,63
32352,61
32353,35
32354,74
32355,17
32356,15
32357,16
32358,23
32359,97
32360,67
32361,98
32362,78
32363,1
32364,94
32365,72
32366,9
32367,52
32368,88
32369,50
32370,68
32371,13
32372,65
32373,81
32374,92
32375,52
32376,83
32377,63
32378,71
32379,100
32380,48
32381,89
32382,61
32383,36
32384,48
32385,67
32386,32
32387,21
32388,69
32389,32
32390,27
32391,87
32392,3
32393,65
32394,76
32395,48
32396,10
32397,34
32398,38
32399,9
32400,73
32401,71
32402,68
32403,22
32404,33
32405,31
32406,15
32407,67
32408,53
32409,27
32410,59
32411,77
32412,75
32413,59
32414,84
32415,79
32416,43
32417,1
32418,22
32419,92
32420,45
32421,72
32422,53
32423,70
32424,92
32425,80
32426,8
32427,69
32428,43
32429,83
32430,73
32431,72
32432,11
32433,96
32434,31
32435,33
32436,82
32437,32
32438,63
32439,47
32440,15
32441,49
32442,22
32443,25
32444,53
32445,43
32446,36
32447,8
32448,93
32449,12
32450,59
32451,79
32452,1
32453,94
32454,59
32455,56
32456,42
32457,18
32458,10
32459,77
32460,46
32461,88
32462,62
32463,6
32464,78
32465,93
32466,30
32467,87
32468,54
32469,24
32470,71
32471,29
32472,35
32473,49
32474,13
32475,28
32476,26
32477,49
32478,35
32479,33
32480,20
32481,37
32482,74
32483,96
32484,78
32485,75
32486,87
32487,49
32488,36
32489,74
32490,18
32491,0
32492,80
32493,39
32494,54
32495,79
32496,25
32497,42
32498,58
32499,50
32500,14
32501,7
32502,93
32503,13
32504,96
32505,6
32506,17
32507,11
32508,1
32509,49
32510,92
32511,20
32512,6
32513,90
32514,11
32515,83
32516,56
32517,77
32518,73
32519,22
32520,29
32521,57
32522,94
32523,51
32524,55
32525,9
32526,18
32527,18
32528,86
32529,58
32530,43
32531,58
32532,95
32533,83
32534,3
32535,96
32536,64
32537,12
32538,66
32539,11
32540,92
32541,54
32542,60
32543,94
32544,40
32545,35
32546,1
32547,21
32548,21
32549,40
32550,94
32551,13
32552,92
32553,34
32554,49
32555,8
32556,95
32557,58
32558,55
32559,90
32560,9
32561,24
32562,44
32563,96
32564,10
32565,100
32566,8
32567,6
32568,70
32569,33
32570,82
32571,19
32572,88
32573,4
32574,92
32575,54
32576,90
32577,88
32578,100
32579,14
32580,47
32581,3
32582,77
32583,80
32584,20
32585,79
32586,89
32587,8
32588,65
32589,78
32590,34
32591,87
32592,50
32593,77
32594,100
32595,36
32596,5
32597,81
32598,85
32599,81
32600,50
32601,65
32602,95
32603,16
32604,64
32605,8
32606,12
32607,99
32608,100
32609,57
32610,29
32611,30
32612,22
32613,62
32614,27
32615,58
32616,9
32617,88
32618,99
32619,89
32620,25
32621,76
32622,16
32623,39
32624,67
32625,22
32626,34
32627,74
32628,75
32629,8
32630,78
32631,44
32632,36
32633,68
32634,18
32635,74
32636,72
32637,98
32638,26
32639,12
32640,56
32641,59
32642,11
32643,8
32644,91
32645,76
32646,83
32647,76
32648,26
32649,89
32650,62
32651,92
32652,28
32653,21
32654,72
32655,87
32656,18
32657,37
32658,94
32659,38
32660,14
32661,53
32662,31
32663,45
32664,60
32665,92
32666,51
32667,33
32668,72
32669,34
32670,69
32671,36
32672,77
32673,60
32674,48
32675,8
32676,18
32677,86
32678,27
32679,79
32680,25
32681,37
32682,39
32683,24
32684,98
32685,68
32686,70
32687,22
32688,88
32689,64
32690,21
32691,63
32692,67
32693,57
32694,27
32695,77
32696,96
32697,67
32698,74
32699,95
32700,3
32701,0
32702,25
32703,32
32704,80
32705,26
32706,41
32707,68
32708,70
32709,63
32710,24
32711,71
32712,97
32713,3
32714,11
32715,57
32716,94
32717,10
32718,100
32719,58
32720,35
32721,21
32722,64
32723,49
32724,3
32725,99
32726,71
32727,88
32728,91
32729,51
32730,99
32731,99
32732,42
32733,45
32734,3
32735,12
32736,37
32737,44
32738,24
32739,66
32740,54
32741,95
32742,38
32743,64
32744,74
32745,1
32746,68
32747,85
32748,61
32749,45
32750,76
32751,86
32752,30
32753,98
32754,34
32755,44
32756,76
32757,53
32758,70
32759,68
32760,28
32761,71
32762,7
32763,53
32764,6
32765,82
32766,22
32767,99
32768,31
32769,61
32770,44
32771,67
32772,29
32773,38
32774,4
32775,66
32776,21
32777,27
32778,21
32779,85
32780,97
32781,28
32782,42
32783,41
32784,59
32785,76
32786,70
32787,73
32788,91
32789,67
32790,58
32791,95
32792,85
32793,83
32794,83
32795,5
32796,72
32797,27
32798,76
32799,30
32800,38
32801,49
32802,77
32803,85
32804,36
32805,87
32806,71
32807,14
32808,50
32809,69
32810,22
32811,24
32812,94
32813,45
32814,92
32815,22
32816,9
32817,72
32818,76
32819,31
32820,50
32821,40
32822,64
32823,64
32824,100
32825,39
32826,17
32827,35
32828,30
32829,53
32830,62
32831,0
32832,51
32833,99
32834,56
32835,8
32836,85
32837,91
32838,89
32839,73
32840,55
32841,46
32842,2
32843,1
32844,53
32845,36
32846,55
32847,30
32848,96
32849,95
32850,11
32851,57
32852,66
32853,25
32854,77
32855,11
32856,89
32857,15
32858,52
32859,71
32860,48
32861,48
32862,91
32863,6
32864,14
32865,35
32866,71
32867,73
32868,14
32869,61
32870,17
32871,45
32872,100
32873,60
32874,42
32875,43
32876,98
32877,65
32878,54
32879,85
32880,78
32881,100
32882,38
32883,99
32884,4
32885,56
32886,14
32887,90
32888,15
32889,56
32890,99
32891,81
32892,98
32893,24
32894,21
32895,30
32896,100
32897,33
32898,86
32899,15
32900,69
32901,58
32902,14
32903,81
32904,12
32905,23
32906,12
32907,64
32908,35
32909,48
32910,81
32911,47
32912,96
32913,42
32914,5
32915,80
32916,67
32917,13
32918,29
32919,83
32920,7
32921,53
32922,65
32923,100
32924,3
32925,73
32926,83
32927,59
32928,52
32929,98
32930,73
32931,91
32932,14
32933,99
32934,0
32935,21
32936,90
32937,92
32938,14
32939,73
32940,83
32941,21
32942,49
32943,47
32944,72
32945,50
32946,95
32947,16
32948,82
32949,90
32950,50
32951,36
32952,97
32953,48
32954,58
32955,9
32956,29
32957,84
32958,20
32959,33
32960,72
32961,97
32962,49
32963,75
32964,46
32965,84
32966,83
32967,5
32968,49
32969,99
32970,62
32971,11
32972,40
32973,30
32974,1
32975,15
32976,0
32977,3
32978,46
32979,64
32980,51
32981,46
32982,98
32983,76
32984,49
32985,44
32986,41
32987,94
32988,83
32989,55
32990,70
32991,56
32992,32
32993,27
32994,43
32995,55
32996,43
32997,83
32998,95
32999,72
33000,33
33001,13
33002,67
33003,28
33004,78
33005,16
33006,82
33007,8
33008,26
33009,48
33010,78
33011,36
33012,27
33013,49
33014,54
33015,3
33016,84
33017,97
33018,18
33019,36
33020,3
33021,36
33022,50
33023,31
33024,44
33025,11
33026,40
33027,55
33028,79
33029,13
33030,53
33031,62
33032,64
33033,57
33034,95
33035,20
33036,3
33037,72
33038,45
33039,85
33040,11
33041,29
33042,93
33043,95
33044,59
33045,99
33046,70
33047,80
33048,64
33049,13
33050,43
33051,25
33052,90
33053,15
33054,6
33055,31
33056,88
33057,94
33058,15
33059,77
33060,88
33061,61
33062,29
33063,70
33064,11
33065,66
33066,90
33067,45
33068,82
33069,42
33070,100
33071,54
33072,44
33073,59
33074,70
33075,79
33076,31
33077,7
33078,76
33079,61
33080,74
33081,19
33082,17
33083,100
33084,5
33085,83
33086,95
33087,28
33088,3
33089,70
33090,42
33091,83
33092,33
33093,99
33094,70
33095,32
33096,14
33097,95
33098,85
33099,39
33100,92
33101,88
33102,4
33103,77
33104,49
33105,98
33106,65
33107,88
33108,53
33109,79
33110,45
33111,79
33112,10
33113,48
33114,98
33115,22
33116,54
33117,4
33118,63
33119,34
33120,92
33121,68
33122,53
33123,2
33124,5
33125,86
33126,55
33127,1
33128,81
33129,93
33130,37
33131,55
33132,4
33133,45
33134,10
33135,64
33136,9
33137,40
33138,43
33139,89
33140,32
33141,90
33142,55
33143,11
33144,1
33145,0
33146,64
33147,32
33148,85
33149,75
33150,35
33151,20
33152,83
33153,35
33154,25
33155,46
33156,94
33157,0
33158,37
33159,13
33160,89
33161,45
33162,41
33163,6
33164,54
33165,55
33166,75
33167,62
33168,23
33169,82
33170,72
33171,98
33172,3
33173,41
33174,95
33175,69
33176,27
33177,91
33178,39
33179,50
33180,28
33181,41
33182,68
33183,4
33184,100
33185,40
33186,60
33187,54
33188,27
33189,40
33190,8
33191,28
33192,77
33193,37
33194,61
33195,53
33196,51
33197,33
33198,36
33199,48
33200,41
33201,13
33202,81
33203,32
33204,97
33205,91
33206,99
33207,100
33208,86
33209,16
33210,74
33211,31
33212,100
33213,78
33214,67
33215,38
33216,93
33217,9
33218,86
33219,23
33220,99
33221,57
33222,68
33223,100
33224,63
33225,18
33226,100
33227,7
33228,70
33229,39
33230,12
33231,100
33232,26
33233,81
33234,87
33235,1
33236,15
33237,13
33238,16
33239,59
33240,69
33241,98
33242,16
33243,44
33244,37
33245,63
33246,5
33247,59
33248,48
33249,20
33250,98
33251,22
33252,75
33253,56
33254,63
33255,28
33256,26
33257,5
33258,20
33259,70
33260,40
33261,79
33262,4
33263,14
33264,20
33265,57
33266,3
33267,68
33268,6
33269,34
33270,35
33271,14
33272,91
33273,1
33274,56
33275,4
33276,70
33277,85
33278,94
33279,31
33280,71
33281,40
33282,41
33283,74
33284,64
33285,39
33286,82
33287,37
33288,41
33289,36
33290,55
33291,70
33292,54
33293,88
33294,53
33295,21
33296,26
33297,46
33298,37
33299,38
33300,14
33301,65
33302,60
33303,59
33304,7
33305,43
33306,42
33307,5
33308,83
33309,26
33310,44
33311,22
33312,80
33313,12
33314,67
33315,83
33316,63
33317,24
33318,85
33319,51
33320,47
33321,60
33322,16
33323,39
33324,74
33325,88
33326,68
33327,84
33328,25
33329,79
33330,55
33331,39
33332,84
33333,95
33334,67
33335,7
33336,72
33337,44
33338,16
33339,40
33340,76
33341,8
33342,69
33343,90
33344,100
33345,23
33346,72
33347,10
33348,34
33349,28
33350,7
33351,16
33352,70
33353,11
33354,78
33355,92
33356,49
33357,23
33358,36
33359,77
33360,10
33361,98
33362,80
33363,58
33364,54
33365,26
33366,66
33367,59
33368,1
33369,67
33370,17
33371,19
33372,84
33373,62
33374,77
33375,71
33376,1
33377,89
33378,82
33379,41
33380,27
33381,28
33382,68
33383,27
33384,59
33385,89
33386,4
33387,14
33388,72
33389,31
33390,51
33391,89
33392,36
33393,14
33394,40
33395,3
33396,52
33397,99
33398,83
33399,26
33400,20
33401,59
33402,85
33403,63
33404,70
33405,46
33406,53
33407,30
33408,16
33409,49
33410,6
33411,82
33412,27
33413,9
33414,26
33415,12
33416,65
33417,85
33418,83
33419,59
33420,42
33421,68
33422,62
33423,69
33424,98
33425,64
33426,98
33427,66
33428,53
33429,35
33430,70
33431,92
33432,14
33433,74
33434,17
33435,3
33436,87
33437,10
33438,5
33439,50
33440,57
33441,59
33442,17
33443,78
33444,66
33445,16
33446,96
33447,33
33448,29
33449,18
33450,8
33451,39
33452,43
33453,94
33454,58
33455,90
33456,24
33457,70
33458,52
33459,47
33460,70
33461,83
33462,52
33463,48
33464,42
33465,99
33466,18
33467,65
33468,33
33469,80
33470,87
33471,72
33472,53
33473,0
33474,91
33475,54
33476,14
33477,84
33478,14
33479,22
33480,65
33481,45
33482,99
33483,8
33484,65
33485,65
33486,17
33487,16
33488,71
33489,97
33490,33
33491,68
33492,63
33493,43
33494,28
33495,61
33496,91
33497,15
33498,77
33499,51
33500,1
33501,60
33502,3
33503,51
33504,40
33505,51
33506,30
33507,25
33508,26
33509,50
33510,97
33511,94
33512,47
33513,10
33514,7
33515,11
33516,98
33517,44
33518,33
33519,76
33520,90
33521,71
33522,46
33523,20
33524,40
33525,74
33526,21
33527,20
33528,27
33529,66
33530,70
33531,13
33532,78
33533,72
33534,51
33535,42
33536,70
33537,75
33538,18
33539,26
33540,17
33541,12
33542,0
33543,84
33544,33
33545,12
33546,50
33547,86
33548,0
33549,86
33550,27
33551,31
33552,71
33553,54
33554,25
33555,13
33556,87
33557,92
33558,67
33559,62
33560,81
33561,13
33562,26
33563,40
33564,2
33565,93
33566,58
33567,99
33568,22
33569,17
33570,73
33571,75
33572,40
33573,7
33574,31
33575,80
33576,40
33577,44
33578,77
33579,100
33580,8
33581,89
33582,47
33583,23
33584,86
33585,94
33586,43
33587,57
33588,65
33589,17
33590,79
33591,28
33592,74
33593,1
33594,77
33595,67
33596,97
33597,38
33598,72
33599,40
33600,70
33601,80
33602,86
33603,74
33604,21
33605,81
33606,48
33607,27
33608,15
33609,67
33610,61
33611,35
33612,21
33613,10
33614,84
33615,79
33616,41
33617,54
33618,72
33619,34
33620,56
33621,33
33622,72
33623,76
33624,69
33625,3
33626,45
33627,91
33628,10
33629,97
33630,60
33631,34
33632,68
33633,56
33634,10
33635,11
33636,42
33637,18
33638,76
33639,67
33640,77
33641,58
33642,1
33643,7
33644,21
33645,76
33646,20
33647,84
33648,91
33649,96
33650,28
33651,100
33652,85
33653,89
33654,74
33655,74
33656,97
33657,82
33658,36
33659,77
33660,28
33661,82
33662,36
33663,20
33664,87
33665,89
33666,11
33667,47
33668,82
33669,46
33670,93
33671,14
33672,66
33673,12
33674,58
33675,72
33676,12
33677,79
33678,77
33679,71
33680,18
33681,56
33682,31
33683,98
33684,86
33685,20
33686,81
33687,13
33688,79
33689,23
33690,48
33691,31
33692,74
33693,10
33694,59
33695,67
33696,60
33697,89
33698,4
33699,35
33700,96
33701,63
33702,77
33703,31
33704,70
33705,73
33706,65
33707,9
33708,98
33709,20
33710,39
33711,41
33712,71
33713,45
33714,81
33715,72
33716,40
33717,93
33718,3
33719,98
33720,13
33721,13
33722,52
33723,100
33724,83
33725,28
33726,22
33727,84
33728,30
33729,95
33730,70
33731,76
33732,60
33733,22
33734,7
33735,75
33736,99
33737,15
33738,25
33739,28
33740,92
33741,5
33742,36
33743,32
33744,94
33745,45
33746,60
33747,40
33748,17
33749,94
33750,15
33751,50
33752,36
33753,13
33754,67
33755,29
33756,59
33757,52
33758,96
33759,35
33760,29
33761,63
33762,13
33763,22
33764,47
33765,27
33766,6
33767,41
33768,9
33769,67
33770,43
33771,12
33772,84
33773,32
33774,91
33775,86
33776,31
33777,47
33778,4
33779,60
33780,89
33781,89
33782,2
33783,23
33784,97
33785,33
33786,83
33787,93
33788,41
33789,19
33790,40
33791,81
33792,19
33793,5
33794,56
33795,41
33796,24
33797,40
33798,40
33799,2
33800,42
33801,45
33802,56
33803,82
33804,73
33805,50
33806,4
33807,85
33808,72
33809,96
33810,14
33811,87
33812,93
33813,99
33814,38
33815,69
33816,78
33817,37
33818,38
33819,51
33820,85
33821,2
33822,28
33823,92
33824,30
33825,65
33826,98
33827,44
33828,72
33829,21
33830,82
33831,100
33832,9
33833,20
33834,16
33835,66
33836,6
33837,100
33838,35
33839,66
33840,76
33841,29
33842,86
33843,70
33844,93
33845,28
33846,71
33847,73
33848,32
33849,58
33850,19
33851,92
33852,28
33853,52
33854,84
33855,0
33856,33
33857,43
33858,95
33859,13
33860,36
33861,34
33862,58
33863,23
33864,64
33865,5
33866,67
33867,37
33868,0
33869,40
33870,30
33871,35
33872,72
33873,53
33874,86
33875,30
33876,28
33877,84
33878,2
33879,57
33880,89
33881,60
33882,5
33883,19
33884,60
33885,45
33886,12
33887,22
33888,78
33889,30
33890,3
33891,74
33892,65
33893,15
33894,30
33895,47
33896,42
33897,3
33898,61
33899,47
33900,27
33901,15
33902,88
33903,76
33904,68
33905,29
33906,64
33907,68
33908,13
33909,74
33910,33
33911,55
33912,28
33913,81
33914,78
33915,24
33916,93
33917,65
33918,39
33919,90
33920,14
33921,31
33922,19
33923,52
33924,77
33925,90
33926,66
33927,48
33928,66
33929,76
33930,88
33931,81
33932,0
33933,38
33934,60
33935,54
33936,68
33937,1
33938,93
33939,16
33940,28
33941,3
33942,72
33943,63
33944,84
33945,42
33946,75
33947,11
33948,49
33949,67
33950,60
33951,91
33952,72
33953,50
33954,95
33955,76
33956,97
33957,82
33958,77
33959,4
33960,90
33961,27
33962,89
33963,9
33964,87
33965,80
33966,51
33967,79
33968,16
33969,64
33970,20
33971,53
33972,48
33973,21
33974,68
33975,63
33976,35
33977,20
33978,55
33979,72
33980,90
33981,47
33982,75
33983,17
33984,98
33985,14
33986,43
33987,93
33988,44
33989,96
33990,35
33991,39
33992,50
33993,29
33994,25
33995,84
33996,100
33997,30
33998,55
33999,60
34000,16
34001,80
34002,97
34003,23
34004,96
34005,3
34006,8
34007,1
34008,34
34009,37
34010,44
34011,14
34012,41
34013,2
34014,30
34015,51
34016,40
34017,56
34018,41
34019,52
34020,55
34021,86
34022,75
34023,71
34024,52
34025,84
34026,84
34027,31
34028,80
34029,53
34030,36
34031,87
34032,7
34033,81
34034,10
34035,53
34036,59
34037,9
34038,89
34039,69
34040,80
34041,86
34042,41
34043,36
34044,91
34045,79
34046,75
34047,57
34048,84
34049,58
34050,23
34051,27
34052,36
34053,20
34054,32
34055,1
34056,100
34057,82
34058,27
34059,14
34060,0
34061,27
34062,49
34063,34
34064,95
34065,27
34066,8
34067,23
34068,62
34069,3
34070,55
34071,40
34072,66
34073,47
34074,85
34075,57
34076,38
34077,24
34078,59
34079,85
34080,46
34081,97
34082,60
34083,83
34084,99
34085,100
34086,26
34087,95
34088,41
34089,51
34090,92
34091,47
34092,31
34093,23
34094,2
34095,26
34096,72
34097,39
34098,22
34099,6
34100,80
34101,36
34102,6
34103,93
34104,76
34105,81
34106,94
34107,21
34108,77
34109,81
34110,98
34111,16
34112,18
34113,94
34114,38
34115,35
34116,14
34117,62
34118,28
34119,59
34120,55
34121,39
34122,15
34123,32
34124,88
34125,15
34126,29
34127,97
34128,65
34129,43
34130,37
34131,50
34132,59
34133,17
34134,4
34135,39
34136,5
34137,75
34138,11
34139,11
34140,72
34141,21
34142,48
34143,49
34144,79
34145,3
34146,49
34147,2
34148,15
34149,13
34150,63
34151,40
34152,67
34153,58
34154,1
34155,9
34156,74
34157,89
34158,100
34159,25
34160,3
34161,89
34162,27
34163,1
34164,65
34165,15
34166,56
34167,22
34168,22
34169,76
34170,20
34171,24
34172,57
34173,36
34174,48
34175,76
34176,14
34177,27
34178,66
34179,86
34180,3
34181,46
34182,49
34183,59
34184,61
34185,66
34186,71
34187,42
34188,88
34189,57
34190,51
34191,75
34192,68
34193,96
34194,45
34195,24
34196,24
34197,34
34198,60
34199,14
34200,89
34201,73
34202,87
34203,34
34204,28
34205,37
34206,68
34207,23
34208,18
34209,45
34210,48
34211,43
34212,72
34213,25
34214,24
34215,34
34216,35
34217,13
34218,55
34219,5
34220,31
34221,25
34222,14
34223,48
34224,94
34225,55
34226,36
34227,52
34228,57
34229,100
34230,82
34231,77
34232,35
34233,100
34234,10
34235,26
34236,1
34237,21
34238,65
34239,83
34240,16
34241,3
34242,13
34243,6
34244,78
34245,93
34246,15
34247,65
34248,18
34249,0
34250,30
34251,3
34252,90
34253,57
34254,55
34255,52
34256,88
34257,85
34258,42
34259,73
34260,96
34261,48
34262,59
34263,93
34264,93
34265,15
34266,72
34267,80
34268,98
34269,59
34270,46
34271,14
34272,62
34273,27
34274,19
34275,96
34276,62
34277,32
34278,35
34279,12
34280,61
34281,67
34282,22
34283,71
34284,12
34285,87
34286,39
34287,29
34288,93
34289,24
34290,96
34291,72
34292,25
34293,23
34294,96
34295,38
34296,88
34297,78
34298,60
34299,48
34300,40
34301,69
34302,19
34303,43
34304,15
34305,20
34306,14
34307,38
34308,41
34309,60
34310,3
34311,23
34312,2
34313,0
34314,93
34315,12
34316,53
34317,81
34318,39
34319,10
34320,41
34321,92
34322,3
34323,24
34324,99
34325,35
34326,63
34327,43
34328,39
34329,91
34330,44
34331,7
34332,84
34333,34
34334,43
34335,17
34336,46
34337,24
34338,40
34339,4
34340,63
34341,61
34342,71
34343,86
34344,2
34345,36
34346,94
34347,92
34348,40
34349,19
34350,66
34351,86
34352,39
34353,84
34354,76
34355,7
34356,4
34357,24
34358,38
34359,36
34360,4
34361,7
34362,3
34363,40
34364,59
34365,53
34366,21
34367,77
34368,18
34369,76
34370,98
34371,67
34372,32
34373,21
34374,64
34375,10
34376,15
34377,67
34378,92
34379,43
34380,87
34381,8
34382,71
34383,77
34384,78
34385,61
34386,85
34387,100
34388,14
34389,5
34390,0
34391,19
34392,35
34393,1
34394,69
34395,1
34396,2
34397,6
34398,83
34399,63
34400,40
34401,53
34402,40
34403,4
34404,88
34405,81
34406,62
34407,0
34408,24
34409,80
34410,45
34411,14
34412,68
34413,16
34414,20
34415,52
34416,54
34417,86
34418,9
34419,80
34420,56
34421,64
34422,36
34423,6
34424,75
34425,39
34426,49
34427,0
34428,19
34429,30
34430,67
34431,89
34432,11
34433,21
34434,0
34435,0
34436,2
34437,75
34438,20
34439,12
34440,60
34441,12
34442,81
34443,32
34444,5
34445,24
34446,22
34447,87
34448,100
34449,25
34450,3
34451,34
34452,74
34453,99
34454,24
34455,19
34456,0
34457,93
34458,67
34459,22
34460,98
34461,21
34462,94
34463,61
34464,0
34465,58
34466,67
34467,18
34468,29
34469,0
34470,47
34471,18
34472,51
34473,84
34474,21
34475,49
34476,65
34477,5
34478,63
34479,20
34480,96
34481,18
34482,90
34483,36
34484,62
34485,28
34486,59
34487,91
34488,33
34489,0
34490,47
34491,88
34492,20
34493,33
34494,25
34495,35
34496,98
34497,22
34498,80
34499,46
34500,75
34501,43
34502,19
34503,26
34504,60
34505,36
34506,83
34507,51
34508,74
34509,91
34510,61
34511,65
34512,23
34513,79
34514,11
34515,15
34516,35
34517,1
34518,88
34519,61
34520,63
34521,28
34522,91
34523,73
34524,86
34525,95
34526,30
34527,82
34528,14
34529,54
34530,32
34531,80
34532,51
34533,99
34534,19
34535,72
34536,37
34537,2
34538,53
34539,65
34540,17
34541,86
34542,82
34543,6
34544,34
34545,83
34546,83
34547,82
34548,79
34549,84
34550,92
34551,59
34552,23
34553,100
34554,92
34555,94
34556,38
34557,11
34558,93
34559,52
34560,63
34561,3
34562,93
34563,4
34564,15
34565,26
34566,3
34567,71
34568,47
34569,7
34570,80
34571,45
34572,43
34573,66
34574,90
34575,51
34576,33
34577,61
34578,20
34579,23
34580,43
34581,40
34582,28
34583,5
34584,55
34585,13
34586,49
34587,77
34588,100
34589,51
34590,87
34591,76
34592,0
34593,11
34594,23
34595,36
34596,83
34597,69
34598,75
34599,84
34600,2
34601,26
34602,52
34603,99
34604,16
34605,14
34606,38
34607,3
34608,16
34609,10
34610,11
34611,31
34612,26
34613,43
34614,42
34615,90
34616,48
34617,92
34618,72
34619,42
34620,2
34621,28
34622,84
34623,34
34624,47
34625,73
34626,86
34627,38
34628,88
34629,23
34630,19
34631,14
34632,84
34633,75
34634,17
34635,59
34636,86
34637,92
34638,40
34639,99
34640,68
34641,89
34642,74
34643,10
34644,55
34645,17
34646,11
34647,15
34648,26
34649,99
34650,16
34651,84
34652,100
34653,30
34654,34
34655,26
34656,86
34657,31
34658,16
34659,10
34660,0
34661,91
34662,81
34663,48
34664,40
34665,19
34666,70
34667,36
34668,15
34669,38
34670,44
34671,63
34672,46
34673,22
34674,31
34675,48
34676,80
34677,18
34678,97
34679,77
34680,66
34681,38
34682,88
34683,59
34684,10
34685,48
34686,14
34687,82
34688,60
34689,42
34690,14
34691,78
34692,78
34693,72
34694,4
34695,82
34696,87
34697,28
34698,61
34699,59
34700,68
34701,21
34702,12
34703,49
34704,46
34705,28
34706,79
34707,99
34708,16
34709,19
34710,77
34711,5
34712,21
34713,8
34714,31
34715,87
34716,32
34717,76
34718,98
34719,69
34720,48
34721,29
34722,15
34723,64
34724,81
34725,85
34726,89
34727,13
34728,55
34729,36
34730,48
34731,77
34732,89
34733,49
34734,35
34735,51
34736,22
34737,65
34738,70
34739,44
34740,85
34741,27
34742,19
34743,48
34744,56
34745,81
34746,87
34747,96
34748,58
34749,25
34750,18
34751,12
34752,73
34753,61
34754,13
34755,72
34756,10
34757,66
34758,11
34759,34
34760,38
34761,31
34762,13
34763,64
34764,26
34765,100
34766,59
34767,42
34768,64
34769,54
34770,92
34771,87
34772,80
34773,34
34774,94
34775,31
34776,18
34777,94
34778,38
34779,19
34780,27
34781,2
34782,31
34783,85
34784,57
34785,53
34786,41
34787,14
34788,82
34789,61
34790,30
34791,60
34792,25
34793,68
34794,56
34795,19
34796,65
34797,20
34798,59
34799,62
34800,50
34801,99
34802,91
34803,83
34804,100
34805,38
34806,99
34807,10
34808,56
34809,2
34810,36
34811,83
34812,95
34813,24
34814,20
34815,79
34816,41
34817,0
34818,22
34819,23
34820,46
34821,88
34822,6
34823,37
34824,46
34825,34
34826,77
34827,61
34828,72
34829,2
34830,19
34831,96
34832,43
34833,31
34834,99
34835,25
34836,47
34837,4
34838,58
34839,60
34840,48
34841,29
34842,16
34843,69
34844,57
34845,62
34846,60
34847,62
34848,14
34849,0
34850,12
34851,47
34852,33
34853,29
34854,18
34855,63
34856,65
34857,56
34858,43
34859,11
34860,39
34861,23
34862,10
34863,65
34864,0
34865,57
34866,27
34867,67
34868,93
34869,58
34870,70
34871,21
34872,89
34873,28
34874,88
34875,73
34876,83
34877,77
34878,96
34879,68
34880,44
34881,69
34882,85
34883,16
34884,78
34885,38
34886,39
34887,27
34888,1
34889,81
34890,26
34891,20
34892,86
34893,6
34894,60
34895,51
34896,47
34897,18
34898,72
34899,11
34900,93
34901,70
34902,1
34903,16
34904,74
34905,75
34906,2
34907,20
34908,77
34909,78
34910,50
34911,9
34912,54
34913,35
34914,50
34915,73
34916,16
34917,88
34918,60
34919,90
34920,96
34921,74
34922,12
34923,64
34924,94
34925,96
34926,84
34927,79
34928,86
34929,73
34930,47
34931,96
34932,85
34933,69
34934,46
34935,99
34936,9
34937,56
34938,79
34939,12
34940,60
34941,57
34942,83
34943,67
34944,83
34945,85
34946,28
34947,15
34948,62
34949,46
34950,42
34951,22
34952,29
34953,56
34954,29
34955,66
34956,55
34957,23
34958,100
34959,76
34960,95
34961,100
34962,75
34963,7
34964,87
34965,43
34966,79
34967,95
34968,33
34969,34
34970,95
34971,49
34972,16
34973,1
34974,89
34975,53
34976,43
34977,80
34978,48
34979,1
34980,71
34981,69
34982,8
34983,0
34984,68
34985,8
34986,13
34987,26
34988,8
34989,35
34990,92
34991,83
34992,78
34993,99
34994,2
34995,22
34996,72
34997,29
34998,18
34999,66
35000,49
35001,47
35002,2
35003,97
35004,65
35005,26
35006,86
35007,95
35008,98
35009,39
35010,17
35011,26
35012,10
35013,38
35014,18
35015,88
35016,6
35017,94
35018,56
35019,1
35020,37
35021,4
35022,77
35023,81
35024,35
35025,67
35026,87
35027,76
35028,84
35029,56
35030,96
35031,19
35032,4
35033,23
35034,98
35035,29
35036,27
35037,52
35038,50
35039,6
35040,41
35041,34
35042,93
35043,33
35044,72
35045,75
35046,53
35047,28
35048,9
35049,26
35050,82
35051,12
35052,41
35053,36
35054,60
35055,95
35056,78
35057,20
35058,2
35059,7
35060,69
35061,92
35062,82
35063,16
35064,9
35065,96
35066,12
35067,90
35068,11
35069,65
35070,73
35071,84
35072,22
35073,64
35074,96
35075,51
35076,60
35077,25
35078,14
35079,21
35080,88
35081,64
35082,25
35083,20
35084,23
35085,15
35086,31
35087,15
35088,76
35089,41
35090,31
35091,49
35092,40
35093,23
35094,12
35095,74
35096,78
35097,9
35098,41
35099,40
35100,2
35101,54
35102,15
35103,43
35104,80
35105,88
35106,29
35107,98
35108,36
35109,59
35110,76
35111,23
35112,25
35113,57
35114,8
35115,60
35116,18
35117,27
35118,6
35119,44
35120,85
35121,93
35122,62
35123,36
35124,15
35125,99
35126,4
35127,28
35128,51
35129,22
35130,5
35131,35
35132,56
35133,32
35134,48
35135,40
35136,79
35137,54
35138,97
35139,25
35140,36
35141,76
35142,16
35143,95
35144,31
35145,27
35146,92
35147,24
35148,46
35149,21
35150,90
35151,60
35152,43
35153,19
35154,49
35155,87
35156,46
35157,46
35158,71
35159,50
35160,54
35161,77
35162,38
35163,13
35164,68
35165,46
35166,20
35167,14
35168,99
35169,96
35170,80
35171,83
35172,0
35173,79
35174,81
35175,9
35176,22
35177,17
35178,57
35179,72
35180,93
35181,76
35182,51
35183,94
35184,45
35185,12
35186,95
35187,16
35188,66
35189,60
35190,64
35191,52
35192,4
35193,31
35194,88
35195,44
35196,55
35197,4
35198,100
35199,86
35200,75
35201,33
35202,60
35203,86
35204,79
35205,61
35206,68
35207,62
35208,43
35209,27
35210,69
35211,12
35212,42
35213,29
35214,25
35215,80
35216,62
35217,72
35218,56
35219,63
35220,79
35221,48
35222,51
35223,62
35224,81
35225,12
35226,92
35227,87
35228,44
35229,45
35230,76
35231,88
35232,40
35233,45
35234,0
35235,72
35236,67
35237,91
35238,11
35239,87
35240,72
35241,34
35242,98
35243,32
35244,57
35245,34
35246,45
35247,83
35248,65
35249,43
35250,25
35251,41
35252,76
35253,29
35254,31
35255,35
35256,18
35257,21
35258,64
35259,56
35260,10
35261,25
35262,47
35263,18
35264,82
35265,11
35266,66
35267,55
35268,17
35269,4
35270,23
35271,77
35272,37
35273,66
35274,69
35275,75
35276,51
35277,74
35278,38
35279,58
35280,25
35281,64
35282,79
35283,47
35284,52
35285,8
35286,4
35287,71
35288,60
35289,20
35290,96
35291,62
35292,19
35293,57
35294,44
35295,21
35296,76
35297,74
35298,81
35299,62
35300,29
35301,62
35302,96
35303,43
35304,66
35305,57
35306,64
35307,35
35308,5
35309,36
35310,92
35311,74
35312,54
35313,76
35314,74
35315,58
35316,37
35317,24
35318,78
35319,76
35320,32
35321,12
35322,37
35323,57
35324,87
35325,19
35326,16
35327,23
35328,25
35329,39
35330,31
35331,92
35332,77
35333,36
35334,85
35335,97
35336,90
35337,91
35338,85
35339,59
35340,56
35341,57
35342,66
35343,21
35344,57
35345,84
35346,79
35347,72
35348,76
35349,73
35350,48
35351,84
35352,48
35353,41
35354,39
35355,70
35356,45
35357,21
35358,81
35359,20
35360,50
35361,13
35362,73
35363,96
35364,8
35365,17
35366,12
35367,16
35368,86
35369,24
35370,53
35371,15
35372,23
35373,94
35374,74
35375,22
35376,40
35377,85
35378,32
35379,41
35380,47
35381,17
35382,62
35383,77
35384,91
35385,10
35386,23
35387,60
35388,63
35389,35
35390,82
35391,76
35392,96
35393,52
35394,82
35395,46
35396,51
35397,95
35398,78
35399,56
35400,74
35401,22
35402,58
35403,68
35404,55
35405,85
35406,41
35407,17
35408,70
35409,32
35410,2
35411,27
35412,0
35413,62
35414,46
35415,36
35416,85
35417,47
35418,18
35419,13
35420,66
35421,82
35422,96
35423,84
35424,64
35425,25
35426,9
35427,98
35428,76
35429,69
35430,42
35431,69
35432,98
35433,79
35434,71
35435,58
35436,2
35437,4
35438,84
35439,94
35440,77
35441,100
35442,82
35443,36
35444,83
35445,51
35446,65
35447,62
35448,6
35449,96
35450,52
35451,5
35452,6
35453,43
35454,17
35455,53
35456,28
35457,82
35458,24
35459,62
35460,67
35461,12
35462,31
35463,26
35464,50
35465,33
35466,27
35467,72
35468,71
35469,84
35470,29
35471,92
35472,8
35473,12
35474,81
35475,63
35476,37
35477,21
35478,30
35479,98
35480,41
35481,61
35482,63
35483,73
35484,8
35485,94
35486,43
35487,62
35488,39
35489,87
35490,40
35491,71
35492,49
35493,19
35494,80
35495,91
35496,69
35497,41
35498,32
35499,91
35500,62
35501,56
35502,64
35503,51
35504,98
35505,87
35506,5
35507,6
35508,8
35509,100
35510,60
35511,79
35512,33
35513,34
35514,98
35515,19
35516,57
35517,86
35518,59
35519,53
35520,34
35521,46
35522,45
35523,86
35524,3
35525,9
35526,74
35527,39
35528,54
35529,72
35530,39
35531,75
35532,80
35533,95
35534,22
35535,14
35536,91
35537,4
35538,39
35539,17
35540,20
35541,78
35542,2
35543,45
35544,89
35545,78
35546,52
35547,19
35548,58
35549,20
35550,89
35551,86
35552,50
35553,24
35554,67
35555,9
35556,85
35557,66
35558,82
35559,94
35560,8
35561,28
35562,36
35563,70
35564,37
35565,87
35566,71
35567,97
35568,58
35569,56
35570,89
35571,59
35572,27
35573,27
35574,45
35575,70
35576,66
35577,85
35578,54
35579,37
35580,17
35581,75
35582,94
35583,62
35584,4
35585,43
35586,28
35587,99
35588,13
35589,57
35590,43
35591,17
35592,6
35593,86
35594,96
35595,61
35596,44
35597,15
35598,63
35599,36
35600,24
35601,8
35602,54
35603,27
35604,8
35605,11
35606,17
35607,90
35608,89
35609,55
35610,89
35611,73
35612,57
35613,80
35614,50
35615,31
35616,87
35617,47
35618,7
35619,29
35620,25
35621,23
35622,26
35623,78
35624,91
35625,74
35626,38
35627,65
35628,50
35629,72
35630,49
35631,44
35632,86
35633,32
35634,18
35635,12
35636,77
35637,95
35638,21
35639,19
35640,96
35641,4
35642,83
35643,77
35644,90
35645,89
35646,31
35647,29
35648,90
35649,25
35650,81
35651,86
35652,87
35653,3
35654,66
35655,42
35656,29
35657,15
35658,70
35659,38
35660,85
35661,40
35662,30
35663,48
35664,12
35665,40
35666,92
35667,27
35668,63
35669,18
35670,86
35671,71
35672,24
35673,37
35674,98
35675,89
35676,2
35677,1
35678,4
35679,60
35680,19
35681,75
35682,37
35683,79
35684,100
35685,35
35686,45
35687,92
35688,98
35689,36
35690,53
35691,20
35692,20
35693,91
35694,69
35695,83
35696,59
35697,35
35698,76
35699,10
35700,87
35701,82
35702,86
35703,30
35704,100
35705,36
35706,59
35707,60
35708,66
35709,97
35710,28
35711,66
35712,78
35713,70
35714,66
35715,15
35716,44
35717,33
35718,83
35719,43
35720,96
35721,77
35722,41
35723,34
35724,74
35725,83
35726,29
35727,52
35728,57
35729,27
35730,14
35731,37
35732,49
35733,12
35734,34
35735,23
35736,64
35737,87
35738,90
35739,17
35740,57
35741,25
35742,28
35743,71
35744,43
35745,89
35746,4
35747,32
35748,4
35749,35
35750,76
35751,80
35752,12
35753,24
35754,57
35755,1
35756,87
35757,35
35758,24
35759,33
35760,11
35761,18
35762,93
35763,36
35764,0
35765,59
35766,66
35767,48
35768,89
35769,78
35770,45
35771,47
35772,91
35773,67
35774,18
35775,87
35776,39
35777,5
35778,79
35779,95
35780,93
35781,62
35782,34
35783,71
35784,60
35785,4
35786,36
35787,75
35788,88
35789,96
35790,87
35791,10
35792,98
35793,39
35794,64
35795,7
35796,86
35797,83
35798,95
35799,10
35800,70
35801,57
35802,93
35803,47
35804,12
35805,59
35806,48
35807,66
35808,6
35809,76
35810,100
35811,24
35812,22
35813,50
35814,46
35815,96
35816,4
35817,95
35818,93
35819,94
35820,12
35821,41
35822,4
35823,22
35824,61
35825,0
35826,73
35827,90
35828,53
35829,71
35830,2
35831,82
35832,63
35833,50
35834,1
35835,48
35836,30
35837,73
35838,79
35839,100
35840,83
35841,2
35842,34
35843,97
35844,84
35845,35
35846,63
35847,31
35848,17
35849,33
35850,55
35851,66
35852,52
35853,66
35854,90
35855,65
35856,63
35857,66
35858,80
35859,38
35860,37
35861,39
35862,18
35863,82
35864,4
35865,68
35866,13
35867,90
35868,48
35869,63
35870,99
35871,56
35872,34
35873,84
35874,4
35875,87
35876,38
35877,23
35878,39
35879,49
35880,76
35881,57
35882,0
35883,42
35884,38
35885,9
35886,1
35887,62
35888,15
35889,36
35890,15
35891,86
35892,89
35893,79
35894,26
35895,62
35896,93
35897,63
35898,96
35899,31
35900,8
35901,10
35902,100
35903,69
35904,29
35905,14
35906,58
35907,47
35908,93
35909,81
35910,75
35911,59
35912,67
35913,56
35914,63
35915,53
35916,79
35917,86
35918,74
35919,53
35920,58
35921,87
35922,85
35923,38
35924,14
35925,78
35926,73
35927,27
35928,35
35929,53
35930,16
35931,99
35932,85
35933,86
35934,92
35935,21
35936,74
35937,35
35938,28
35939,54
35940,41
35941,31
35942,13
35943,17
35944,37
35945,100
35946,33
35947,44
35948,86
35949,31
35950,66
35951,62
35952,54
35953,42
35954,21
35955,86
35956,67
35957,76
35958,95
35959,28
35960,39
35961,44
35962,9
35963,76
35964,44
35965,16
35966,1
35967,16
35968,89
35969,37
35970,36
35971,62
35972,4
35973,24
35974,72
35975,91
35976,21
35977,92
35978,62
35979,34
35980,54
35981,19
35982,4
35983,38
35984,62
35985,31
35986,62
35987,73
35988,39
35989,16
35990,100
35991,78
35992,72
35993,31
35994,22
35995,74
35996,59
35997,76
35998,81
35999,55
36000,8
36001,68
36002,61
36003,63
36004,21
36005,31
36006,46
36007,1
36008,84
36009,91
36010,51
36011,87
36012,87
36013,13
36014,36
36015,26
36016,23
36017,63
36018,69
36019,25
36020,53
36021,14
36022,28
36023,99
36024,73
36025,27
36026,58
36027,72
36028,20
36029,9
36030,3
36031,61
36032,3
36033,5
36034,89
36035,79
36036,71
36037,91
36038,15
36039,37
36040,48
36041,60
36042,64
36043,82
36044,49
36045,16
36046,27
36047,43
36048,11
36049,69
36050,70
36051,71
36052,2
36053,48
36054,20
36055,7
36056,63
36057,91
36058,58
36059,29
36060,31
36061,74
36062,19
36063,15
36064,24
36065,59
36066,44
36067,8
36068,50
36069,60
36070,39
36071,60
36072,66
36073,79
36074,75
36075,14
36076,52
36077,3
36078,22
36079,26
36080,36
36081,76
36082,42
36083,36
36084,84
36085,28
36086,28
36087,48
36088,74
36089,50
36090,49
36091,27
36092,73
36093,4
36094,55
36095,63
36096,88
36097,96
36098,16
36099,96
36100,88
36101,96
36102,54
36103,8
36104,90
36105,88
36106,67
36107,72
36108,78
36109,15
36110,15
36111,12
36112,77
36113,85
36114,84
36115,72
36116,62
36117,40
36118,52
36119,67
36120,73
36121,98
36122,8
36123,50
36124,47
36125,79
36126,48
36127,17
36128,9
36129,84
36130,53
36131,78
36132,14
36133,10
36134,39
36135,46
36136,100
36137,19
36138,97
36139,21
36140,47
36141,81
36142,15
36143,4
36144,64
36145,82
36146,73
36147,20
36148,60
36149,76
36150,54
36151,23
36152,22
36153,86
36154,10
36155,46
36156,1
36157,69
36158,52
36159,10
36160,14
36161,72
36162,11
36163,35
36164,91
36165,22
36166,26
36167,87
36168,13
36169,53
36170,98
36171,26
36172,20
36173,48
36174,61
36175,76
36176,71
36177,43
36178,43
36179,97
36180,60
36181,41
36182,22
36183,72
36184,0
36185,35
36186,54
36187,15
36188,88
36189,17
36190,97
36191,37
36192,66
36193,19
36194,18
36195,12
36196,16
36197,77
36198,29
36199,85
36200,42
36201,47
36202,42
36203,92
36204,65
36205,52
36206,71
36207,77
36208,33
36209,76
36210,73
36211,71
36212,70
36213,12
36214,89
36215,55
36216,58
36217,31
36218,82
36219,78
36220,53
36221,1
36222,36
36223,82
36224,96
36225,32
36226,0
36227,27
36228,16
36229,56
36230,69
36231,51
36232,43
36233,83
36234,46
36235,12
36236,75
36237,29
36238,84
36239,65
36240,52
36241,17
36242,27
36243,3
36244,41
36245,5
36246,8
36247,19
36248,93
36249,100
36250,37
36251,67
36252,49
36253,59
36254,12
36255,98
36256,93
36257,41
36258,67
36259,24
36260,30
36261,11
36262,63
36263,78
36264,60
36265,52
36266,25
36267,60
36268,9
36269,11
36270,21
36271,52
36272,20
36273,34
36274,70
36275,81
36276,26
36277,59
36278,98
36279,46
36280,65
36281,95
36282,14
36283,23
36284,83
36285,9
36286,87
36287,23
36288,87
36289,56
36290,33
36291,40
36292,39
36293,10
36294,89
36295,0
36296,29
36297,42
36298,81
36299,25
36300,52
36301,46
36302,8
36303,8
36304,0
36305,70
36306,43
36307,58
36308,55
36309,50
36310,15
36311,37
36312,10
36313,24
36314,92
36315,82
36316,81
36317,58
36318,28
36319,79
36320,39
36321,7
36322,97
36323,5
36324,44
36325,52
36326,93
36327,97
36328,20
36329,56
36330,75
36331,5
36332,62
36333,5
36334,52
36335,3
36336,8
36337,68
36338,73
36339,71
36340,86
36341,3
36342,57
36343,36
36344,70
36345,5
36346,50
36347,78
36348,98
36349,49
36350,95
36351,13
36352,98
36353,10
36354,9
36355,60
36356,80
36357,12
36358,33
36359,59
36360,50
36361,4
36362,73
36363,31
36364,11
36365,51
36366,12
36367,84
36368,53
36369,96
36370,53
36371,40
36372,47
36373,50
36374,46
36375,49
36376,95
36377,75
36378,45
36379,98
36380,99
36381,37
36382,91
36383,12
36384,75
36385,21
36386,1
36387,92
36388,76
36389,98
36390,12
36391,56
36392,33
36393,18
36394,8
36395,94
36396,32
36397,26
36398,44
36399,1
36400,78
36401,82
36402,56
36403,94
36404,56
36405,15
36406,78
36407,5
36408,13
36409,26
36410,37
36411,18
36412,36
36413,3
36414,57
36415,89
36416,8
36417,39
36418,14
36419,100
36420,3
36421,89
36422,51
36423,17
36424,52
36425,58
36426,98
36427,53
36428,40
36429,59
36430,92
36431,87
36432,3
36433,84
36434,38
36435,6
36436,22
36437,84
36438,62
36439,64
36440,40
36441,88
36442,94
36443,43
36444,44
36445,68
36446,94
36447,50
36448,64
36449,53
36450,55
36451,93
36452,81
36453,71
36454,89
36455,39
36456,57
36457,14
36458,18
36459,9
36460,87
36461,15
36462,42
36463,30
36464,15
36465,79
36466,27
36467,61
36468,19
36469,34
36470,58
36471,8
36472,9
36473,44
36474,81
36475,14
36476,29
36477,47
36478,95
36479,39
36480,90
36481,90
36482,82
36483,73
36484,43
36485,45
36486,5
36487,23
36488,72
36489,90
36490,6
36491,5
36492,32
36493,84
36494,37
36495,43
36496,16
36497,30
36498,36
36499,10
36500,91
36501,4
36502,63
36503,75
36504,2
36505,55
36506,62
36507,37
36508,53
36509,1
36510,89
36511,1
36512,11
36513,39
36514,1
36515,79
36516,93
36517,56
36518,46
36519,35
36520,3
36521,74
36522,23
36523,81
36524,90
36525,100
36526,61
36527,1
36528,14
36529,74
36530,90
36531,48
36532,86
36533,34
36534,93
36535,46
36536,23
36537,82
36538,59
36539,92
36540,76
36541,47
36542,22
36543,11
36544,40
36545,28
36546,69
36547,50
36548,22
36549,30
36550,20
36551,23
36552,71
36553,8
36554,21
36555,3
36556,76
36557,97
36558,2
36559,100
36560,27
36561,89
36562,97
36563,14
36564,7
36565,47
36566,98
36567,87
36568,51
36569,54
36570,36
36571,3
36572,54
36573,11
36574,18
36575,78
36576,56
36577,93
36578,36
36579,75
36580,82
36581,97
36582,6
36583,91
36584,54
36585,27
36586,92
36587,36
36588,83
36589,60
36590,74
36591,38
36592,22
36593,51
36594,83
36595,83
36596,10
36597,65
36598,12
36599,76
36600,40
36601,48
36602,14
36603,55
36604,53
36605,30
36606,60
36607,57
36608,86
36609,59
36610,52
36611,85
36612,60
36613,79
36614,41
36615,28
36616,83
36617,91
36618,26
36619,43
36620,92
36621,4
36622,51
36623,52
36624,51
36625,37
36626,43
36627,52
36628,1
36629,53
36630,83
36631,76
36632,89
36633,34
36634,45
36635,71
36636,91
36637,78
36638,54
36639,71
36640,10
36641,28
36642,68
36643,62
36644,46
36645,6
36646,63
36647,81
36648,63
36649,91
36650,11
36651,11
36652,35
36653,28
36654,10
36655,52
36656,69
36657,84
36658,73
36659,95
36660,46
36661,32
36662,80
36663,66
36664,42
36665,17
36666,73
36667,52
36668,38
36669,71
36670,33
36671,36
36672,40
36673,96
36674,48
36675,9
36676,39
36677,17
36678,24
36679,40
36680,35
36681,1
36682,82
36683,73
36684,48
36685,66
36686,52
36687,18
36688,25
36689,53
36690,50
36691,24
36692,16
36693,73
36694,60
36695,45
36696,54
36697,49
36698,74
36699,10
36700,11
36701,39
36702,47
36703,55
36704,7
36705,87
36706,13
36707,86
36708,55
36709,53
36710,99
36711,16
36712,44
36713,4
36714,2
36715,8
36716,83
36717,19
36718,82
36719,20
36720,79
36721,32
36722,4
36723,23
36724,62
36725,78
36726,25
36727,88
36728,91
36729,32
36730,17
36731,17
36732,37
36733,32
36734,26
36735,48
36736,49
36737,14
36738,76
36739,51
36740,97
36741,67
36742,98
36743,18
36744,94
36745,24
36746,75
36747,75
36748,24
36749,32
36750,59
36751,36
36752,91
36753,42
36754,8
36755,13
36756,2
36757,68
36758,55
36759,25
36760,52
36761,40
36762,81
36763,20
36764,38
36765,79
36766,22
36767,92
36768,73
36769,57
36770,68
36771,74
36772,28
36773,61
36774,52
36775,44
36776,26
36777,33
36778,13
36779,40
36780,73
36781,59
36782,41
36783,50
36784,74
36785,10
36786,34
36787,18
36788,87
36789,64
36790,75
36791,60
36792,46
36793,13
36794,66
36795,51
36796,31
36797,79
36798,9
36799,16
36800,39
36801,67
36802,62
36803,14
36804,96
36805,38
36806,56
36807,9
36808,70
36809,96
36810,16
36811,75
36812,16
36813,15
36814,77
36815,2
36816,50
36817,93
36818,45
36819,54
36820,98
36821,25
36822,75
36823,30
36824,80
36825,100
36826,71
36827,18
36828,89
36829,67
36830,14
36831,57
36832,77
36833,29
36834,47
36835,55
36836,41
36837,23
36838,51
36839,42
36840,33
36841,59
36842,82
36843,2
36844,67
36845,10
36846,12
36847,49
36848,81
36849,18
36850,43
36851,32
36852,37
36853,2
36854,98
36855,64
36856,34
36857,35
36858,37
36859,38
36860,24
36861,63
36862,12
36863,67
36864,69
36865,74
36866,0
36867,71
36868,53
36869,97
36870,8
36871,35
36872,36
36873,58
36874,20
36875,19
36876,0
36877,98
36878,58
36879,27
36880,70
36881,55
36882,8
36883,64
36884,35
36885,97
36886,33
36887,80
36888,31
36889,65
36890,99
36891,24
36892,50
36893,62
36894,89
36895,44
36896,25
36897,20
36898,81
36899,92
36900,50
36901,23
36902,91
36903,11
36904,10
36905,26
36906,22
36907,32
36908,79
36909,91
36910,91
36911,37
36912,54
36913,69
36914,41
36915,28
36916,33
36917,56
36918,2
36919,5
36920,47
36921,63
36922,12
36923,35
36924,78
36925,69
36926,32
36927,75
36928,56
36929,54
36930,12
36931,96
36932,50
36933,91
36934,52
36935,35
36936,4
36937,24
36938,80
36939,36
36940,18
36941,34
36942,33
36943,53
36944,45
36945,5
36946,82
36947,0
36948,70
36949,33
36950,55
36951,82
36952,96
36953,25
36954,41
36955,90
36956,37
36957,25
36958,98
36959,58
36960,83
36961,23
36962,20
36963,59
36964,89
36965,19
36966,5
36967,66
36968,9
36969,11
36970,96
36971,21
36972,61
36973,60
36974,79
36975,16
36976,9
36977,11
36978,82
36979,39
36980,22
36981,39
36982,73
36983,73
36984,49
36985,9
36986,93
36987,3
36988,0
36989,42
36990,82
36991,4
36992,93
36993,89
36994,33
36995,65
36996,23
36997,13
36998,40
36999,41
37000,12
37001,28
37002,64
37003,45
37004,33
37005,62
37006,3
37007,27
37008,82
37009,0
37010,35
37011,12
37012,4
37013,96
37014,13
37015,79
37016,31
37017,49
37018,26
37019,34
37020,2
37021,3
37022,6
37023,76
37024,2
37025,80
37026,58
37027,73
37028,0
37029,27
37030,58
37031,52
37032,9
37033,70
37034,2
37035,6
37036,8
37037,98
37038,89
37039,68
37040,12
37041,93
37042,39
37043,61
37044,61
37045,9
37046,86
37047,10
37048,75
37049,61
37050,76
37051,55
37052,48
37053,15
37054,72
37055,73
37056,92
37057,8
37058,32
37059,87
37060,34
37061,74
37062,38
37063,76
37064,86
37065,24
37066,79
37067,55
37068,47
37069,84
37070,9
37071,40
37072,82
37073,98
37074,58
37075,27
37076,40
37077,65
37078,50
37079,61
37080,29
37081,39
37082,39
37083,68
37084,61
37085,14
37086,99
37087,2
37088,23
37089,40
37090,62
37091,47
37092,60
37093,47
37094,46
37095,55
37096,75
37097,7
37098,77
37099,17
37100,83
37101,22
37102,68
37103,64
37104,45
37105,65
37106,79
37107,68
37108,21
37109,64
37110,11
37111,18
37112,21
37113,54
37114,61
37115,50
37116,47
37117,16
37118,12
37119,27
37120,66
37121,4
37122,99
37123,59
37124,14
37125,80
37126,43
37127,45
37128,28
37129,67
37130,95
37131,48
37132,42
37133,67
37134,76
37135,19
37136,17
37137,63
37138,48
37139,41
37140,100
37141,11
37142,88
37143,93
37144,78
37145,35
37146,7
37147,27
37148,85
37149,59
37150,48
37151,37
37152,79
37153,57
37154,4
37155,45
37156,97
37157,74
37158,1
37159,88
37160,24
37161,0
37162,94
37163,68
37164,39
37165,67
37166,68
37167,68
37168,15
37169,53
37170,62
37171,17
37172,16
37173,98
37174,81
37175,3
37176,94
37177,94
37178,8
37179,30
37180,4
37181,99
37182,15
37183,41
37184,40
37185,79
37186,83
37187,29
37188,25
37189,48
37190,30
37191,49
37192,14
37193,51
37194,37
37195,37
37196,59
37197,19
37198,98
37199,86
37200,43
37201,88
37202,62
37203,49
37204,21
37205,71
37206,53
37207,8
37208,14
37209,47
37210,19
37211,34
37212,100
37213,66
37214,59
37215,97
37216,33
37217,99
37218,98
37219,72
37220,93
37221,53
37222,89
37223,11
37224,87
37225,18
37226,79
37227,25
37228,22
37229,32
37230,56
37231,29
37232,22
37233,73
37234,35
37235,94
37236,85
37237,42
37238,65
37239,52
37240,86
37241,98
37242,59
37243,36
37244,60
37245,95
37246,52
37247,11
37248,34
37249,66
37250,97
37251,37
37252,23
37253,80
37254,39
37255,64
37256,56
37257,71
37258,78
37259,44
37260,88
37261,71
37262,95
37263,12
37264,78
37265,5
37266,96
37267,70
37268,96
37269,46
37270,92
37271,100
37272,43
37273,31
37274,2
37275,53
37276,83
37277,77
37278,91
37279,37
37280,3
37281,78
37282,16
37283,36
37284,87
37285,35
37286,57
37287,40
37288,7
37289,66
37290,29
37291,85
37292,51
37293,96
37294,24
37295,51
37296,58
37297,29
37298,100
37299,66
37300,3
37301,92
37302,56
37303,62
37304,31
37305,86
37306,82
37307,78
37308,50
37309,62
37310,79
37311,86
37312,100
37313,0
37314,18
37315,100
37316,34
37317,62
37318,93
37319,80
37320,25
37321,12
37322,85
37323,22
37324,96
37325,90
37326,34
37327,11
37328,8
37329,97
37330,77
37331,100
37332,66
37333,43
37334,60
37335,20
37336,6
37337,96
37338,98
37339,10
37340,44
37341,31
37342,85
37343,82
37344,35
37345,36
37346,74
37347,40
37348,76
37349,91
37350,48
37351,14
37352,12
37353,52
37354,32
37355,71
37356,31
37357,100
37358,47
37359,67
37360,56
37361,61
37362,81
37363,86
37364,92
37365,1
37366,76
37367,15
37368,7
37369,18
37370,31
37371,66
37372,31
37373,84
37374,24
37375,52
37376,80
37377,24
37378,32
37379,30
37380,35
37381,86
37382,88
37383,48
37384,43
37385,47
37386,29
37387,12
37388,42
37389,92
37390,15
37391,90
37392,25
37393,74
37394,46
37395,36
37396,2
37397,25
37398,97
37399,96
37400,14
37401,65
37402,27
37403,83
37404,37
37405,43
37406,52
37407,79
37408,3
37409,71
37410,43
37411,45
37412,83
37413,25
37414,95
37415,12
37416,68
37417,43
37418,52
37419,50
37420,12
37421,40
37422,10
37423,36
37424,59
37425,31
37426,44
37427,17
37428,92
37429,78
37430,19
37431,43
37432,35
37433,68
37434,36
37435,32
37436,81
37437,18
37438,50
37439,31
37440,21
37441,0
37442,53
37443,88
37444,19
37445,57
37446,34
37447,69
37448,69
37449,60
37450,62
37451,100
37452,60
37453,56
37454,2
37455,100
37456,94
37457,98
37458,44
37459,14
37460,16
37461,14
37462,4
37463,85
37464,45
37465,10
37466,63
37467,91
37468,13
37469,38
37470,66
37471,54
37472,41
37473,74
37474,93
37475,4
37476,51
37477,21
37478,76
37479,43
37480,84
37481,58
37482,100
37483,24
37484,20
37485,91
37486,63
37487,67
37488,92
37489,46
37490,34
37491,86
37492,6
37493,55
37494,51
37495,45
37496,8
37497,57
37498,22
37499,2
37500,60
37501,8
37502,52
37503,67
37504,48
37505,88
37506,69
37507,47
37508,81
37509,6
37510,98
37511,30
37512,55
37513,95
37514,98
37515,60
37516,91
37517,4
37518,29
37519,21
37520,16
37521,9
37522,70
37523,67
37524,41
37525,26
37526,6
37527,22
37528,74
37529,7
37530,7
37531,100
37532,4
37533,70
37534,85
37535,99
37536,1
37537,87
37538,50
37539,65
37540,11
37541,46
37542,54
37543,25
37544,44
37545,61
37546,69
37547,86
37548,1
37549,25
37550,13
37551,81
37552,56
37553,31
37554,61
37555,77
37556,29
37557,12
37558,39
37559,30
37560,36
37561,44
37562,85
37563,58
37564,27
37565,60
37566,18
37567,42
37568,58
37569,15
37570,68
37571,43
37572,65
37573,9
37574,46
37575,18
37576,83
37577,92
37578,88
37579,80
37580,50
37581,12
37582,62
37583,15
37584,52
37585,34
37586,99
37587,58
37588,38
37589,66
37590,72
37591,60
37592,49
37593,52
37594,45
37595,51
37596,28
37597,4
37598,66
37599,73
37600,94
37601,74
37602,80
37603,39
37604,71
37605,1
37606,67
37607,61
37608,79
37609,57
37610,84
37611,68
37612,57
37613,34
37614,13
37615,14
37616,5
37617,15
37618,86
37619,94
37620,45
37621,62
37622,11
37623,40
37624,18
37625,75
37626,76
37627,1
37628,19
37629,94
37630,8
37631,20
37632,7
37633,38
37634,36
37635,28
37636,82
37637,34
37638,37
37639,89
37640,74
37641,99
37642,34
37643,67
37644,2
37645,11
37646,31
37647,46
37648,62
37649,25
37650,42
37651,76
37652,43
37653,37
37654,28
37655,54
37656,51
37657,18
37658,34
37659,47
37660,90
37661,59
37662,30
37663,2
37664,34
37665,87
37666,51
37667,70
37668,50
37669,55
37670,98
37671,20
37672,0
37673,52
37674,5
37675,97
37676,81
37677,61
37678,88
37679,78
37680,46
37681,95
37682,49
37683,81
37684,30
37685,63
37686,28
37687,14
37688,57
37689,22
37690,37
37691,40
37692,74
37693,14
37694,86
37695,2
37696,82
37697,0
37698,87
37699,74
37700,93
37701,10
37702,59
37703,64
37704,75
37705,3
37706,24
37707,71
37708,78
37709,42
37710,93
37711,39
37712,95
37713,98
37714,84
37715,94
37716,99
37717,90
37718,43
37719,71
37720,58
37721,22
37722,61
37723,22
37724,57
37725,54
37726,32
37727,76
37728,62
37729,59
37730,98
37731,60
37732,79
37733,75
37734,60
37735,94
37736,68
37737,88
37738,20
37739,2
37740,47
37741,9
37742,86
37743,80
37744,41
37745,98
37746,88
37747,65
37748,90
37749,45
37750,8
37751,48
37752,3
37753,59
37754,89
37755,95
37756,28
37757,85
37758,46
37759,76
37760,86
37761,62
37762,30
37763,50
37764,40
37765,35
37766,39
37767,94
37768,59
37769,14
37770,77
37771,98
37772,87
37773,29
37774,29
37775,26
37776,39
37777,77
37778,44
37779,74
37780,46
37781,89
37782,55
37783,53
37784,84
37785,8
37786,64
37787,69
37788,0
37789,85
37790,12
37791,37
37792,44
37793,39
37794,94
37795,14
37796,49
37797,1
37798,52
37799,94
37800,25
37801,65
37802,74
37803,32
37804,81
37805,84
37806,58
37807,94
37808,25
37809,93
37810,20
37811,48
37812,79
37813,70
37814,85
37815,70
37816,65
37817,36
37818,13
37819,71
37820,92
37821,6
37822,37
37823,44
37824,21
37825,43
37826,80
37827,79
37828,96
37829,34
37830,59
37831,95
37832,2
37833,66
37834,71
37835,94
37836,54
37837,8
37838,68
37839,27
37840,14
37841,90
37842,30
37843,58
37844,81
37845,53
37846,67
37847,84
37848,46
37849,41
37850,22
37851,85
37852,64
37853,88
37854,53
37855,91
37856,100
37857,10
37858,62
37859,21
37860,53
37861,88
37862,84
37863,35
37864,57
37865,19
37866,15
37867,91
37868,55
37869,92
37870,49
37871,89
37872,65
37873,73
37874,12
37875,14
37876,72
37877,26
37878,7
37879,69
37880,99
37881,49
37882,87
37883,66
37884,25
37885,35
37886,20
37887,76
37888,51
37889,10
37890,7
37891,56
37892,45
37893,77
37894,96
37895,1
37896,63
37897,51
37898,64
37899,10
37900,5
37901,95
37902,78
37903,75
37904,63
37905,100
37906,92
37907,54
37908,43
37909,85
37910,13
37911,82
37912,4
37913,98
37914,24
37915,49
37916,72
37917,70
37918,81
37919,1
37920,9
37921,1
37922,59
37923,44
37924,7
37925,57
37926,6
37927,98
37928,86
37929,71
37930,20
37931,96
37932,46
37933,0
37934,11
37935,74
37936,47
37937,93
37938,3
37939,33
37940,86
37941,31
37942,2
37943,91
37944,67
37945,56
37946,75
37947,23
37948,32
37949,2
37950,3
37951,29
37952,69
37953,48
37954,29
37955,71
37956,81
37957,15
37958,52
37959,5
37960,23
37961,91
37962,95
37963,88
37964,27
37965,20
37966,7
37967,35
37968,8
37969,39
37970,84
37971,50
37972,0
37973,62
37974,67
37975,73
37976,25
37977,39
37978,2
37979,8
37980,31
37981,66
37982,3
37983,5
37984,72
37985,25
37986,1
37987,65
37988,84
37989,85
37990,2
37991,34
37992,58
37993,37
37994,32
37995,14
37996,74
37997,73
37998,99
37999,13
38000,65
38001,44
38002,47
38003,43
38004,36
38005,28
38006,98
38007,83
38008,84
38009,33
38010,58
38011,42
38012,32
38013,18
38014,7
38015,30
38016,10
38017,7
38018,24
38019,19
38020,37
38021,6
38022,76
38023,38
38024,73
38025,71
38026,19
38027,80
38028,10
38029,15
38030,100
38031,41
38032,95
38033,89
38034,51
38035,36
38036,51
38037,8
38038,34
38039,66
38040,94
38041,6
38042,1
38043,24
38044,75
38045,93
38046,93
38047,92
38048,40
38049,74
38050,51
38051,86
38052,80
38053,76
38054,96
38055,64
38056,76
38057,37
38058,66
38059,79
38060,41
38061,70
38062,53
38063,66
38064,77
38065,63
38066,79
38067,3
38068,30
38069,12
38070,26
38071,58
38072,64
38073,63
38074,24
38075,36
38076,74
38077,72
38078,70
38079,13
38080,93
38081,23
38082,66
38083,47
38084,90
38085,64
38086,37
38087,89
38088,69
38089,58
38090,11
38091,53
38092,50
38093,37
38094,45
38095,98
38096,9
38097,8
38098,86
38099,93
38100,51
38101,50
38102,21
38103,72
38104,82
38105,71
38106,67
38107,4
38108,82
38109,81
38110,28
38111,82
38112,5
38113,68
38114,57
38115,42
38116,68
38117,71
38118,90
38119,36
38120,57
38121,36
38122,81
38123,25
38124,41
38125,15
38126,21
38127,22
38128,46
38129,66
38130,2
38131,11
38132,22
38133,10
38134,51
38135,49
38136,56
38137,63
38138,45
38139,28
38140,69
38141,45
38142,15
38143,97
38144,50
38145,100
38146,10
38147,10
38148,62
38149,52
38150,88
38151,57
38152,18
38153,31
38154,49
38155,71
38156,54
38157,75
38158,40
38159,98
38160,69
38161,20
38162,25
38163,0
38164,80
38165,98
38166,26
38167,49
38168,65
38169,99
38170,64
38171,9
38172,94
38173,36
38174,68
38175,40
38176,45
38177,76
38178,44
38179,87
38180,26
38181,64
38182,83
38183,7
38184,66
38185,48
38186,95
38187,88
38188,88
38189,13
38190,61
38191,42
38192,26
38193,95
38194,26
38195,67
38196,74
38197,47
38198,66
38199,24
38200,63
38201,23
38202,8
38203,7
38204,94
38205,58
38206,16
38207,42
38208,94
38209,67
38210,3
38211,100
38212,7
38213,41
38214,48
38215,5
38216,72
38217,41
38218,71
38219,31
38220,14
38221,81
38222,86
38223,68
38224,26
38225,96
38226,65
38227,58
38228,27
38229,23
38230,50
38231,20
38232,30
38233,74
38234,49
38235,91
38236,39
38237,67
38238,15
38239,75
38240,85
38241,98
38242,62
38243,55
38244,79
38245,23
38246,98
38247,27
38248,92
38249,84
38250,88
38251,30
38252,14
38253,41
38254,98
38255,49
38256,85
38257,4
38258,47
38259,12
38260,31
38261,66
38262,78
38263,90
38264,90
38265,29
38266,5
38267,24
38268,27
38269,61
38270,21
38271,67
38272,14
38273,25
38274,62
38275,17
38276,72
38277,62
38278,61
38279,67
38280,47
38281,49
38282,62
38283,68
38284,5
38285,57
38286,50
38287,11
38288,94
38289,46
38290,8
38291,6
38292,28
38293,77
38294,50
38295,83
38296,54
38297,95
38298,58
38299,55
38300,21
38301,99
38302,17
38303,57
38304,39
38305,88
38306,30
38307,55
38308,34
38309,25
38310,67
38311,83
38312,33
38313,75
38314,15
38315,41
38316,4
38317,60
38318,43
38319,34
38320,90
38321,0
38322,97
38323,42
38324,31
38325,62
38326,32
38327,94
38328,76
38329,65
38330,29
38331,9
38332,22
38333,96
38334,38
38335,44
38336,28
38337,29
38338,33
38339,51
38340,80
38341,21
38342,4
38343,10
38344,85
38345,31
38346,23
38347,10
38348,10
38349,16
38350,31
38351,82
38352,26
38353,31
38354,60
38355,24
38356,63
38357,63
38358,27
38359,39
38360,90
38361,13
38362,41
38363,38
38364,1
38365,80
38366,0
38367,31
38368,82
38369,63
38370,77
38371,30
38372,57
38373,81
38374,77
38375,13
38376,87
38377,68
38378,15
38379,68
38380,53
38381,12
38382,79
38383,78
38384,30
38385,68
38386,20
38387,29
38388,22
38389,37
38390,28
38391,76
38392,31
38393,61
38394,90
38395,97
38396,44
38397,48
38398,32
38399,3
38400,17
38401,69
38402,63
38403,27
38404,57
38405,90
38406,89
38407,55
38408,19
38409,76
38410,91
38411,33
38412,86
38413,9
38414,93
38415,21
38416,4
38417,43
38418,8
38419,42
38420,3
38421,41
38422,64
38423,97
38424,40
38425,63
38426,54
38427,89
38428,17
38429,15
38430,86
38431,45
38432,35
38433,89
38434,65
38435,43
38436,4
38437,28
38438,3
38439,98
38440,85
38441,48
38442,71
38443,84
38444,7
38445,51
38446,68
38447,20
38448,26
38449,37
38450,4
38451,84
38452,60
38453,7
38454,85
38455,17
38456,3
38457,3
38458,36
38459,14
38460,37
38461,26
38462,84
38463,47
38464,45
38465,45
38466,47
38467,58
38468,3
38469,74
38470,18
38471,56
38472,18
38473,90
38474,41
38475,91
38476,4
38477,47
38478,24
38479,66
38480,25
38481,73
38482,87
38483,61
38484,92
38485,6
38486,43
38487,86
38488,26
38489,41
38490,72
38491,55
38492,2
38493,12
38494,69
38495,58
38496,37
38497,84
38498,82
38499,88
38500,67
38501,85
38502,68
38503,0
38504,49
38505,80
38506,72
38507,8
38508,52
38509,87
38510,9
38511,83
38512,80
38513,76
38514,28
38515,35
38516,86
38517,26
38518,17
38519,17
38520,8
38521,66
38522,6
38523,57
38524,78
38525,29
38526,72
38527,60
38528,90
38529,99
38530,81
38531,94
38532,16
38533,52
38534,5
38535,38
38536,24
38537,41
38538,41
38539,58
38540,37
38541,30
38542,28
38543,8
38544,0
38545,79
38546,86
38547,71
38548,46
38549,75
38550,9
38551,15
38552,46
38553,42
38554,23
38555,7
38556,74
38557,25
38558,6
38559,78
38560,14
38561,47
38562,2
38563,15
38564,78
38565,88
38566,96
38567,13
38568,87
38569,74
38570,2
38571,72
38572,69
38573,30
38574,79
38575,74
38576,16
38577,48
38578,2
38579,82
38580,87
38581,54
38582,71
38583,99
38584,39
38585,65
38586,86
38587,39
38588,29
38589,24
38590,6
38591,91
38592,49
38593,80
38594,95
38595,0
38596,90
38597,43
38598,99
38599,48
38600,6
38601,2
38602,93
38603,0
38604,50
38605,97
38606,37
38607,42
38608,54
38609,56
38610,52
38611,99
38612,32
38613,79
38614,61
38615,10
38616,71
38617,51
38618,0
38619,13
38620,93
38621,84
38622,20
38623,33
38624,89
38625,13
38626,39
38627,34
38628,41
38629,81
38630,19
38631,59
38632,8
38633,32
38634,48
38635,67
38636,3
38637,47
38638,15
38639,46
38640,25
38641,69
38642,36
38643,21
38644,6
38645,41
38646,29
38647,73
38648,78
38649,5
38650,23
38651,65
38652,39
38653,14
38654,52
38655,84
38656,81
38657,4
38658,88
38659,35
38660,73
38661,45
38662,22
38663,87
38664,44
38665,9
38666,53
38667,69
38668,76
38669,84
38670,31
38671,42
38672,14
38673,65
38674,14
38675,80
38676,19
38677,49
38678,5
38679,78
38680,16
38681,25
38682,21
38683,72
38684,63
38685,75
38686,85
38687,57
38688,86
38689,36
38690,77
38691,87
38692,71
38693,89
38694,95
38695,27
38696,95
38697,85
38698,48
38699,72
38700,66
38701,88
38702,75
38703,92
38704,66
38705,40
38706,45
38707,86
38708,86
38709,54
38710,81
38711,10
38712,99
38713,25
38714,71
38715,91
38716,81
38717,12
38718,35
38719,63
38720,50
38721,75
38722,21
38723,59
38724,1
38725,55
38726,39
38727,27
38728,76
38729,96
38730,2
38731,62
38732,97
38733,22
38734,54
38735,31
38736,83
38737,27
38738,7
38739,2
38740,93
38741,88
38742,52
38743,93
38744,28
38745,93
38746,97
38747,88
38748,80
38749,58
38750,23
38751,37
38752,27
38753,96
38754,61
38755,99
38756,50
38757,6
38758,22
38759,45
38760,89
38761,77
38762,27
38763,23
38764,6
38765,99
38766,78
38767,48
38768,2
38769,1
38770,6
38771,79
38772,20
38773,8
38774,11
38775,92
38776,23
38777,32
38778,77
38779,42
38780,81
38781,4
38782,78
38783,70
38784,88
38785,13
38786,35
38787,34
38788,49
38789,87
38790,78
38791,10
38792,23
38793,74
38794,43
38795,50
38796,16
38797,69
38798,84
38799,7
38800,78
38801,95
38802,73
38803,27
38804,78
38805,11
38806,42
38807,81
38808,36
38809,87
38810,62
38811,100
38812,92
38813,62
38814,9
38815,77
38816,79
38817,36
38818,10
38819,89
38820,18
38821,51
38822,17
38823,93
38824,31
38825,22
38826,11
38827,57
38828,76
38829,20
38830,20
38831,92
38832,92
38833,90
38834,28
38835,78
38836,46
38837,11
38838,57
38839,40
38840,18
38841,11
38842,22
38843,4
38844,25
38845,62
38846,51
38847,9
38848,85
38849,38
38850,22
38851,10
38852,91
38853,94
38854,71
38855,47
38856,91
38857,15
38858,45
38859,46
38860,94
38861,47
38862,79
38863,68
38864,98
38865,24
38866,76
38867,92
38868,90
38869,80
38870,36
38871,62
38872,28
38873,57
38874,97
38875,93
38876,30
38877,85
38878,88
38879,67
38880,98
38881,40
38882,49
38883,43
38884,8
38885,58
38886,89
38887,90
38888,26
38889,81
38890,93
38891,58
38892,94
38893,2
38894,92
38895,6
38896,81
38897,15
38898,48
38899,31
38900,88
38901,43
38902,95
38903,18
38904,2
38905,59
38906,34
38907,28
38908,74
38909,69
38910,82
38911,100
38912,44
38913,26
38914,68
38915,89
38916,34
38917,18
38918,16
38919,34
38920,76
38921,77
38922,29
38923,47
38924,56
38925,16
38926,100
38927,14
38928,81
38929,13
38930,13
38931,44
38932,96
38933,37
38934,62
38935,74
38936,10
38937,47
38938,25
38939,66
38940,24
38941,80
38942,60
38943,85
38944,92
38945,25
38946,33
38947,89
38948,8
38949,39
38950,74
38951,6
38952,29
38953,65
38954,29
38955,67
38956,57
38957,54
38958,13
38959,76
38960,88
38961,76
38962,76
38963,36
38964,43
38965,5
38966,25
38967,13
38968,7
38969,23
38970,85
38971,38
38972,48
38973,84
38974,62
38975,25
38976,9
38977,76
38978,57
38979,13
38980,72
38981,70
38982,38
38983,30
38984,49
38985,15
38986,71
38987,50
38988,14
38989,88
38990,37
38991,78
38992,88
38993,70
38994,89
38995,71
38996,81
38997,20
38998,15
38999,66
39000,64
39001,12
39002,63
39003,60
39004,31
39005,11
39006,94
39007,40
39008,65
39009,7
39010,58
39011,24
39012,4
39013,44
39014,1
39015,41
39016,37
39017,2
39018,45
39019,21
39020,32
39021,31
39022,16
39023,81
39024,55
39025,2
39026,69
39027,48
39028,54
39029,76
39030,30
39031,80
39032,20
39033,15
39034,16
39035,95
39036,0
39037,71
39038,64
39039,65
39040,36
39041,23
39042,90
39043,83
39044,61
39045,20
39046,36
39047,34
39048,37
39049,52
39050,14
39051,41
39052,93
39053,3
39054,38
39055,78
39056,22
39057,14
39058,89
39059,11
39060,81
39061,69
39062,81
39063,53
39064,87
39065,37
39066,27
39067,78
39068,18
39069,68
39070,63
39071,3
39072,80
39073,9
39074,11
39075,68
39076,6
39077,43
39078,22
39079,1
39080,93
39081,36
39082,68
39083,19
39084,89
39085,43
39086,69
39087,92
39088,73
39089,50
39090,79
39091,97
39092,30
39093,99
39094,40
39095,57
39096,4
39097,32
39098,42
39099,18
39100,31
39101,86
39102,2
39103,0
39104,99
39105,40
39106,91
39107,47
39108,38
39109,4
39110,76
39111,10
39112,21
39113,86
39114,63
39115,11
39116,52
39117,54
39118,52
39119,20
39120,18
39121,68
39122,87
39123,93
39124,71
39125,65
39126,58
39127,48
39128,97
39129,58
39130,22
39131,2
39132,55
39133,57
39134,87
39135,61
39136,17
39137,60
39138,36
39139,53
39140,94
39141,77
39142,64
39143,13
39144,4
39145,94
39146,94
39147,93
39148,99
39149,61
39150,0
39151,62
39152,66
39153,19
39154,42
39155,84
39156,93
39157,41
39158,93
39159,68
39160,73
39161,87
39162,38
39163,61
39164,47
39165,5
39166,73
39167,41
39168,57
39169,42
39170,9
39171,88
39172,77
39173,38
39174,12
39175,74
39176,38
39177,10
39178,15
39179,32
39180,59
39181,95
39182,58
39183,73
39184,50
39185,14
39186,79
39187,42
39188,26
39189,55
39190,59
39191,95
39192,69
39193,46
39194,99
39195,7
39196,62
39197,88
39198,6
39199,80
39200,93
39201,1
39202,16
39203,3
39204,25
39205,77
39206,71
39207,68
39208,4
39209,4
39210,90
39211,68
39212,2
39213,37
39214,93
39215,0
39216,7
39217,12
39218,83
39219,69
39220,49
39221,7
39222,29
39223,39
39224,78
39225,73
39226,32
39227,72
39228,51
39229,32
39230,72
39231,77
39232,95
39233,36
39234,69
39235,68
39236,3
39237,59
39238,79
39239,73
39240,30
39241,94
39242,13
39243,76
39244,59
39245,67
39246,25
39247,23
39248,55
39249,8
39250,34
39251,78
39252,23
39253,30
39254,82
39255,65
39256,65
39257,40
39258,35
39259,100
39260,33
39261,38
39262,82
39263,22
39264,79
39265,43
39266,69
39267,57
39268,58
39269,25
39270,21
39271,87
39272,39
39273,84
39274,93
39275,10
39276,8
39277,11
39278,25
39279,37
39280,2
39281,96
39282,14
39283,46
39284,4
39285,53
39286,23
39287,10
39288,32
39289,86
39290,73
39291,56
39292,51
39293,63
39294,42
39295,91
39296,80
39297,43
39298,89
39299,88
39300,35
39301,11
39302,55
39303,2
39304,49
39305,28
39306,87
39307,82
39308,76
39309,15
39310,39
39311,26
39312,69
39313,41
39314,56
39315,9
39316,37
39317,7
39318,17
39319,95
39320,16
39321,57
39322,65
39323,43
39324,83
39325,73
39326,8
39327,47
39328,38
39329,88
39330,88
39331,87
39332,5
39333,29
39334,73
39335,94
39336,17
39337,42
39338,32
39339,52
39340,55
39341,18
39342,86
39343,68
39344,25
39345,28
39346,23
39347,5
39348,53
39349,38
39350,3
39351,57
39352,47
39353,59
39354,25
39355,78
39356,76
39357,39
39358,85
39359,76
39360,55
39361,38
39362,80
39363,99
39364,38
39365,47
39366,24
39367,33
39368,20
39369,24
39370,88
39371,21
39372,22
39373,24
39374,77
39375,77
39376,25
39377,29
39378,89
39379,37
39380,85
39381,33
39382,88
39383,99
39384,76
39385,92
39386,72
39387,14
39388,94
39389,43
39390,90
39391,94
39392,9
39393,36
39394,6
39395,31
39396,10
39397,47
39398,91
39399,67
39400,47
39401,44
39402,94
39403,92
39404,32
39405,3
39406,46
39407,89
39408,52
39409,30
39410,30
39411,26
39412,88
39413,47
39414,35
39415,48
39416,30
39417,100
39418,43
39419,58
39420,22
39421,98
39422,67
39423,91
39424,41
39425,41
39426,12
39427,0
39428,75
39429,52
39430,39
39431,89
39432,45
39433,86
39434,21
39435,51
39436,27
39437,52
39438,62
39439,16
39440,63
39441,5
39442,13
39443,16
39444,37
39445,68
39446,12
39447,52
39448,8
39449,43
39450,25
39451,76
39452,18
39453,47
39454,80
39455,79
39456,29
39457,31
39458,77
39459,78
39460,75
39461,100
39462,74
39463,68
39464,10
39465,97
39466,82
39467,25
39468,25
39469,16
39470,94
39471,82
39472,43
39473,83
39474,22
39475,24
39476,91
39477,36
39478,75
39479,64
39480,1
39481,73
39482,97
39483,31
39484,88
39485,73
39486,54
39487,49
39488,64
39489,31
39490,36
39491,75
39492,81
39493,93
39494,12
39495,53
39496,2
39497,84
39498,41
39499,77
39500,39
39501,73
39502,65
39503,59
39504,100
39505,10
39506,0
39507,25
39508,41
39509,61
39510,60
39511,76
39512,91
39513,99
39514,84
39515,61
39516,73
39517,11
39518,26
39519,66
39520,27
39521,65
39522,27
39523,94
39524,20
39525,6
39526,94
39527,13
39528,38
39529,72
39530,86
39531,61
39532,11
39533,92
39534,37
39535,57
39536,55
39537,38
39538,85
39539,3
39540,47
39541,6
39542,59
39543,39
39544,7
39545,57
39546,56
39547,34
39548,72
39549,12
39550,38
39551,83
39552,20
39553,46
39554,82
39555,1
39556,43
39557,29
39558,86
39559,54
39560,39
39561,76
39562,96
39563,95
39564,91
39565,23
39566,41
39567,27
39568,93
39569,92
39570,97
39571,50
39572,21
39573,88
39574,77
39575,73
39576,73
39577,7
39578,13
39579,44
39580,37
39581,31
39582,61
39583,95
39584,66
39585,83
39586,60
39587,12
39588,86
39589,82
39590,79
39591,99
39592,98
39593,46
39594,53
39595,70
39596,51
39597,100
39598,71
39599,24
39600,22
39601,73
39602,29
39603,96
39604,10
39605,34
39606,26
39607,66
39608,46
39609,49
39610,7
39611,54
39612,76
39613,41
39614,66
39615,19
39616,44
39617,34
39618,76
39619,19
39620,23
39621,56
39622,54
39623,8
39624,93
39625,88
39626,15
39627,54
39628,71
39629,57
39630,63
39631,91
39632,75
39633,87
39634,48
39635,28
39636,78
39637,81
39638,6
39639,76
39640,82
39641,68
39642,89
39643,1
39644,32
39645,47
39646,36
39647,88
39648,88
39649,29
39650,40
39651,3
39652,82
39653,90
39654,38
39655,23
39656,49
39657,36
39658,52
39659,24
39660,92
39661,30
39662,98
39663,91
39664,37
39665,57
39666,52
39667,49
39668,3
39669,91
39670,51
39671,30
39672,86
39673,77
39674,91
39675,13
39676,0
39677,42
39678,95
39679,58
39680,60
39681,40
39682,17
39683,59
39684,68
39685,78
39686,58
39687,41
39688,79
39689,99
39690,35
39691,39
39692,29
39693,86
39694,10
39695,24
39696,44
39697,50
39698,42
39699,65
39700,98
39701,46
39702,23
39703,76
39704,36
39705,55
39706,93
39707,74
39708,86
39709,45
39710,27
39711,92
39712,51
39713,14
39714,44
39715,57
39716,66
39717,72
39718,71
39719,96
39720,97
39721,72
39722,80
39723,40
39724,64
39725,39
39726,4
39727,93
39728,74
39729,27
39730,37
39731,80
39732,86
39733,17
39734,36
39735,26
39736,24
39737,68
39738,82
39739,26
39740,76
39741,53
39742,6
39743,89
39744,77
39745,26
39746,58
39747,71
39748,30
39749,98
39750,90
39751,67
39752,3
39753,17
39754,62
39755,86
39756,95
39757,75
39758,51
39759,83
39760,62
39761,44
39762,11
39763,7
39764,21
39765,90
39766,40
39767,40
39768,80
39769,56
39770,31
39771,96
39772,94
39773,54
39774,5
39775,38
39776,8
39777,31
39778,35
39779,15
39780,11
39781,40
39782,66
39783,57
39784,90
39785,90
39786,8
39787,16
39788,4
39789,25
39790,84
39791,0
39792,0
39793,34
39794,8
39795,86
39796,37
39797,3
39798,51
39799,18
39800,100
39801,4
39802,91
39803,47
39804,86
39805,62
39806,37
39807,51
39808,86
39809,45
39810,81
39811,92
39812,91
39813,8
39814,49
39815,73
39816,65
39817,76
39818,37
39819,26
39820,19
39821,61
39822,73
39823,15
39824,78
39825,12
39826,19
39827,23
39828,49
39829,6
39830,86
39831,87
39832,28
39833,4
39834,34
39835,64
39836,99
39837,81
39838,69
39839,86
39840,73
39841,6
39842,43
39843,71
39844,12
39845,93
39846,81
39847,77
39848,74
39849,37
39850,12
39851,53
39852,43
39853,96
39854,12
39855,24
39856,23
39857,28
39858,99
39859,69
39860,17
39861,91
39862,4
39863,17
39864,62
39865,36
39866,70
39867,54
39868,72
39869,98
39870,11
39871,51
39872,56
39873,45
39874,43
39875,23
39876,8
39877,11
39878,99
39879,100
39880,8
39881,21
39882,16
39883,32
39884,46
39885,87
39886,14
39887,92
39888,95
39889,32
39890,92
39891,14
39892,26
39893,97
39894,60
39895,67
39896,81
39897,84
39898,47
39899,7
39900,5
39901,62
39902,83
39903,1
39904,21
39905,20
39906,5
39907,95
39908,69
39909,12
39910,0
39911,21
39912,23
39913,63
39914,40
39915,93
39916,21
39917,60
39918,11
39919,89
39920,3
39921,82
39922,79
39923,11
39924,32
39925,20
39926,99
39927,72
39928,71
39929,83
39930,73
39931,95
39932,91
39933,73
39934,71
39935,51
39936,46
39937,96
39938,58
39939,46
39940,55
39941,12
39942,43
39943,34
39944,28
39945,55
39946,4
39947,66
39948,52
39949,100
39950,59
39951,5
39952,47
39953,79
39954,34
39955,17
39956,10
39957,50
39958,22
39959,46
39960,74
39961,58
39962,56
39963,92
39964,55
39965,26
39966,72
39967,34
39968,54
39969,8
39970,17
39971,43
39972,20
39973,55
39974,47
39975,99
39976,0
39977,26
39978,44
39979,62
39980,57
39981,39
39982,62
39983,37
39984,28
39985,39
39986,18
39987,87
39988,55
39989,43
39990,64
39991,99
39992,86
39993,12
39994,29
39995,48
39996,100
39997,74
39998,62
39999,70
40000,34
40001,10
40002,48
40003,39
40004,20
40005,46
40006,2
40007,29
40008,87
40009,66
40010,61
40011,36
40012,96
40013,21
40014,30
40015,45
40016,75
40017,44
40018,13
40019,11
40020,62
40021,90
40022,76
40023,87
40024,37
40025,46
40026,53
40027,54
40028,47
40029,72
40030,71
40031,100
40032,14
40033,70
40034,87
40035,15
40036,87
40037,42
40038,6
40039,42
40040,27
40041,65
40042,97
40043,59
40044,2
40045,0
40046,30
40047,55
40048,86
40049,83
40050,79
40051,45
40052,31
40053,80
40054,17
40055,67
40056,34
40057,99
40058,22
40059,78
40060,12
40061,77
40062,13
40063,36
40064,4
40065,21
40066,27
40067,3
40068,49
40069,28
40070,36
40071,34
40072,19
40073,34
40074,98
40075,83
40076,1
40077,57
40078,17
40079,93
40080,55
40081,63
40082,92
40083,51
40084,21
40085,92
40086,59
40087,9
40088,83
40089,79
40090,5
40091,80
40092,5
40093,85
40094,81
40095,95
40096,27
40097,41
40098,73
40099,40
40100,62
40101,21
40102,91
40103,78
40104,28
40105,70
40106,33
40107,95
40108,1
40109,25
40110,74
40111,88
40112,18
40113,19
40114,32
40115,80
40116,93
40117,81
40118,95
40119,3
40120,31
40121,18
40122,2
40123,91
40124,60
40125,37
40126,5
40127,55
40128,39
40129,80
40130,68
40131,82
40132,41
40133,98
40134,85
40135,87
40136,73
40137,1
40138,27
40139,100
40140,16
40141,69
40142,68
40143,38
40144,6
40145,31
40146,3
40147,20
40148,31
40149,81
40150,96
40151,13
40152,69
40153,74
40154,45
40155,19
40156,92
40157,57
40158,98
40159,79
40160,47
40161,6
40162,39
40163,58
40164,35
40165,43
40166,30
40167,41
40168,43
40169,42
40170,42
40171,46
40172,5
40173,92
40174,90
40175,65
40176,85
40177,8
40178,10
40179,79
40180,76
40181,17
40182,24
40183,96
40184,73
40185,57
40186,29
40187,0
40188,62
40189,96
40190,78
40191,28
40192,65
40193,74
40194,52
40195,97
40196,18
40197,65
40198,83
40199,51
40200,30
40201,59
40202,67
40203,92
40204,29
40205,12
40206,14
40207,19
40208,33
40209,91
40210,19
40211,49
40212,88
40213,26
40214,29
40215,55
40216,83
40217,64
40218,98
40219,54
40220,23
40221,24
40222,52
40223,75
40224,10
40225,93
40226,59
40227,76
40228,46
40229,24
40230,24
40231,16
40232,11
40233,51
40234,10
40235,9
40236,80
40237,59
40238,53
40239,79
40240,62
40241,19
40242,4
40243,40
40244,62
40245,55
40246,31
40247,26
40248,67
40249,47
40250,6
40251,45
40252,77
40253,87
40254,17
40255,37
40256,64
40257,16
40258,89
40259,85
40260,81
40261,37
40262,91
40263,84
40264,62
40265,96
40266,93
40267,41
40268,7
40269,29
40270,63
40271,8
40272,96
40273,56
40274,58
40275,92
40276,94
40277,66
40278,74
40279,4
40280,94
40281,83
40282,3
40283,7
40284,41
40285,34
40286,12
40287,4
40288,39
40289,18
40290,81
40291,96
40292,3
40293,58
40294,17
40295,23
40296,92
40297,30
40298,57
40299,27
40300,8
40301,44
40302,89
40303,48
40304,1
40305,5
40306,28
40307,25
40308,27
40309,6
40310,33
40311,55
40312,9
40313,56
40314,46
40315,85
40316,26
40317,38
40318,21
40319,18
40320,99
40321,8
40322,18
40323,1
40324,91
40325,60
40326,58
40327,85
40328,69
40329,70
40330,69
40331,32
40332,77
40333,64
40334,24
40335,69
40336,27
40337,17
40338,62
40339,90
40340,48
40341,65
40342,39
40343,84
40344,86
40345,65
40346,79
40347,3
40348,33
40349,4
40350,97
40351,21
40352,19
40353,46
40354,76
40355,33
40356,43
40357,5
40358,55
40359,28
40360,96
40361,52
40362,0
40363,58
40364,47
40365,6
40366,85
40367,31
40368,77
40369,60
40370,56
40371,50
40372,87
40373,18
40374,26
40375,62
40376,59
40377,60
40378,60
40379,86
40380,44
40381,20
40382,43
40383,92
40384,0
40385,94
40386,90
40387,43
40388,99
40389,61
40390,60
40391,90
40392,78
40393,88
40394,78
40395,82
40396,49
40397,74
40398,40
40399,32
40400,86
40401,11
40402,1
40403,20
40404,13
40405,33
40406,78
40407,84
40408,63
40409,22
40410,84
40411,49
40412,13
40413,84
40414,75
40415,45
40416,4
40417,65
40418,21
40419,69
40420,1
40421,28
40422,60
40423,99
40424,70
40425,15
40426,63
40427,96
40428,96
40429,13
40430,42
40431,75
40432,42
40433,69
40434,54
40435,75
40436,30
40437,75
40438,73
40439,39
40440,26
40441,51
40442,6
40443,45
40444,99
40445,32
40446,90
40447,7
40448,4
40449,60
40450,71
40451,59
40452,84
40453,23
40454,6
40455,60
40456,82
40457,94
40458,35
40459,26
40460,28
40461,86
40462,19
40463,69
40464,75
40465,75
40466,2
40467,38
40468,98
40469,82
40470,44
40471,67
40472,30
40473,37
40474,96
40475,5
40476,7
40477,27
40478,14
40479,94
40480,7
40481,53
40482,5
40483,28
40484,33
40485,6
40486,39
40487,73
40488,12
40489,61
40490,85
40491,84
40492,64
40493,40
40494,41
40495,65
40496,92
40497,10
40498,100
40499,49
40500,70
40501,34
40502,93
40503,79
40504,78
40505,19
40506,27
40507,36
40508,2
40509,92
40510,58
40511,100
40512,72
40513,26
40514,31
40515,47
40516,45
40517,94
40518,46
40519,89
40520,39
40521,2
40522,74
40523,28
40524,90
40525,57
40526,49
40527,9
40528,60
40529,98
40530,60
40531,22
40532,5
40533,74
40534,59
40535,26
40536,54
40537,30
40538,29
40539,66
40540,12
40541,58
40542,53
40543,20
40544,42
40545,10
40546,66
40547,37
40548,94
40549,23
40550,50
40551,75
40552,60
40553,45
40554,42
40555,26
40556,84
40557,88
40558,29
40559,93
40560,62
40561,9
40562,2
40563,76
40564,59
40565,26
40566,81
40567,44
40568,61
40569,23
40570,45
40571,77
40572,43
40573,62
40574,3
40575,15
40576,50
40577,73
40578,100
40579,90
40580,47
40581,64
40582,68
40583,76
40584,44
40585,2
40586,16
40587,82
40588,36
40589,4
40590,46
40591,43
40592,87
40593,32
40594,20
40595,66
40596,67
40597,31
40598,23
40599,34
40600,17
40601,66
40602,53
40603,25
40604,59
40605,87
40606,64
40607,50
40608,97
40609,59
40610,58
40611,75
40612,16
40613,84
40614,20
40615,66
40616,27
40617,88
40618,43
40619,69
40620,61
40621,41
40622,93
40623,95
40624,21
40625,37
40626,13
40627,97
40628,25
40629,39
40630,53
40631,12
40632,93
40633,18
40634,41
40635,40
40636,49
40637,2
40638,30
40639,75
40640,14
40641,53
40642,52
40643,44
40644,37
40645,77
40646,98
40647,79
40648,49
40649,23
40650,16
40651,17
40652,41
40653,16
40654,15
40655,84
40656,87
40657,97
40658,51
40659,35
40660,90
40661,38
40662,80
40663,24
40664,41
40665,20
40666,67
40667,88
40668,58
40669,29
40670,56
40671,32
40672,89
40673,88
40674,52
40675,15
40676,48
40677,87
40678,4
40679,76
40680,93
40681,59
40682,70
40683,80
40684,54
40685,90
40686,34
40687,68
40688,41
40689,68
40690,23
40691,70
40692,70
40693,54
40694,13
40695,54
40696,14
40697,4
40698,100
40699,3
40700,29
40701,83
40702,52
40703,89
40704,72
40705,29
40706,85
40707,93
40708,83
40709,91
40710,60
40711,70
40712,67
40713,91
40714,54
40715,98
40716,96
40717,70
40718,72
40719,97
40720,41
40721,97
40722,76
40723,28
40724,34
40725,44
40726,73
40727,93
40728,89
40729,98
40730,91
40731,28
40732,69
40733,2
40734,92
40735,56
40736,65
40737,21
40738,26
40739,21
40740,73
40741,48
40742,82
40743,23
40744,26
40745,35
40746,16
40747,55
40748,9
40749,53
40750,80
40751,73
40752,73
40753,37
40754,80
40755,89
40756,89
40757,97
40758,3
40759,49
40760,90
40761,60
40762,20
40763,35
40764,45
40765,94
40766,70
40767,43
40768,63
40769,97
40770,17
40771,87
40772,12
40773,12
40774,24
40775,4
40776,38
40777,28
40778,56
40779,45
40780,32
40781,87
40782,9
40783,57
40784,24
40785,73
40786,38
40787,15
40788,59
40789,27
40790,75
40791,43
40792,57
40793,31
40794,62
40795,92
40796,44
40797,52
40798,60
40799,49
40800,26
40801,25
40802,2
40803,89
40804,38
40805,64
40806,34
40807,52
40808,90
40809,45
40810,67
40811,82
40812,21
40813,59
40814,5
40815,51
40816,72
40817,74
40818,85
40819,72
40820,28
40821,42
40822,73
40823,33
40824,30
40825,85
40826,45
40827,3
40828,1
40829,4
40830,45
40831,78
40832,18
40833,37
40834,58
40835,78
40836,71
40837,19
40838,75
40839,67
40840,52
40841,54
40842,38
40843,35
40844,57
40845,14
40846,0
40847,94
40848,8
40849,22
40850,51
40851,25
40852,59
40853,17
40854,96
40855,77
40856,57
40857,64
40858,76
40859,78
40860,100
40861,68
40862,13
40863,77
40864,45
40865,68
40866,74
40867,31
40868,50
40869,68
40870,99
40871,14
40872,52
40873,70
40874,68
40875,93
40876,14
40877,29
40878,77
40879,23
40880,87
40881,34
40882,68
40883,11
40884,83
40885,45
40886,68
40887,35
40888,84
40889,47
40890,66
40891,92
40892,53
40893,88
40894,90
40895,35
40896,51
40897,21
40898,37
40899,98
40900,61
40901,64
40902,2
40903,87
40904,7
40905,38
40906,17
40907,2
40908,17
40909,79
40910,95
40911,0
40912,25
40913,51
40914,11
40915,37
40916,84
40917,40
40918,52
40919,12
40920,75
40921,12
40922,17
40923,18
40924,18
40925,69
40926,47
40927,70
40928,70
40929,27
40930,91
40931,18
40932,79
40933,80
40934,85
40935,82
40936,47
40937,28
40938,47
40939,18
40940,98
40941,46
40942,88
40943,59
40944,47
40945,19
40946,100
40947,18
40948,41
40949,76
40950,75
40951,48
40952,14
40953,59
40954,67
40955,78
40956,80
40957,26
40958,74
40959,54
40960,86
40961,14
40962,51
40963,30
40964,89
40965,6
40966,12
40967,53
40968,12
40969,19
40970,97
40971,9
40972,51
40973,36
40974,51
40975,26
40976,33
40977,99
40978,61
40979,15
40980,58
40981,20
40982,15
40983,80
40984,78
40985,12
40986,32
40987,53
40988,68
40989,26
40990,51
40991,64
40992,43
40993,29
40994,22
40995,78
40996,99
40997,82
40998,93
40999,15
41000,54
41001,17
41002,89
41003,16
41004,74
41005,51
41006,44
41007,55
41008,92
41009,53
41010,8
41011,16
41012,26
41013,36
41014,21
41015,71
41016,66
41017,37
41018,98
41019,95
41020,71
41021,43
41022,90
41023,95
41024,35
41025,97
41026,24
41027,94
41028,41
41029,12
41030,55
41031,78
41032,50
41033,49
41034,76
41035,51
41036,32
41037,94
41038,24
41039,57
41040,39
41041,86
41042,37
41043,2
41044,15
41045,1
41046,22
41047,97
41048,29
41049,9
41050,64
41051,21
41052,51
41053,55
41054,32
41055,88
41056,85
41057,79
41058,29
41059,81
41060,23
41061,4
41062,52
41063,100
41064,54
41065,22
41066,90
41067,75
41068,9
41069,97
41070,32
41071,79
41072,92
41073,61
41074,81
41075,26
41076,6
41077,99
41078,26
41079,73
41080,9
41081,74
41082,56
41083,29
41084,2
41085,28
41086,13
41087,76
41088,82
41089,24
41090,9
41091,78
41092,91
41093,48
41094,37
41095,70
41096,13
41097,29
41098,39
41099,11
41100,91
41101,13
41102,0
41103,67
41104,48
41105,17
41106,35
41107,63
41108,95
41109,27
41110,91
41111,31
41112,71
41113,24
41114,46
41115,19
41116,32
41117,29
41118,36
41119,79
41120,52
41121,88
41122,73
41123,68
41124,7
41125,96
41126,100
41127,0
41128,94
41129,6
41130,61
41131,86
41132,57
41133,87
41134,77
41135,86
41136,72
41137,7
41138,63
41139,7
41140,2
41141,57
41142,31
41143,67
41144,48
41145,37
41146,1
41147,8
41148,45
41149,64
41150,48
41151,74
41152,28
41153,89
41154,90
41155,28
41156,32
41157,27
41158,94
41159,82
41160,25
41161,28
41162,10
41163,95
41164,84
41165,33
41166,85
41167,47
41168,26
41169,71
41170,39
41171,30
41172,64
41173,38
41174,97
41175,23
41176,91
41177,67
41178,81
41179,92
41180,22
41181,100
41182,60
41183,26
41184,15
41185,44
41186,26
41187,72
41188,4
41189,58
41190,71
41191,81
41192,34
41193,69
41194,86
41195,45
41196,89
41197,55
41198,23
41199,9
41200,78
41201,37
41202,83
41203,92
41204,69
41205,47
41206,8
41207,49
41208,68
41209,47
41210,38
41211,82
41212,4
41213,83
41214,10
41215,59
41216,26
41217,92
41218,6
41219,59
41220,49
41221,66
41222,68
41223,54
41224,76
41225,15
41226,11
41227,26
41228,32
41229,78
41230,84
41231,80
41232,54
41233,51
41234,36
41235,14
41236,83
41237,82
41238,64
41239,67
41240,2
41241,71
41242,4
41243,8
41244,0
41245,29
41246,70
41247,85
41248,19
41249,92
41250,26
41251,88
41252,98
41253,90
41254,62
41255,74
41256,80
41257,30
41258,81
41259,18
41260,92
41261,78
41262,61
41263,6
41264,100
41265,36
41266,70
41267,85
41268,75
41269,7
41270,56
41271,81
41272,27
41273,81
41274,94
41275,16
41276,86
41277,10
41278,14
41279,29
41280,94
41281,5
41282,11
41283,86
41284,60
41285,35
41286,34
41287,66
41288,91
41289,78
41290,76
41291,62
41292,82
41293,39
41294,81
41295,30
41296,36
41297,84
41298,4
41299,80
41300,82
41301,3
41302,25
41303,23
41304,38
41305,55
41306,53
41307,37
41308,53
41309,18
41310,93
41311,25
41312,51
41313,74
41314,60
41315,66
41316,21
41317,16
41318,10
41319,38
41320,60
41321,90
41322,48
41323,92
41324,60
41325,11
41326,12
41327,57
41328,10
41329,63
41330,30
41331,10
41332,42
41333,35
41334,1
41335,86
41336,60
41337,35
41338,77
41339,100
41340,48
41341,26
41342,11
41343,57
41344,92
41345,5
41346,43
41347,46
41348,22
41349,73
41350,97
41351,75
41352,95
41353,25
41354,6
41355,31
41356,32
41357,81
41358,98
41359,19
41360,94
41361,68
41362,95
41363,51
41364,41
41365,82
41366,0
41367,62
41368,6
41369,57
41370,85
41371,49
41372,33
41373,50
41374,9
41375,25
41376,31
41377,41
41378,90
41379,61
41380,11
41381,39
41382,86
41383,77
41384,33
41385,80
41386,69
41387,26
41388,7
41389,96
41390,98
41391,46
41392,80
41393,25
41394,56
41395,6
41396,87
41397,88
41398,98
41399,25
41400,58
41401,68
41402,46
41403,34
41404,29
41405,49
41406,88
41407,23
41408,29
41409,83
41410,53
41411,66
41412,31
41413,7
41414,49
41415,46
41416,86
41417,45
41418,79
41419,34
41420,60
41421,88
41422,78
41423,50
41424,62
41425,7
41426,33
41427,24
41428,43
41429,82
41430,42
41431,49
41432,12
41433,45
41434,75
41435,78
41436,86
41437,52
41438,62
41439,1
41440,39
41441,22
41442,58
41443,68
41444,33
41445,73
41446,26
41447,54
41448,3
41449,67
41450,71
41451,69
41452,88
41453,26
41454,46
41455,39
41456,83
41457,26
41458,6
41459,22
41460,83
41461,63
41462,97
41463,28
41464,60
41465,43
41466,68
41467,26
41468,11
41469,16
41470,36
41471,33
41472,93
41473,35
41474,5
41475,95
41476,31
41477,72
41478,21
41479,9
41480,28
41481,10
41482,91
41483,65
41484,55
41485,84
41486,94
41487,57
41488,51
41489,60
41490,16
41491,90
41492,29
41493,71
41494,36
41495,4
41496,25
41497,69
41498,79
41499,0
41500,8
41501,84
41502,70
41503,63
41504,78
41505,23
41506,4
41507,50
41508,37
41509,28
41510,45
41511,51
41512,45
41513,74
41514,67
41515,58
41516,9
41517,97
41518,3
41519,51
41520,73
41521,96
41522,17
41523,75
41524,50
41525,22
41526,24
41527,59
41528,36
41529,67
41530,76
41531,17
41532,28
41533,29
41534,91
41535,6
41536,87
41537,40
41538,73
41539,36
41540,26
41541,20
41542,99
41543,42
41544,50
41545,92
41546,70
41547,12
41548,52
41549,86
41550,62
41551,56
41552,24
41553,12
41554,36
41555,29
41556,89
41557,11
41558,64
41559,17
41560,84
41561,61
41562,23
41563,59
41564,16
41565,59
41566,8
41567,51
41568,91
41569,14
41570,76
41571,27
41572,80
41573,8
41574,55
41575,84
41576,93
41577,74
41578,93
41579,35
41580,55
41581,88
41582,70
41583,19
41584,54
41585,59
41586,34
41587,73
41588,98
41589,0
41590,77
41591,44
41592,68
41593,39
41594,37
41595,97
41596,23
41597,3
41598,90
41599,68
41600,12
41601,20
41602,100
41603,31
41604,37
41605,94
41606,31
41607,78
41608,56
41609,47
41610,29
41611,70
41612,37
41613,94
41614,43
41615,25
41616,99
41617,89
41618,1
41619,42
41620,42
41621,62
41622,72
41623,57
41624,47
41625,4
41626,90
41627,75
41628,34
41629,92
41630,15
41631,82
41632,48
41633,59
41634,50
41635,90
41636,81
41637,58
41638,63
41639,12
41640,93
41641,25
41642,69
41643,2
41644,86
41645,11
41646,40
41647,78
41648,64
41649,62
41650,49
41651,46
41652,7
41653,30
41654,10
41655,16
41656,26
41657,94
41658,26
41659,77
41660,86
41661,55
41662,68
41663,93
41664,97
41665,46
41666,18
41667,56
41668,30
41669,15
41670,44
41671,26
41672,60
41673,25
41674,28
41675,43
41676,28
41677,94
41678,1
41679,5
41680,8
41681,14
41682,83
41683,57
41684,1
41685,2
41686,51
41687,54
41688,52
41689,93
41690,71
41691,39
41692,84
41693,38
41694,42
41695,12
41696,36
41697,54
41698,31
41699,13
41700,64
41701,26
41702,23
41703,21
41704,77
41705,44
41706,7
41707,90
41708,66
41709,63
41710,96
41711,46
41712,20
41713,31
41714,44
41715,43
41716,40
41717,95
41718,51
41719,87
41720,10
41721,100
41722,84
41723,17
41724,10
41725,26
41726,42
41727,64
41728,53
41729,28
41730,20
41731,28
41732,8
41733,60
41734,61
41735,70
41736,94
41737,90
41738,95
41739,4
41740,96
41741,14
41742,56
41743,4
41744,19
41745,100
41746,80
41747,3
41748,55
41749,84
41750,33
41751,39
41752,68
41753,67
41754,21
41755,13
41756,67
41757,7
41758,66
41759,45
41760,28
41761,89
41762,93
41763,11
41764,78
41765,51
41766,57
41767,1
41768,0
41769,54
41770,91
41771,98
41772,33
41773,63
41774,67
41775,81
41776,11
41777,49
41778,20
41779,9
41780,84
41781,88
41782,80
41783,69
41784,13
41785,100
41786,39
41787,81
41788,29
41789,72
41790,13
41791,51
41792,16
41793,61
41794,97
41795,21
41796,52
41797,31
41798,75
41799,54
41800,79
41801,21
41802,37
41803,49
41804,65
41805,44
41806,7
41807,64
41808,39
41809,4
41810,44
41811,45
41812,35
41813,16
41814,40
41815,29
41816,51
41817,78
41818,19
41819,35
41820,65
41821,44
41822,3
41823,49
41824,87
41825,54
41826,58
41827,41
41828,1
41829,45
41830,1
41831,49
41832,0
41833,12
41834,69
41835,21
41836,16
41837,58
41838,85
41839,69
41840,2
41841,69
41842,80
41843,98
41844,48
41845,49
41846,100
41847,34
41848,22
41849,71
41850,6
41851,49
41852,9
41853,89
41854,54
41855,73
41856,18
41857,22
41858,94
41859,63
41860,32
41861,65
41862,91
41863,95
41864,96
41865,8
41866,28
41867,78
41868,17
41869,81
41870,70
41871,77
41872,28
41873,82
41874,60
41875,4
41876,68
41877,55
41878,51
41879,14
41880,89
41881,87
41882,82
41883,19
41884,72
41885,91
41886,15
41887,74
41888,97
41889,24
41890,56
41891,20
41892,4
41893,74
41894,8
41895,10
41896,100
41897,64
41898,62
41899,25
41900,73
41901,18
41902,15
41903,55
41904,100
41905,67
41906,77
41907,29
41908,6
41909,11
41910,23
41911,21
41912,46
41913,29
41914,59
41915,38
41916,19
41917,25
41918,48
41919,68
41920,41
41921,5
41922,52
41923,33
41924,68
41925,9
41926,27
41927,2
41928,76
41929,47
41930,65
41931,34
41932,51
41933,61
41934,51
41935,46
41936,53
41937,27
41938,100
41939,22
41940,86
41941,34
41942,31
41943,1
41944,15
41945,15
41946,50
41947,66
41948,91
41949,92
41950,53
41951,19
41952,99
41953,32
41954,85
41955,7
41956,23
41957,52
41958,63
41959,57
41960,36
41961,83
41962,11
41963,83
41964,83
41965,3
41966,93
41967,30
41968,85
41969,78
41970,37
41971,36
41972,91
41973,74
41974,13
41975,74
41976,72
41977,23
41978,9
41979,37
41980,42
41981,36
41982,41
41983,31
41984,83
41985,13
41986,3
41987,23
41988,95
41989,9
41990,15
41991,38
41992,95
41993,17
41994,24
41995,6
41996,55
41997,46
41998,81
41999,81
42000,2
42001,0
42002,32
42003,70
42004,73
42005,58
42006,71
42007,31
42008,86
42009,16
42010,77
42011,16
42012,88
42013,20
42014,54
42015,5
42016,83
42017,48
42018,83
42019,25
42020,31
42021,71
42022,43
42023,58
42024,28
42025,16
42026,17
42027,39
42028,62
42029,81
42030,74
42031,44
42032,75
42033,78
42034,89
42035,2
42036,2
42037,37
42038,98
42039,72
42040,39
42041,67
42042,53
42043,19
42044,14
42045,92
42046,4
42047,38
42048,39
42049,6
42050,71
42051,95
42052,99
42053,32
42054,36
42055,31
42056,42
42057,62
42058,35
42059,97
42060,48
42061,24
42062,95
42063,65
42064,8
42065,92
42066,17
42067,21
42068,98
42069,14
42070,6
42071,12
42072,35
42073,15
42074,40
42075,20
42076,27
42077,73
42078,82
42079,16
42080,64
42081,12
42082,35
42083,57
42084,19
42085,51
42086,5
42087,22
42088,41
42089,23
42090,4
42091,31
42092,45
42093,16
42094,74
42095,26
42096,67
42097,22
42098,86
42099,33
42100,20
42101,21
42102,64
42103,31
42104,61
42105,27
42106,81
42107,6
42108,53
42109,69
42110,13
42111,93
42112,54
42113,57
42114,43
42115,45
42116,13
42117,43
42118,40
42119,72
42120,94
42121,1
42122,81
42123,4
42124,89
42125,86
42126,11
42127,77
42128,76
42129,98
42130,46
42131,78
42132,34
42133,18
42134,78
42135,62
42136,7
42137,22
42138,12
42139,22
42140,30
42141,29
42142,41
42143,1
42144,10
42145,24
42146,28
42147,21
42148,18
42149,72
42150,40
42151,37
42152,28
42153,73
42154,21
42155,87
42156,7
42157,46
42158,5
42159,6
42160,83
42161,80
42162,35
42163,7
42164,76
42165,87
42166,45
42167,63
42168,30
42169,22
42170,60
42171,80
42172,49
42173,45
42174,87
42175,42
42176,9
42177,94
42178,19
42179,15
42180,77
42181,2
42182,29
42183,17
42184,58
42185,69
42186,83
42187,34
42188,18
42189,25
42190,34
42191,75
42192,71
42193,56
42194,100
42195,48
42196,9
42197,84
42198,28
42199,94
42200,70
42201,97
42202,97
42203,93
42204,67
42205,93
42206,88
42207,77
42208,23
42209,42
42210,94
42211,38
42212,91
42213,24
42214,82
42215,67
42216,33
42217,95
42218,88
42219,85
42220,52
42221,91
42222,54
42223,52
42224,17
42225,6
42226,62
42227,74
42228,41
42229,10
42230,8
42231,34
42232,100
42233,86
42234,96
42235,64
42236,83
42237,4
42238,92
42239,25
42240,50
42241,37
42242,2
42243,84
42244,58
42245,12
42246,94
42247,80
42248,34
42249,86
42250,2
42251,52
42252,54
42253,44
42254,65
42255,66
42256,83
42257,43
42258,72
42259,67
42260,61
42261,24
42262,51
42263,49
42264,0
42265,38
42266,51
42267,75
42268,39
42269,59
42270,87
42271,72
42272,83
42273,68
42274,19
42275,84
42276,1
42277,84
42278,87
42279,8
42280,38
42281,29
42282,53
42283,81
42284,57
42285,43
42286,42
42287,9
42288,47
42289,84
42290,85
42291,16
42292,4
42293,69
42294,73
42295,63
42296,65
42297,70
42298,3
42299,100
42300,82
42301,27
42302,83
42303,93
42304,37
42305,65
42306,66
42307,59
42308,46
42309,24
42310,65
42311,78
42312,66
42313,68
42314,39
42315,99
42316,49
42317,39
42318,36
42319,90
42320,68
42321,16
42322,61
42323,40
42324,75
42325,41
42326,30
42327,32
42328,42
42329,92
42330,66
42331,37
42332,40
42333,62
42334,39
42335,29
42336,46
42337,21
42338,95
42339,54
42340,42
42341,60
42342,73
42343,31
42344,3
42345,92
42346,44
42347,71
42348,19
42349,70
42350,64
42351,59
42352,88
42353,25
42354,72
42355,22
42356,39
42357,1
42358,25
42359,77
42360,61
42361,43
42362,30
42363,25
42364,82
42365,4
42366,69
42367,34
42368,15
42369,30
42370,81
42371,13
42372,24
42373,78
42374,89
42375,99
42376,74
42377,100
42378,100
42379,70
42380,17
42381,49
42382,19
42383,55
42384,1
42385,25
42386,22
42387,31
42388,12
42389,12
42390,16
42391,88
42392,57
42393,85
42394,26
42395,16
42396,89
42397,37
42398,13
42399,13
42400,11
42401,68
42402,100
42403,67
42404,54
42405,62
42406,28
42407,88
42408,44
42409,3
42410,15
42411,65
42412,22
42413,67
42414,19
42415,16
42416,51
42417,5
42418,81
42419,83
42420,38
42421,33
42422,53
42423,87
42424,81
42425,93
42426,64
42427,86
42428,28
42429,40
42430,62
42431,31
42432,65
42433,99
42434,44
42435,16
42436,42
42437,65
42438,67
42439,33
42440,0
42441,22
42442,5
42443,15
42444,1
42445,75
42446,26
42447,18
42448,27
42449,34
42450,67
42451,48
42452,6
42453,36
42454,24
42455,40
42456,80
42457,61
42458,40
42459,13
42460,100
42461,53
42462,1
42463,87
42464,78
42465,47
42466,50
42467,96
42468,54
42469,11
42470,82
42471,68
42472,0
42473,58
42474,72
42475,33
42476,92
42477,45
42478,58
42479,65
42480,18
42481,27
42482,98
42483,39
42484,56
42485,50
42486,21
42487,67
42488,7
42489,59
42490,64
42491,35
42492,70
42493,88
42494,28
42495,64
42496,55
42497,81
42498,3
42499,83
42500,71
42501,90
42502,49
42503,38
42504,34
42505,24
42506,77
42507,43
42508,46
42509,39
42510,30
42511,68
42512,80
42513,73
42514,42
42515,54
42516,15
42517,67
42518,68
42519,41
42520,40
42521,49
42522,83
42523,5
42524,74
42525,52
42526,16
42527,56
42528,66
42529,15
42530,51
42531,99
42532,89
42533,87
42534,33
42535,83
42536,80
42537,19
42538,79
42539,55
42540,50
42541,52
42542,48
42543,3
42544,17
42545,35
42546,34
42547,29
42548,62
42549,81
42550,20
42551,51
42552,95
42553,68
42554,40
42555,53
42556,86
42557,29
42558,90
42559,55
42560,78
42561,40
42562,13
42563,20
42564,97
42565,89
42566,24
42567,49
42568,94
42569,52
42570,47
42571,69
42572,47
42573,3
42574,23
42575,30
42576,82
42577,74
42578,28
42579,4
42580,81
42581,66
42582,74
42583,84
42584,93
42585,82
42586,52
42587,88
42588,63
42589,34
42590,11
42591,46
42592,89
42593,54
42594,68
42595,82
42596,90
42597,37
42598,28
42599,11
42600,18
42601,8
42602,81
42603,28
42604,2
42605,86
42606,29
42607,57
42608,87
42609,52
42610,100
42611,100
42612,3
42613,56
42614,53
42615,27
42616,15
42617,12
42618,71
42619,55
42620,52
42621,47
42622,24
42623,65
42624,29
42625,2
42626,22
42627,28
42628,40
42629,93
42630,10
42631,20
42632,90
42633,23
42634,94
42635,93
42636,64
42637,0
42638,53
42639,71
42640,33
42641,79
42642,90
42643,67
42644,82
42645,28
42646,2
42647,10
42648,7
42649,61
42650,32
42651,7
42652,24
42653,87
42654,25
42655,25
42656,16
42657,90
42658,28
42659,42
42660,72
42661,77
42662,4
42663,49
42664,93
42665,55
42666,62
42667,56
42668,91
42669,44
42670,36
42671,71
42672,78
42673,91
42674,35
42675,32
42676,5
42677,75
42678,70
42679,44
42680,91
42681,6
42682,64
42683,23
42684,44
42685,60
42686,18
42687,31
42688,29
42689,64
42690,31
42691,56
42692,19
42693,84
42694,82
42695,93
42696,91
42697,95
42698,29
42699,86
42700,90
42701,100
42702,58
42703,89
42704,61
42705,66
42706,30
42707,65
42708,53
42709,9
42710,37
42711,82
42712,30
42713,28
42714,24
42715,31
42716,16
42717,44
42718,48
42719,86
42720,17
42721,74
42722,51
42723,19
42724,61
42725,12
42726,87
42727,42
42728,83
42729,91
42730,98
42731,20
42732,5
42733,70
42734,92
42735,52
42736,86
42737,51
42738,68
42739,85
42740,8
42741,95
42742,73
42743,45
42744,91
42745,74
42746,70
42747,29
42748,42
42749,58
42750,37
42751,33
42752,45
42753,91
42754,31
42755,15
42756,38
42757,0
42758,97
42759,56
42760,86
42761,19
42762,81
42763,81
42764,41
42765,84
42766,71
42767,33
42768,49
42769,10
42770,42
42771,9
42772,7
42773,71
42774,18
42775,64
42776,54
42777,51
42778,2
42779,52
42780,43
42781,95
42782,47
42783,53
42784,15
42785,29
42786,91
42787,27
42788,15
42789,50
42790,32
42791,24
42792,17
42793,25
42794,5
42795,37
42796,43
42797,66
42798,42
42799,5
42800,77
42801,63
42802,81
42803,79
42804,87
42805,12
42806,64
42807,37
42808,63
42809,13
42810,16
42811,76
42812,12
42813,72
42814,5
42815,5
42816,93
42817,36
42818,56
42819,52
42820,45
42821,77
42822,3
42823,33
42824,65
42825,62
42826,60
42827,80
42828,41
42829,77
42830,63
42831,16
42832,60
42833,29
42834,42
42835,92
42836,6
42837,72
42838,45
42839,22
42840,35
42841,13
42842,19
42843,55
42844,80
42845,31
42846,24
42847,93
42848,48
42849,56
42850,26
42851,26
42852,45
42853,94
42854,44
42855,25
42856,13
42857,47
42858,84
42859,91
42860,14
42861,93
42862,88
42863,50
42864,53
42865,10
42866,74
42867,27
42868,54
42869,68
42870,91
42871,71
42872,25
42873,69
42874,31
42875,47
42876,95
42877,11
42878,69
42879,76
42880,60
42881,33
42882,86
42883,80
42884,44
42885,59
42886,64
42887,70
42888,12
42889,77
42890,80
42891,93
42892,47
42893,48
42894,97
42895,90
42896,57
42897,88
42898,98
42899,72
42900,69
42901,60
42902,25
42903,38
42904,57
42905,26
42906,39
42907,30
42908,2
42909,87
42910,14
42911,53
42912,69
42913,10
42914,29
42915,34
42916,42
42917,60
42918,39
42919,92
42920,86
42921,41
42922,41
42923,2
42924,89
42925,77
42926,82
42927,84
42928,20
42929,72
42930,76
42931,52
42932,43
42933,45
42934,36
42935,37
42936,87
42937,37
42938,10
42939,92
42940,44
42941,63
42942,43
42943,80
42944,61
42945,89
42946,60
42947,89
42948,11
42949,81
42950,8
42951,66
42952,73
42953,1
42954,7
42955,42
42956,17
42957,51
42958,38
42959,30
42960,13
42961,63
42962,96
42963,92
42964,43
42965,59
42966,96
42967,98
42968,1
42969,98
42970,31
42971,35
42972,54
42973,86
42974,62
42975,68
42976,79
42977,39
42978,23
42979,57
42980,27
42981,61
42982,24
42983,6
42984,37
42985,70
42986,85
42987,85
42988,90
42989,96
42990,44
42991,31
42992,31
42993,0
42994,73
42995,44
42996,63
42997,67
42998,92
42999,6
43000,37
43001,69
43002,52
43003,74
43004,72
43005,29
43006,21
43007,57
43008,72
43009,54
43010,45
43011,96
43012,25
43013,63
43014,79
43015,8
43016,86
43017,14
43018,18
43019,15
43020,24
43021,98
43022,50
43023,76
43024,45
43025,6
43026,33
43027,57
43028,77
43029,22
43030,22
43031,16
43032,12
43033,26
43034,65
43035,100
43036,29
43037,3
43038,93
43039,66
43040,13
43041,10
43042,39
43043,86
43044,95
43045,2
43046,0
43047,8
43048,72
43049,75
43050,0
43051,15
43052,93
43053,71
43054,45
43055,9
43056,32
43057,40
43058,50
43059,21
43060,15
43061,82
43062,74
43063,61
43064,52
43065,74
43066,13
43067,58
43068,25
43069,43
43070,19
43071,83
43072,4
43073,64
43074,10
43075,46
43076,9
43077,60
43078,91
43079,44
43080,46
43081,33
43082,12
43083,88
43084,22
43085,35
43086,62
43087,75
43088,46
43089,65
43090,83
43091,79
43092,13
43093,52
43094,65
43095,48
43096,15
43097,67
43098,42
43099,76
43100,64
43101,8
43102,20
43103,81
43104,95
43105,97
43106,83
43107,42
43108,65
43109,3
43110,6
43111,85
43112,83
43113,57
43114,98
43115,3
43116,19
43117,34
43118,96
43119,58
43120,84
43121,44
43122,13
43123,94
43124,21
43125,47
43126,29
43127,28
43128,35
43129,41
43130,28
43131,6
43132,31
43133,12
43134,12
43135,53
43136,13
43137,5
43138,15
43139,40
43140,51
43141,84
43142,15
43143,4
43144,23
43145,42
43146,64
43147,9
43148,58
43149,34
43150,30
43151,78
43152,10
43153,8
43154,65
43155,43
43156,93
43157,15
43158,47
43159,52
43160,64
43161,47
43162,69
43163,45
43164,74
43165,32
43166,51
43167,80
43168,54
43169,50
43170,97
43171,39
43172,24
43173,62
43174,21
43175,89
43176,90
43177,37
43178,8
43179,36
43180,4
43181,81
43182,21
43183,11
43184,59
43185,43
43186,21
43187,5
43188,99
43189,26
43190,54
43191,14
43192,63
43193,16
43194,2
43195,9
43196,62
43197,62
43198,88
43199,61
43200,84
43201,8
43202,23
43203,31
43204,2
43205,32
43206,42
43207,11
43208,92
43209,84
43210,97
43211,96
43212,31
43213,19
43214,66
43215,67
43216,16
43217,80
43218,18
43219,3
43220,92
43221,16
43222,63
43223,21
43224,65
43225,41
43226,75
43227,44
43228,10
43229,52
43230,59
43231,28
43232,19
43233,4
43234,24
43235,33
43236,11
43237,27
43238,97
43239,5
43240,18
43241,11
43242,24
43243,12
43244,80
43245,75
43246,2
43247,23
43248,7
43249,99
43250,89
43251,44
43252,71
43253,95
43254,95
43255,0
43256,2
43257,64
43258,14
43259,49
43260,19
43261,2
43262,60
43263,14
43264,58
43265,53
43266,59
43267,36
43268,20
43269,22
43270,98
43271,17
43272,16
43273,30
43274,63
43275,47
43276,25
43277,21
43278,44
43279,35
43280,63
43281,34
43282,74
43283,90
43284,97
43285,81
43286,26
43287,67
43288,16
43289,69
43290,10
43291,4
43292,57
43293,81
43294,56
43295,88
43296,73
43297,79
43298,73
43299,73
43300,99
43301,84
43302,13
43303,71
43304,0
43305,15
43306,25
43307,48
43308,41
43309,69
43310,65
43311,52
43312,8
43313,68
43314,39
43315,55
43316,4
43317,55
43318,71
43319,4
43320,68
43321,51
43322,80
43323,72
43324,97
43325,32
43326,21
43327,84
43328,14
43329,64
43330,70
43331,22
43332,5
43333,83
43334,57
43335,25
43336,11
43337,76
43338,76
43339,1
43340,31
43341,49
43342,94
43343,60
43344,10
43345,100
43346,67
43347,33
43348,79
43349,94
43350,88
43351,7
43352,7
43353,97
43354,14
43355,4
43356,18
43357,73
43358,8
43359,56
43360,53
43361,28
43362,100
43363,18
43364,76
43365,45
43366,79
43367,61
43368,93
43369,59
43370,4
43371,32
43372,82
43373,54
43374,18
43375,16
43376,87
43377,91
43378,41
43379,100
43380,21
43381,38
43382,79
43383,98
43384,26
43385,75
43386,45
43387,27
43388,51
43389,64
43390,38
43391,17
43392,86
43393,21
43394,67
43395,10
43396,81
43397,63
43398,70
43399,84
43400,56
43401,34
43402,36
43403,49
43404,29
43405,16
43406,32
43407,15
43408,14
43409,12
43410,2
43411,23
43412,22
43413,58
43414,54
43415,64
43416,31
43417,96
43418,59
43419,29
43420,65
43421,17
43422,58
43423,52
43424,63
43425,29
43426,17
43427,4
43428,68
43429,7
43430,8
43431,31
43432,13
43433,12
43434,17
43435,67
43436,21
43437,19
43438,14
43439,6
43440,76
43441,97
43442,29
43443,4
43444,0
43445,59
43446,30
43447,19
43448,82
43449,63
43450,63
43451,28
43452,9
43453,28
43454,30
43455,74
43456,86
43457,29
43458,24
43459,79
43460,57
43461,56
43462,86
43463,62
43464,96
43465,36
43466,57
43467,27
43468,26
43469,69
43470,36
43471,5
43472,88
43473,76
43474,61
43475,96
43476,32
43477,88
43478,77
43479,39
43480,40
43481,41
43482,8
43483,17
43484,14
43485,3
43486,33
43487,61
43488,37
43489,80
43490,70
43491,95
43492,22
43493,19
43494,55
43495,52
43496,1
43497,20
43498,75
43499,41
43500,56
43501,48
43502,90
43503,9
43504,71
43505,60
43506,20
43507,59
43508,85
43509,12
43510,47
43511,39
43512,62
43513,75
43514,80
43515,8
43516,56
43517,50
43518,39
43519,75
43520,72
43521,63
43522,93
43523,69
43524,63
43525,24
43526,27
43527,9
43528,27
43529,92
43530,35
43531,10
43532,20
43533,25
43534,17
43535,67
43536,40
43537,14
43538,22
43539,40
43540,5
43541,70
43542,59
43543,78
43544,51
43545,8
43546,29
43547,43
43548,61
43549,42
43550,27
43551,93
43552,7
43553,98
43554,50
43555,98
43556,89
43557,29
43558,98
43559,10
43560,19
43561,30
43562,33
43563,11
43564,47
43565,27
43566,66
43567,62
43568,47
43569,41
43570,51
43571,4
43572,76
43573,11
43574,58
43575,64
43576,51
43577,42
43578,82
43579,92
43580,62
43581,49
43582,38
43583,41
43584,88
43585,79
43586,16
43587,91
43588,42
43589,48
43590,4
43591,0
43592,66
43593,23
43594,28
43595,14
43596,3
43597,43
43598,64
43599,78
43600,87
43601,30
43602,19
43603,9
43604,10
43605,81
43606,97
43607,27
43608,37
43609,79
43610,23
43611,38
43612,50
43613,75
43614,49
43615,6
43616,99
43617,80
43618,67
43619,52
43620,36
43621,96
43622,82
43623,53
43624,89
43625,54
43626,74
43627,30
43628,64
43629,99
43630,92
43631,88
43632,58
43633,46
43634,48
43635,17
43636,2
43637,17
43638,57
43639,70
43640,91
43641,80
43642,24
43643,17
43644,51
43645,42
43646,66
43647,88
43648,6
43649,73
43650,43
43651,43
43652,50
43653,82
43654,78
43655,84
43656,20
43657,36
43658,27
43659,31
43660,56
43661,40
43662,53
43663,26
43664,86
43665,73
43666,39
43667,40
43668,69
43669,23
43670,17
43671,73
43672,55
43673,14
43674,97
43675,71
43676,34
43677,26
43678,88
43679,2
43680,20
43681,38
43682,31
43683,49
43684,84
43685,8
43686,49
43687,0
43688,3
43689,3
43690,89
43691,33
43692,26
43693,14
43694,31
43695,40
43696,70
43697,60
43698,62
43699,60
43700,13
43701,22
43702,64
43703,31
43704,40
43705,25
43706,47
43707,72
43708,15
43709,30
43710,65
43711,31
43712,9
43713,24
43714,81
43715,97
43716,92
43717,44
43718,23
43719,2
43720,61
43721,78
43722,66
43723,54
43724,94
43725,9
43726,54
43727,21
43728,13
43729,72
43730,81
43731,7
43732,14
43733,14
43734,51
43735,69
43736,53
43737,75
43738,41
43739,18
43740,39
43741,68
43742,26
43743,73
43744,42
43745,51
43746,45
43747,13
43748,63
43749,60
43750,97
43751,57
43752,48
43753,78
43754,28
43755,25
43756,26
43757,66
43758,66
43759,34
43760,59
43761,60
43762,98
43763,69
43764,77
43765,89
43766,2
43767,32
43768,41
43769,12
43770,28
43771,8
43772,31
43773,21
43774,85
43775,57
43776,56
43777,97
43778,9
43779,24
43780,61
43781,62
43782,75
43783,2
43784,82
43785,96
43786,46
43787,54
43788,25
43789,12
43790,6
43791,33
43792,21
43793,83
43794,22
43795,47
43796,13
43797,93
43798,86
43799,51
43800,82
43801,38
43802,40
43803,35
43804,5
43805,22
43806,9
43807,98
43808,84
43809,95
43810,59
43811,29
43812,96
43813,69
43814,4
43815,78
43816,56
43817,42
43818,51
43819,88
43820,76
43821,5
43822,100
43823,1
43824,16
43825,87
43826,11
43827,43
43828,53
43829,77
43830,6
43831,89
43832,31
43833,28
43834,45
43835,72
43836,77
43837,52
43838,80
43839,24
43840,52
43841,93
43842,28
43843,92
43844,81
43845,94
43846,82
43847,80
43848,5
43849,75
43850,37
43851,2
43852,34
43853,54
43854,46
43855,32
43856,92
43857,2
43858,68
43859,58
43860,77
43861,99
43862,91
43863,95
43864,17
43865,76
43866,65
43867,24
43868,19
43869,70
43870,74
43871,68
43872,28
43873,17
43874,71
43875,26
43876,41
43877,65
43878,98
43879,25
43880,22
43881,4
43882,79
43883,10
43884,18
43885,79
43886,95
43887,11
43888,1
43889,42
43890,21
43891,25
43892,32
43893,23
43894,68
43895,20
43896,45
43897,17
43898,4
43899,7
43900,84
43901,56
43902,4
43903,12
43904,82
43905,92
43906,65
43907,36
43908,89
43909,28
43910,68
43911,31
43912,47
43913,1
43914,68
43915,96
43916,50
43917,34
43918,82
43919,14
43920,98
43921,71
43922,64
43923,37
43924,85
43925,16
43926,79
43927,44
43928,0
43929,2
43930,69
43931,51
43932,52
43933,2
43934,93
43935,46
43936,74
43937,90
43938,85
43939,5
43940,45
43941,94
43942,60
43943,42
43944,55
43945,69
43946,19
43947,46
43948,53
43949,40
43950,74
43951,65
43952,30
43953,63
43954,89
43955,90
43956,57
43957,54
43958,45
43959,94
43960,23
43961,76
43962,88
43963,36
43964,40
43965,24
43966,28
43967,30
43968,1
43969,11
43970,4
43971,60
43972,90
43973,55
43974,97
43975,77
43976,70
43977,36
43978,35
43979,73
43980,28
43981,79
43982,37
43983,84
43984,40
43985,32
43986,92
43987,80
43988,12
43989,5
43990,65
43991,7
43992,63
43993,95
43994,99
43995,8
43996,22
43997,70
43998,94
43999,20
44000,0
44001,45
44002,61
44003,1
44004,74
44005,100
44006,81
44007,43
44008,87
44009,82
44010,4
44011,92
44012,38
44013,65
44014,80
44015,44
44016,74
44017,100
44018,12
44019,92
44020,31
44021,42
44022,7
44023,73
44024,88
44025,58
44026,10
44027,27
44028,96
44029,38
44030,25
44031,71
44032,25
44033,31
44034,45
44035,27
44036,6
44037,34
44038,65
44039,21
44040,21
44041,2
44042,45
44043,49
44044,7
44045,3
44046,14
44047,43
44048,38
44049,75
44050,28
44051,72
44052,61
44053,83
44054,33
44055,25
44056,84
44057,86
44058,17
44059,62
44060,51
44061,53
44062,87
44063,41
44064,92
44065,53
44066,51
44067,12
44068,31
44069,82
44070,80
44071,65
44072,81
44073,57
44074,38
44075,26
44076,77
44077,53
44078,78
44079,71
44080,72
44081,84
44082,42
44083,98
44084,51
44085,13
44086,90
44087,7
44088,34
44089,17
44090,54
44091,77
44092,51
44093,71
44094,48
44095,7
44096,36
44097,65
44098,80
44099,76
44100,77
44101,40
44102,72
44103,26
44104,19
44105,37
44106,11
44107,41
44108,85
44109,100
44110,49
44111,30
44112,76
44113,64
44114,52
44115,39
44116,72
44117,38
44118,9
44119,28
44120,39
44121,29
44122,1
44123,81
44124,27
44125,46
44126,31
44127,87
44128,77
44129,88
44130,88
44131,31
44132,26
44133,53
44134,95
44135,55
44136,30
44137,23
44138,34
44139,29
44140,96
44141,54
44142,63
44143,32
44144,45
44145,90
44146,96
44147,32
44148,67
44149,63
44150,29
44151,78
44152,28
44153,61
44154,91
44155,95
44156,99
44157,29
44158,11
44159,66
44160,14
44161,9
44162,85
44163,60
44164,22
44165,10
44166,15
44167,48
44168,79
44169,13
44170,5
44171,41
44172,16
44173,94
44174,41
44175,9
44176,45
44177,83
44178,48
44179,8
44180,78
44181,38
44182,1
44183,67
44184,51
44185,87
44186,81
44187,10
44188,36
44189,89
44190,71
44191,21
44192,51
44193,4
44194,1
44195,4
44196,98
44197,31
44198,18
44199,3
44200,86
44201,45
44202,82
44203,25
44204,49
44205,25
44206,70
44207,31
44208,96
44209,43
44210,25
44211,60
44212,87
44213,50
44214,58
44215,86
44216,37
44217,25
44218,44
44219,30
44220,69
44221,44
44222,30
44223,60
44224,47
44225,44
44226,59
44227,60
44228,51
44229,51
44230,75
44231,80
44232,61
44233,25
44234,66
44235,78
44236,48
44237,87
44238,93
44239,43
44240,35
44241,52
44242,43
44243,90
44244,21
44245,1
44246,6
44247,15
44248,87
44249,93
44250,43
44251,64
44252,90
44253,72
44254,70
44255,68
44256,60
44257,29
44258,41
44259,90
44260,73
44261,24
44262,81
44263,70
44264,56
44265,94
44266,31
44267,49
44268,74
44269,9
44270,21
44271,94
44272,40
44273,46
44274,13
44275,2
44276,87
44277,77
44278,52
44279,15
44280,60
44281,27
44282,34
44283,1
44284,60
44285,55
44286,97
44287,54
44288,17
44289,70
44290,48
44291,41
44292,6
44293,3
44294,42
44295,79
44296,58
44297,48
44298,59
44299,5
44300,19
44301,30
44302,82
44303,21
44304,84
44305,81
44306,31
44307,46
44308,33
44309,26
44310,43
44311,29
44312,32
44313,26
44314,55
44315,22
44316,42
44317,82
44318,53
44319,94
44320,67
44321,52
44322,82
44323,39
44324,59
44325,85
44326,8
44327,94
44328,9
44329,9
44330,29
44331,9
44332,57
44333,35
44334,81
44335,43
44336,56
44337,42
44338,82
44339,22
44340,3
44341,11
44342,48
44343,23
44344,12
44345,67
44346,90
44347,71
44348,89
44349,33
44350,8
44351,9
44352,64
44353,71
44354,73
44355,53
44356,42
44357,58
44358,88
44359,94
44360,58
44361,66
44362,60
44363,37
44364,98
44365,7
44366,64
44367,4
44368,90
44369,89
44370,42
44371,59
44372,25
44373,10
44374,33
44375,1
44376,20
44377,25
44378,75
44379,72
44380,86
44381,4
44382,8
44383,49
44384,9
44385,57
44386,9
44387,77
44388,35
44389,73
44390,55
44391,61
44392,36
44393,40
44394,47
44395,21
44396,86
44397,79
44398,60
44399,74
44400,98
44401,47
44402,63
44403,83
44404,36
44405,40
44406,4
44407,99
44408,76
44409,51
44410,16
44411,89
44412,61
44413,51
44414,19
44415,96
44416,93
44417,15
44418,6
44419,93
44420,65
44421,11
44422,42
44423,39
44424,0
44425,57
44426,2
44427,7
44428,89
44429,74
44430,60
44431,84
44432,4
44433,25
44434,84
44435,72
44436,16
44437,100
44438,65
44439,50
44440,46
44441,39
44442,91
44443,26
44444,39
44445,0
44446,45
44447,10
44448,38
44449,17
44450,90
44451,46
44452,73
44453,99
44454,20
44455,27
44456,0
44457,13
44458,19
44459,72
44460,44
44461,60
44462,26
44463,55
44464,51
44465,67
44466,36
44467,81
44468,30
44469,48
44470,52
44471,38
44472,9
44473,8
44474,91
44475,91
44476,12
44477,17
44478,11
44479,71
44480,86
44481,4
44482,6
44483,14
44484,66
44485,17
44486,37
44487,25
44488,37
44489,58
44490,51
44491,32
44492,20
44493,16
44494,61
44495,58
44496,1
44497,63
44498,24
44499,40
44500,18
44501,37
44502,24
44503,38
44504,3
44505,2
44506,33
44507,9
44508,26
44509,89
44510,90
44511,0
44512,43
44513,83
44514,51
44515,24
44516,73
44517,64
44518,79
44519,10
44520,67
44521,98
44522,76
44523,84
44524,14
44525,56
44526,73
44527,63
44528,10
44529,95
44530,96
44531,19
44532,99
44533,29
44534,9
44535,53
44536,57
44537,78
44538,28
44539,0
44540,57
44541,20
44542,14
44543,66
44544,32
44545,37
44546,18
44547,3
44548,75
44549,88
44550,97
44551,80
44552,57
44553,69
44554,11
44555,78
44556,16
44557,0
44558,13
44559,1
44560,3
44561,65
44562,89
44563,45
44564,49
44565,59
44566,51
44567,96
44568,47
44569,38
44570,69
44571,59
44572,29
44573,85
44574,26
44575,82
44576,73
44577,54
44578,69
44579,25
44580,41
44581,66
44582,66
44583,51
44584,5
44585,9
44586,37
44587,76
44588,11
44589,45
44590,48
44591,90
44592,71
44593,62
44594,68
44595,99
44596,42
44597,93
44598,59
44599,100
44600,28
44601,85
44602,77
44603,73
44604,10
44605,34
44606,22
44607,71
44608,20
44609,36
44610,27
44611,94
44612,57
44613,52
44614,27
44615,41
44616,90
44617,84
44618,72
44619,92
44620,60
44621,78
44622,32
44623,54
44624,36
44625,46
44626,35
44627,27
44628,9
44629,22
44630,91
44631,97
44632,4
44633,81
44634,5
44635,41
44636,46
44637,86
44638,27
44639,12
44640,24
44641,6
44642,65
44643,79
44644,57
44645,65
44646,35
44647,1
44648,37
44649,73
44650,13
44651,26
44652,14
44653,84
44654,11
44655,42
44656,96
44657,56
44658,85
44659,47
44660,60
44661,81
44662,43
44663,51
44664,61
44665,1
44666,92
44667,70
44668,30
44669,81
44670,72
44671,71
44672,32
44673,4
44674,77
44675,57
44676,76
44677,10
44678,83
44679,22
44680,44
44681,26
44682,78
44683,93
44684,55
44685,58
44686,79
44687,39
44688,17
44689,50
44690,60
44691,22
44692,35
44693,37
44694,71
44695,55
44696,38
44697,92
44698,75
44699,81
44700,82
44701,99
44702,96
44703,68
44704,27
44705,89
44706,20
44707,61
44708,22
44709,20
44710,74
44711,15
44712,61
44713,96
44714,90
44715,64
44716,79
44717,4
44718,45
44719,63
44720,81
44721,40
44722,97
44723,43
44724,88
44725,97
44726,14
44727,67
44728,50
44729,53
44730,67
44731,88
44732,76
44733,41
44734,45
44735,24
44736,66
44737,34
44738,72
44739,77
44740,21
44741,8
44742,23
44743,22
44744,60
44745,36
44746,44
44747,14
44748,56
44749,99
44750,13
44751,51
44752,83
44753,35
44754,26
44755,16
44756,89
44757,40
44758,3
44759,2
44760,18
44761,40
44762,39
44763,57
44764,38
44765,6
44766,35
44767,82
44768,75
44769,19
44770,75
44771,28
44772,93
44773,83
44774,67
44775,65
44776,46
44777,93
44778,22
44779,5
44780,17
44781,52
44782,21
44783,100
44784,67
44785,74
44786,34
44787,74
44788,97
44789,8
44790,30
44791,95
44792,42
44793,98
44794,74
44795,16
44796,50
44797,99
44798,65
44799,23
44800,14
44801,27
44802,2
44803,28
44804,51
44805,53
44806,57
44807,44
44808,76
44809,49
44810,21
44811,51
44812,52
44813,30
44814,70
44815,47
44816,89
44817,30
44818,3
44819,34
44820,96
44821,66
44822,63
44823,82
44824,8
44825,45
44826,82
44827,55
44828,55
44829,82
44830,25
44831,59
44832,76
44833,85
44834,71
44835,87
44836,89
44837,47
44838,57
44839,62
44840,57
44841,2
44842,6
44843,51
44844,61
44845,1
44846,32
44847,11
44848,47
44849,75
44850,52
44851,73
44852,40
44853,90
44854,81
44855,57
44856,67
44857,22
44858,84
44859,35
44860,93
44861,84
44862,86
44863,20
44864,71
44865,54
44866,55
44867,12
44868,21
44869,6
44870,23
44871,60
44872,4
44873,49
44874,61
44875,54
44876,25
44877,9
44878,10
44879,39
44880,10
44881,93
44882,3
44883,1
44884,76
44885,38
44886,80
44887,22
44888,44
44889,73
44890,76
44891,41
44892,41
44893,28
44894,15
44895,66
44896,99
44897,59
44898,3
44899,99
44900,15
44901,40
44902,5
44903,41
44904,56
44905,27
44906,99
44907,22
44908,75
44909,41
44910,94
44911,11
44912,95
44913,88
44914,63
44915,57
44916,50
44917,28
44918,18
44919,85
44920,87
44921,96
44922,99
44923,44
44924,53
44925,79
44926,65
44927,71
44928,12
44929,93
44930,64
44931,11
44932,70
44933,13
44934,41
44935,98
44936,91
44937,75
44938,47
44939,23
44940,64
44941,16
44942,37
44943,27
44944,32
44945,23
44946,69
44947,84
44948,3
44949,32
44950,9
44951,35
44952,76
44953,99
44954,72
44955,30
44956,3
44957,83
44958,7
44959,26
44960,35
44961,8
44962,42
44963,23
44964,36
44965,40
44966,93
44967,25
44968,3
44969,0
44970,19
44971,91
44972,44
44973,87
44974,91
44975,91
44976,68
44977,95
44978,51
44979,93
44980,63
44981,20
44982,79
44983,71
44984,75
44985,95
44986,24
44987,66
44988,25
44989,99
44990,80
44991,26
44992,51
44993,62
44994,85
44995,44
44996,57
44997,37
44998,34
44999,45
45000,70
45001,2
45002,5
45003,12
45004,45
45005,78
45006,89
45007,32
45008,78
45009,61
45010,62
45011,55
45012,38
45013,59
45014,77
45015,82
45016,91
45017,23
45018,49
45019,32
45020,75
45021,73
45022,6
45023,45
45024,61
45025,0
45026,78
45027,64
45028,44
45029,83
45030,54
45031,65
45032,66
45033,99
45034,79
45035,53
45036,92
45037,99
45038,62
45039,53
45040,51
45041,53
45042,66
45043,36
45044,11
45045,58
45046,19
45047,86
45048,85
45049,31
45050,70
45051,85
45052,43
45053,65
45054,77
45055,54
45056,15
45057,87
45058,70
45059,67
45060,51
45061,36
45062,45
45063,40
45064,4
45065,65
45066,4
45067,62
45068,2
45069,7
45070,25
45071,73
45072,97
45073,99
45074,52
45075,75
45076,83
45077,28
45078,13
45079,4
45080,26
45081,67
45082,28
45083,2
45084,96
45085,29
45086,99
45087,8
45088,0
45089,22
45090,66
45091,31
45092,87
45093,5
45094,76
45095,48
45096,14
45097,57
45098,52
45099,29
45100,75
45101,39
45102,58
45103,62
45104,47
45105,98
45106,91
45107,67
45108,6
45109,46
45110,42
45111,15
45112,21
45113,62
45114,45
45115,44
45116,40
45117,24
45118,49
45119,66
45120,51
45121,85
45122,30
45123,36
45124,21
45125,26
45126,1
45127,21
45128,52
45129,16
45130,55
45131,83
45132,87
45133,30
45134,42
45135,71
45136,52
45137,4
45138,1
45139,58
45140,3
45141,98
45142,33
45143,66
45144,83
45145,72
45146,5
45147,57
45148,46
45149,4
45150,60
45151,55
45152,34
45153,94
45154,12
45155,25
45156,85
45157,95
45158,63
45159,78
45160,10
45161,61
45162,79
45163,46
45164,69
45165,74
45166,57
45167,9
45168,15
45169,11
45170,70
45171,90
45172,87
45173,49
45174,14
45175,58
45176,69
45177,61
45178,82
45179,71
45180,61
45181,99
45182,49
45183,76
45184,53
45185,53
45186,96
45187,95
45188,27
45189,50
45190,73
45191,32
45192,0
45193,84
45194,68
45195,0
45196,54
45197,84
45198,88
45199,83
45200,44
45201,72
45202,79
45203,91
45204,39
45205,60
45206,35
45207,23
45208,79
45209,13
45210,97
45211,87
45212,74
45213,99
45214,0
45215,46
45216,75
45217,20
45218,72
45219,38
45220,2
45221,15
45222,67
45223,25
45224,53
45225,12
45226,60
45227,19
45228,82
45229,26
45230,1
45231,9
45232,59
45233,88
45234,18
45235,14
45236,46
45237,23
45238,15
45239,80
45240,59
45241,79
45242,81
45243,48
45244,3
45245,65
45246,48
45247,30
45248,65
45249,53
45250,1
45251,60
45252,14
45253,59
45254,42
45255,92
45256,97
45257,39
45258,95
45259,84
45260,29
45261,62
45262,23
45263,43
45264,13
45265,27
45266,13
45267,55
45268,33
45269,77
45270,88
45271,11
45272,55
45273,60
45274,60
45275,39
45276,19
45277,41
45278,6
45279,78
45280,72
45281,67
45282,30
45283,86
45284,69
45285,91
45286,75
45287,46
45288,50
45289,57
45290,21
45291,23
45292,33
45293,62
45294,59
45295,18
45296,23
45297,63
45298,19
45299,97
45300,26
45301,57
45302,43
45303,92
45304,64
45305,45
45306,99
45307,53
45308,38
45309,6
45310,53
45311,42
45312,19
45313,83
45314,24
45315,42
45316,84
45317,72
45318,26
45319,91
45320,24
45321,35
45322,97
45323,65
45324,8
45325,82
45326,78
45327,52
45328,20
45329,49
45330,15
45331,65
45332,25
45333,43
45334,28
45335,96
45336,97
45337,45
45338,90
45339,70
45340,48
45341,14
45342,16
45343,8
45344,76
45345,31
45346,65
45347,58
45348,31
45349,83
45350,42
45351,82
45352,90
45353,99
45354,58
45355,29
45356,10
45357,79
45358,25
45359,93
45360,1
45361,33
45362,40
45363,85
45364,30
45365,62
45366,54
45367,60
45368,84
45369,35
45370,39
45371,22
45372,25
45373,17
45374,78
45375,33
45376,85
45377,27
45378,48
45379,63
45380,70
45381,62
45382,61
45383,41
45384,23
45385,34
45386,76
45387,54
45388,48
45389,76
45390,94
45391,58
45392,82
45393,92
45394,21
45395,84
45396,60
45397,79
45398,29
45399,68
45400,59
45401,5
45402,84
45403,10
45404,23
45405,91
45406,78
45407,50
45408,18
45409,49
45410,80
45411,2
45412,2
45413,91
45414,30
45415,46
45416,7
45417,16
45418,98
45419,99
45420,90
45421,44
45422,96
45423,59
45424,74
45425,20
45426,69
45427,20
45428,57
45429,54
45430,27
45431,80
45432,81
45433,74
45434,45
45435,43
45436,88
45437,93
45438,24
45439,70
45440,48
45441,100
45442,45
45443,90
45444,89
45445,62
45446,76
45447,87
45448,11
45449,77
45450,56
45451,72
45452,63
45453,30
45454,3
45455,53
45456,82
45457,64
45458,92
45459,5
45460,64
45461,88
45462,90
45463,21
45464,16
45465,58
45466,28
45467,66
45468,16
45469,1
45470,31
45471,21
45472,96
45473,57
45474,52
45475,85
45476,46
45477,3
45478,37
45479,12
45480,60
45481,86
45482,63
45483,76
45484,83
45485,32
45486,97
45487,37
45488,28
45489,60
45490,31
45491,10
45492,17
45493,44
45494,20
45495,11
45496,19
45497,6
45498,90
45499,70
45500,1
45501,42
45502,96
45503,20
45504,28
45505,31
45506,44
45507,75
45508,76
45509,58
45510,2
45511,38
45512,50
45513,7
45514,45
45515,65
45516,5
45517,57
45518,40
45519,78
45520,53
45521,75
45522,40
45523,47
45524,95
45525,69
45526,26
45527,46
45528,76
45529,22
45530,73
45531,13
45532,60
45533,66
45534,75
45535,24
45536,64
45537,95
45538,23
45539,52
45540,72
45541,49
45542,0
45543,38
45544,73
45545,43
45546,93
45547,4
45548,67
45549,71
45550,79
45551,64
45552,78
45553,87
45554,14
45555,49
45556,5
45557,65
45558,68
45559,38
45560,97
45561,95
45562,28
45563,92
45564,87
45565,45
45566,30
45567,23
45568,14
45569,75
45570,19
45571,3
45572,57
45573,76
45574,60
45575,9
45576,40
45577,52
45578,86
45579,70
45580,75
45581,47
45582,14
45583,6
45584,71
45585,70
45586,42
45587,3
45588,50
45589,70
45590,58
45591,40
45592,60
45593,29
45594,17
45595,29
45596,6
45597,51
45598,47
45599,22
45600,36
45601,70
45602,92
45603,97
45604,52
45605,44
45606,48
45607,48
45608,81
45609,46
45610,24
45611,90
45612,26
45613,11
45614,22
45615,16
45616,43
45617,70
45618,23
45619,70
45620,92
45621,59
45622,52
45623,91
45624,86
45625,73
45626,15
45627,97
45628,24
45629,65
45630,49
45631,68
45632,77
45633,94
45634,39
45635,5
45636,63
45637,27
45638,8
45639,5
45640,16
45641,39
45642,98
45643,75
45644,44
45645,81
45646,42
45647,97
45648,45
45649,62
45650,0
45651,58
45652,62
45653,78
45654,17
45655,85
45656,81
45657,64
45658,19
45659,55
45660,53
45661,47
45662,99
45663,53
45664,88
45665,15
45666,19
45667,46
45668,96
45669,6
45670,22
45671,74
45672,32
45673,39
45674,4
45675,44
45676,40
45677,7
45678,80
45679,81
45680,49
45681,90
45682,30
45683,3
45684,65
45685,55
45686,4
45687,80
45688,53
45689,95
45690,92
45691,79
45692,0
45693,75
45694,82
45695,72
45696,60
45697,6
45698,29
45699,14
45700,3
45701,62
45702,69
45703,37
45704,46
45705,59
45706,98
45707,1
45708,68
45709,7
45710,50
45711,93
45712,18
45713,93
45714,30
45715,79
45716,21
45717,32
45718,85
45719,71
45720,36
45721,11
45722,68
45723,63
45724,24
45725,53
45726,28
45727,12
45728,25
45729,21
45730,92
45731,75
45732,91
45733,72
45734,9
45735,47
45736,41
45737,89
45738,99
45739,58
45740,52
45741,39
45742,74
45743,61
45744,5
45745,3
45746,90
45747,54
45748,87
45749,68
45750,2
45751,6
45752,87
45753,85
45754,11
45755,98
45756,16
45757,66
45758,74
45759,69
45760,35
45761,16
45762,85
45763,0
45764,66
45765,79
45766,98
45767,77
45768,48
45769,50
45770,70
45771,89
45772,42
45773,30
45774,23
45775,82
45776,36
45777,64
45778,88
45779,62
45780,55
45781,73
45782,17
45783,64
45784,28
45785,76
45786,3
45787,11
45788,55
45789,47
45790,18
45791,25
45792,37
45793,79
45794,24
45795,55
45796,73
45797,100
45798,27
45799,60
45800,91
45801,88
45802,88
45803,50
45804,11
45805,7
45806,99
45807,57
45808,87
45809,22
45810,36
45811,10
45812,16
45813,91
45814,55
45815,52
45816,66
45817,1
45818,28
45819,56
45820,33
45821,77
45822,96
45823,81
45824,92
45825,1
45826,74
45827,30
45828,76
45829,43
45830,89
45831,55
45832,97
45833,53
45834,52
45835,73
45836,75
45837,85
45838,45
45839,53
45840,30
45841,82
45842,23
45843,24
45844,34
45845,56
45846,71
45847,68
45848,85
45849,27
45850,75
45851,32
45852,52
45853,15
45854,25
45855,11
45856,86
45857,89
45858,76
45859,86
45860,30
45861,99
45862,26
45863,35
45864,58
45865,86
45866,2
45867,93
45868,31
45869,14
45870,74
45871,65
45872,89
45873,62
45874,97
45875,0
45876,74
45877,4
45878,89
45879,5
45880,98
45881,4
45882,72
45883,27
45884,82
45885,68
45886,86
45887,43
45888,15
45889,70
45890,77
45891,21
45892,72
45893,22
45894,42
45895,67
45896,42
45897,25
45898,40
45899,69
45900,30
45901,16
45902,8
45903,90
45904,54
45905,5
45906,69
45907,63
45908,3
45909,66
45910,87
45911,55
45912,17
45913,31
45914,84
45915,47
45916,28
45917,31
45918,24
45919,75
45920,62
45921,8
45922,70
45923,13
45924,19
45925,83
45926,9
45927,10
45928,38
45929,18
45930,18
45931,42
45932,60
45933,69
45934,71
45935,64
45936,22
45937,100
45938,59
45939,9
45940,62
45941,1
45942,35
45943,56
45944,65
45945,78
45946,19
45947,41
45948,20
45949,93
45950,87
45951,65
45952,37
45953,85
45954,92
45955,77
45956,68
45957,23
45958,25
45959,1
45960,45
45961,33
45962,61
45963,86
45964,40
45965,98
45966,14
45967,54
45968,2
45969,75
45970,37
45971,50
45972,16
45973,90
45974,82
45975,48
45976,20
45977,87
45978,23
45979,82
45980,94
45981,39
45982,19
45983,78
45984,34
45985,47
45986,98
45987,32
45988,55
45989,40
45990,53
45991,43
45992,81
45993,80
45994,71
45995,83
45996,10
45997,93
45998,90
45999,13
46000,41
46001,78
46002,11
46003,83
46004,16
46005,89
46006,77
46007,24
46008,25
46009,46
46010,24
46011,88
46012,59
46013,59
46014,26
46015,42
46016,75
46017,19
46018,62
46019,79
46020,24
46021,26
46022,51
46023,81
46024,9
46025,49
46026,29
46027,0
46028,53
46029,3
46030,86
46031,6
46032,29
46033,89
46034,64
46035,28
46036,24
46037,39
46038,25
46039,16
46040,30
46041,60
46042,7
46043,68
46044,0
46045,78
46046,99
46047,70
46048,45
46049,90
46050,98
46051,90
46052,19
46053,81
46054,39
46055,1
46056,93
46057,60
46058,93
46059,70
46060,76
46061,96
46062,29
46063,29
46064,86
46065,44
46066,23
46067,83
46068,91
46069,55
46070,82
46071,60
46072,12
46073,79
46074,55
46075,14
46076,10
46077,11
46078,85
46079,88
46080,2
46081,23
46082,88
46083,8
46084,91
46085,45
46086,93
46087,70
46088,59
46089,10
46090,9
46091,2
46092,18
46093,1
46094,16
46095,92
46096,1
46097,52
46098,15
46099,9
46100,67
46101,42
46102,89
46103,57
46104,59
46105,23
46106,75
46107,84
46108,15
46109,99
46110,98
46111,8
46112,5
46113,64
46114,77
46115,23
46116,9
46117,81
46118,72
46119,26
46120,82
46121,99
46122,2
46123,37
46124,72
46125,73
46126,72
46127,16
46128,47
46129,48
46130,42
46131,83
46132,6
46133,67
46134,73
46135,20
46136,77
46137,24
46138,80
46139,60
46140,27
46141,77
46142,51
46143,12
46144,33
46145,66
46146,3
46147,43
46148,14
46149,83
46150,7
46151,4
46152,65
46153,91
46154,85
46155,72
46156,91
46157,45
46158,64
46159,99
46160,65
46161,25
46162,30
46163,50
46164,40
46165,50
46166,18
46167,94
46168,72
46169,2
46170,37
46171,69
46172,44
46173,70
46174,40
46175,24
46176,88
46177,49
46178,0
46179,53
46180,85
46181,83
46182,12
46183,39
46184,20
46185,86
46186,40
46187,60
46188,32
46189,72
46190,28
46191,54
46192,31
46193,10
46194,51
46195,35
46196,92
46197,30
46198,13
46199,62
46200,51
46201,53
46202,49
46203,88
46204,53
46205,89
46206,85
46207,72
46208,96
46209,86
46210,98
46211,83
46212,96
46213,34
46214,29
46215,54
46216,93
46217,85
46218,0
46219,14
46220,24
46221,19
46222,70
46223,15
46224,51
46225,86
46226,84
46227,64
46228,83
46229,82
46230,69
46231,95
46232,0
46233,93
46234,15
46235,26
46236,17
46237,76
46238,43
46239,49
46240,91
46241,73
46242,13
46243,51
46244,92
46245,74
46246,49
46247,90
46248,16
46249,2
46250,61
46251,94
46252,20
46253,32
46254,0
46255,69
46256,55
46257,3
46258,21
46259,76
46260,57
46261,43
46262,56
46263,93
46264,39
46265,89
46266,55
46267,62
46268,38
46269,6
46270,13
46271,89
46272,17
46273,54
46274,55
46275,87
46276,56
46277,57
46278,24
46279,95
46280,69
46281,79
46282,2
46283,20
46284,31
46285,1
46286,19
46287,74
46288,17
46289,53
46290,74
46291,98
46292,35
46293,75
46294,60
46295,59
46296,94
46297,35
46298,93
46299,43
46300,67
46301,65
46302,43
46303,76
46304,89
46305,28
46306,47
46307,35
46308,91
46309,7
46310,4
46311,95
46312,93
46313,77
46314,46
46315,42
46316,9
46317,9
46318,5
46319,15
46320,59
46321,25
46322,20
46323,99
46324,57
46325,40
46326,29
46327,4
46328,9
46329,94
46330,10
46331,62
46332,6
46333,58
46334,11
46335,63
46336,40
46337,59
46338,71
46339,27
46340,79
46341,62
46342,2
46343,100
46344,31
46345,20
46346,54
46347,17
46348,52
46349,74
46350,60
46351,49
46352,7
46353,11
46354,50
46355,65
46356,40
46357,21
46358,8
46359,77
46360,78
46361,10
46362,12
46363,55
46364,27
46365,88
46366,63
46367,100
46368,63
46369,69
46370,54
46371,36
46372,32
46373,24
46374,22
46375,59
46376,55
46377,62
46378,7
46379,16
46380,94
46381,89
46382,56
46383,74
46384,61
46385,93
46386,10
46387,66
46388,39
46389,39
46390,55
46391,52
46392,84
46393,98
46394,27
46395,85
46396,41
46397,45
46398,17
46399,22
46400,25
46401,98
46402,28
46403,51
46404,74
46405,45
46406,0
46407,62
46408,15
46409,24
46410,61
46411,81
46412,79
46413,82
46414,15
46415,68
46416,90
46417,69
46418,33
46419,79
46420,52
46421,22
46422,42
46423,43
46424,31
46425,22
46426,19
46427,18
46428,92
46429,71
46430,28
46431,17
46432,68
46433,11
46434,9
46435,36
46436,80
46437,95
46438,54
46439,3
46440,94
46441,62
46442,89
46443,11
46444,17
46445,7
46446,31
46447,83
46448,48
46449,62
46450,76
46451,58
46452,86
46453,66
46454,98
46455,38
46456,49
46457,84
46458,70
46459,25
46460,22
46461,95
46462,62
46463,65
46464,38
46465,65
46466,45
46467,14
46468,15
46469,89
46470,71
46471,15
46472,84
46473,38
46474,10
46475,87
46476,35
46477,17
46478,22
46479,76
46480,48
46481,41
46482,43
46483,0
46484,6
46485,47
46486,84
46487,15
46488,47
46489,77
46490,42
46491,50
46492,65
46493,30
46494,38
46495,8
46496,40
46497,62
46498,13
46499,57
46500,73
46501,87
46502,96
46503,97
46504,83
46505,63
46506,27
46507,3
46508,33
46509,3
46510,69
46511,57
46512,85
46513,3
46514,49
46515,4
46516,74
46517,44
46518,34
46519,82
46520,74
46521,74
46522,26
46523,1
46524,53
46525,71
46526,97
46527,83
46528,86
46529,78
46530,47
46531,76
46532,94
46533,48
46534,77
46535,0
46536,90
46537,32
46538,34
46539,53
46540,55
46541,14
46542,68
46543,100
46544,3
46545,83
46546,63
46547,21
46548,23
46549,46
46550,74
46551,5
46552,26
46553,9
46554,38
46555,73
46556,89
46557,36
46558,53
46559,96
46560,50
46561,59
46562,71
46563,50
46564,61
46565,48
46566,50
46567,27
46568,35
46569,24
46570,35
46571,76
46572,59
46573,6
46574,64
46575,72
46576,91
46577,35
46578,93
46579,72
46580,29
46581,98
46582,46
46583,90
46584,28
46585,4
46586,64
46587,68
46588,62
46589,92
46590,55
46591,16
46592,50
46593,36
46594,87
46595,90
46596,8
46597,37
46598,52
46599,12
46600,89
46601,52
46602,74
46603,87
46604,96
46605,48
46606,69
46607,34
46608,15
46609,12
46610,10
46611,86
46612,1
46613,93
46614,18
46615,44
46616,45
46617,46
46618,48
46619,78
46620,41
46621,32
46622,40
46623,68
46624,85
46625,90
46626,98
46627,18
46628,38
46629,6
46630,38
46631,97
46632,33
46633,90
46634,43
46635,68
46636,67
46637,62
46638,70
46639,47
46640,2
46641,84
46642,33
46643,8
46644,60
46645,19
46646,39
46647,11
46648,27
46649,47
46650,96
46651,73
46652,74
46653,6
46654,81
46655,82
46656,13
46657,80
46658,86
46659,18
46660,53
46661,59
46662,66
46663,33
46664,88
46665,40
46666,30
46667,38
46668,77
46669,100
46670,51
46671,46
46672,19
46673,95
46674,96
46675,51
46676,94
46677,70
46678,61
46679,4
46680,56
46681,3
46682,10
46683,18
46684,83
46685,26
46686,28
46687,17
46688,36
46689,60
46690,46
46691,88
46692,19
46693,69
46694,99
46695,48
46696,14
46697,17
46698,37
46699,88
46700,83
46701,21
46702,75
46703,59
46704,96
46705,92
46706,65
46707,25
46708,63
46709,95
46710,57
46711,2
46712,29
46713,18
46714,9
46715,88
46716,45
46717,18
46718,57
46719,84
46720,5
46721,50
46722,13
46723,57
46724,7
46725,1
46726,17
46727,85
46728,56
46729,93
46730,99
46731,91
46732,34
46733,65
46734,55
46735,99
46736,81
46737,42
46738,72
46739,91
46740,71
46741,7
46742,4
46743,12
46744,6
46745,20
46746,92
46747,36
46748,44
46749,51
46750,47
46751,61
46752,77
46753,100
46754,50
46755,3
46756,85
46757,55
46758,74
46759,33
46760,44
46761,15
46762,8
46763,79
46764,15
46765,94
46766,30
46767,12
46768,4
46769,46
46770,38
46771,17
46772,19
46773,1
46774,39
46775,29
46776,9
46777,63
46778,41
46779,74
46780,52
46781,92
46782,52
46783,39
46784,15
46785,47
46786,60
46787,91
46788,80
46789,37
46790,43
46791,14
46792,94
46793,60
46794,6
46795,29
46796,35
46797,89
46798,10
46799,69
46800,28
46801,91
46802,78
46803,92
46804,5
46805,75
46806,50
46807,79
46808,37
46809,72
46810,21
46811,96
46812,89
46813,53
46814,39
46815,6
46816,95
46817,39
46818,23
46819,40
46820,50
46821,38
46822,100
46823,82
46824,42
46825,68
46826,93
46827,58
46828,24
46829,93
46830,24
46831,72
46832,90
46833,23
46834,61
46835,42
46836,58
46837,53
46838,78
46839,25
46840,53
46841,60
46842,93
46843,74
46844,92
46845,78
46846,43
46847,8
46848,41
46849,28
46850,78
46851,80
46852,79
46853,57
46854,85
46855,62
46856,48
46857,10
46858,88
46859,53
46860,29
46861,65
46862,64
46863,57
46864,56
46865,36
46866,53
46867,72
46868,68
46869,23
46870,62
46871,90
46872,93
46873,50
46874,14
46875,46
46876,72
46877,45
46878,100
46879,29
46880,78
46881,19
46882,56
46883,48
46884,55
46885,55
46886,24
46887,8
46888,21
46889,76
46890,36
46891,27
46892,13
46893,29
46894,38
46895,56
46896,4
46897,11
46898,34
46899,40
46900,62
46901,41
46902,64
46903,64
46904,42
46905,59
46906,19
46907,97
46908,97
46909,62
46910,23
46911,91
46912,74
46913,71
46914,34
46915,40
46916,15
46917,79
46918,5
46919,19
46920,55
46921,74
46922,7
46923,83
46924,95
46925,96
46926,5
46927,91
46928,7
46929,61
46930,13
46931,2
46932,1
46933,21
46934,96
46935,84
46936,69
46937,70
46938,5
46939,49
46940,43
46941,7
46942,23
46943,26
46944,52
46945,50
46946,27
46947,58
46948,68
46949,82
46950,72
46951,24
46952,43
46953,46
46954,12
46955,52
46956,52
46957,36
46958,62
46959,65
46960,39
46961,77
46962,60
46963,94
46964,5
46965,24
46966,45
46967,30
46968,79
46969,62
46970,90
46971,93
46972,67
46973,38
46974,79
46975,35
46976,6
46977,84
46978,65
46979,54
46980,71
46981,41
46982,26
46983,1
46984,69
46985,3
46986,20
46987,0
46988,37
46989,59
46990,75
46991,90
46992,13
46993,78
46994,87
46995,81
46996,16
46997,72
46998,46
46999,81
47000,55
47001,52
47002,17
47003,68
47004,47
47005,8
47006,53
47007,34
47008,45
47009,0
47010,40
47011,72
47012,31
47013,83
47014,76
47015,39
47016,10
47017,61
47018,45
47019,47
47020,42
47021,50
47022,60
47023,41
47024,25
47025,10
47026,24
47027,39
47028,24
47029,83
47030,74
47031,73
47032,51
47033,2
47034,38
47035,90
47036,34
47037,39
47038,94
47039,84
47040,21
47041,61
47042,18
47043,13
47044,100
47045,49
47046,61
47047,86
47048,89
47049,42
47050,54
47051,39
47052,11
47053,64
47054,33
47055,82
47056,22
47057,70
47058,6
47059,64
47060,17
47061,7
47062,88
47063,41
47064,92
47065,86
47066,92
47067,0
47068,78
47069,14
47070,27
47071,35
47072,95
47073,45
47074,76
47075,20
47076,48
47077,38
47078,37
47079,8
47080,19
47081,83
47082,7
47083,13
47084,61
47085,83
47086,34
47087,54
47088,44
47089,20
47090,52
47091,53
47092,85
47093,42
47094,5
47095,54
47096,43
47097,90
47098,67
47099,3
47100,62
47101,91
47102,90
47103,57
47104,53
47105,80
47106,37
47107,59
47108,51
47109,28
47110,39
47111,70
47112,7
47113,96
47114,95
47115,34
47116,81
47117,15
47118,17
47119,58
47120,88
47121,33
47122,3
47123,68
47124,77
47125,64
47126,60
47127,85
47128,45
47129,20
47130,76
47131,99
47132,92
47133,37
47134,72
47135,96
47136,85
47137,80
47138,59
47139,86
47140,35
47141,5
47142,38
47143,28
47144,26
47145,68
47146,8
47147,23
47148,62
47149,18
47150,96
47151,29
47152,57
47153,39
47154,67
47155,31
47156,64
47157,33
47158,84
47159,30
47160,58
47161,77
47162,25
47163,21
47164,33
47165,96
47166,12
47167,95
47168,54
47169,7
47170,61
47171,21
47172,55
47173,83
47174,20
47175,97
47176,48
47177,93
47178,5
47179,34
47180,26
47181,83
47182,39
47183,13
47184,73
47185,51
47186,78
47187,39
47188,42
47189,57
47190,2
47191,14
47192,44
47193,94
47194,10
47195,38
47196,18
47197,78
47198,19
47199,85
47200,70
47201,55
47202,77
47203,3
47204,8
47205,24
47206,46
47207,98
47208,100
47209,48
47210,26
47211,27
47212,87
47213,96
47214,96
47215,61
47216,15
47217,86
47218,45
47219,74
47220,45
47221,39
47222,82
47223,33
47224,86
47225,9
47226,100
47227,0
47228,65
47229,85
47230,16
47231,46
47232,23
47233,49
47234,84
47235,28
47236,77
47237,71
47238,93
47239,85
47240,86
47241,12
47242,63
47243,27
47244,93
47245,4
47246,73
47247,8
47248,13
47249,9
47250,32
47251,74
47252,39
47253,5
47254,16
47255,35
47256,69
47257,60
47258,73
47259,48
47260,68
47261,82
47262,70
47263,23
47264,50
47265,41
47266,18
47267,61
47268,74
47269,66
47270,29
47271,37
47272,5
47273,98
47274,21
47275,10
47276,71
47277,90
47278,28
47279,7
47280,86
47281,92
47282,79
47283,34
47284,71
47285,71
47286,44
47287,32
47288,4
47289,61
47290,36
47291,16
47292,21
47293,77
47294,31
47295,13
47296,19
47297,21
47298,29
47299,53
47300,32
47301,4
47302,17
47303,62
47304,45
47305,6
47306,28
47307,56
47308,46
47309,8
47310,58
47311,70
47312,70
47313,42
47314,58
47315,5
47316,52
47317,63
47318,90
47319,3
47320,0
47321,69
47322,30
47323,64
47324,68
47325,18
47326,68
47327,68
47328,48
47329,30
47330,59
47331,70
47332,78
47333,54
47334,76
47335,75
47336,82
47337,76
47338,90
47339,37
47340,32
47341,5
47342,12
47343,76
47344,76
47345,19
47346,99
47347,36
47348,44
47349,72
47350,80
47351,98
47352,58
47353,51
47354,17
47355,24
47356,78
47357,86
47358,0
47359,40
47360,17
47361,0
47362,38
47363,73
47364,30
47365,70
47366,37
47367,7
47368,33
47369,72
47370,88
47371,26
47372,40
47373,6
47374,31
47375,72
47376,80
47377,98
47378,15
47379,1
47380,42
47381,30
47382,79
47383,46
47384,32
47385,84
47386,16
47387,98
47388,53
47389,53
47390,50
47391,51
47392,6
47393,53
47394,92
47395,10
47396,61
47397,29
47398,81
47399,56
47400,45
47401,79
47402,69
47403,65
47404,54
47405,57
47406,9
47407,3
47408,73
47409,72
47410,61
47411,42
47412,41
47413,23
47414,4
47415,98
47416,67
47417,98
47418,76
47419,100
47420,95
47421,44
47422,58
47423,64
47424,62
47425,74
47426,89
47427,66
47428,48
47429,76
47430,31
47431,49
47432,86
47433,57
47434,51
47435,22
47436,29
47437,69
47438,70
47439,29
47440,36
47441,47
47442,31
47443,69
47444,34
47445,95
47446,75
47447,67
47448,31
47449,58
47450,34
47451,15
47452,78
47453,51
47454,65
47455,5
47456,13
47457,28
47458,25
47459,17
47460,3
47461,100
47462,56
47463,52
47464,24
47465,46
47466,51
47467,92
47468,33
47469,15
47470,100
47471,93
47472,86
47473,35
47474,27
47475,64
47476,71
47477,52
47478,41
47479,78
47480,97
47481,18
47482,43
47483,29
47484,73
47485,43
47486,26
47487,83
47488,88
47489,72
47490,33
47491,84
47492,23
47493,55
47494,6
47495,67
47496,50
47497,7
47498,55
47499,76
47500,57
47501,84
47502,98
47503,68
47504,7
47505,65
47506,23
47507,41
47508,53
47509,15
47510,3
47511,58
47512,93
47513,45
47514,93
47515,98
47516,12
47517,36
47518,53
47519,48
47520,74
47521,57
47522,18
47523,17
47524,59
47525,16
47526,10
47527,14
47528,71
47529,92
47530,16
47531,89
47532,4
47533,60
47534,3
47535,55
47536,87
47537,74
47538,93
47539,47
47540,47
47541,34
47542,32
47543,99
47544,20
47545,4
47546,63
47547,68
47548,20
47549,88
47550,73
47551,82
47552,31
47553,17
47554,57
47555,97
47556,78
47557,23
47558,4
47559,52
47560,95
47561,72
47562,54
47563,4
47564,68
47565,40
47566,97
47567,6
47568,89
47569,0
47570,51
47571,97
47572,25
47573,95
47574,62
47575,11
47576,69
47577,83
47578,18
47579,79
47580,3
47581,95
47582,81
47583,4
47584,53
47585,69
47586,56
47587,77
47588,51
47589,17
47590,63
47591,9
47592,22
47593,81
47594,67
47595,51
47596,95
47597,46
47598,69
47599,25
47600,69
47601,98
47602,42
47603,68
47604,62
47605,77
47606,65
47607,62
47608,12
47609,50
47610,4
47611,46
47612,35
47613,35
47614,49
47615,55
47616,18
47617,19
47618,21
47619,30
47620,61
47621,43
47622,67
47623,66
47624,100
47625,88
47626,48
47627,100
47628,58
47629,3
47630,38
47631,6
47632,70
47633,48
47634,88
47635,14
47636,6
47637,46
47638,67
47639,97
47640,44
47641,18
47642,46
47643,52
47644,26
47645,4
47646,59
47647,76
47648,61
47649,58
47650,60
47651,55
47652,77
47653,93
47654,46
47655,47
47656,9
47657,31
47658,64
47659,23
47660,28
47661,6
47662,94
47663,16
47664,93
47665,24
47666,91
47667,35
47668,60
47669,70
47670,34
47671,83
47672,77
47673,49
47674,55
47675,93
47676,64
47677,40
47678,24
47679,33
47680,7
47681,55
47682,83
47683,29
47684,67
47685,20
47686,90
47687,9
47688,86
47689,32
47690,74
47691,82
47692,74
47693,3
47694,22
47695,68
47696,52
47697,4
47698,17
47699,16
47700,57
47701,66
47702,71
47703,55
47704,39
47705,86
47706,86
47707,1
47708,20
47709,51
47710,23
47711,52
47712,37
47713,19
47714,49
47715,38
47716,59
47717,90
47718,38
47719,70
47720,32
47721,28
47722,73
47723,9
47724,75
47725,66
47726,2
47727,76
47728,30
47729,26
47730,69
47731,26
47732,98
47733,8
47734,5
47735,5
47736,25
47737,42
47738,18
47739,15
47740,22
47741,74
47742,79
47743,28
47744,37
47745,58
47746,47
47747,19
47748,20
47749,27
47750,49
47751,32
47752,39
47753,89
47754,53
47755,9
47756,33
47757,72
47758,35
47759,74
47760,73
47761,6
47762,15
47763,50
47764,89
47765,95
47766,60
47767,30
47768,31
47769,44
47770,75
47771,26
47772,21
47773,14
47774,7
47775,67
47776,7
47777,86
47778,15
47779,47
47780,33
47781,85
47782,86
47783,56
47784,4
47785,100
47786,43
47787,70
47788,36
47789,89
47790,27
47791,67
47792,95
47793,37
47794,45
47795,72
47796,99
47797,25
47798,74
47799,83
47800,52
47801,62
47802,62
47803,37
47804,14
47805,98
47806,8
47807,96
47808,74
47809,21
47810,69
47811,55
47812,36
47813,56
47814,59
47815,84
47816,11
47817,6
47818,65
47819,40
47820,23
47821,89
47822,24
47823,61
47824,83
47825,43
47826,1
47827,41
47828,98
47829,32
47830,16
47831,62
47832,21
47833,0
47834,100
47835,93
47836,69
47837,53
47838,13
47839,99
47840,96
47841,52
47842,5
47843,89
47844,63
47845,87
47846,32
47847,71
47848,43
47849,33
47850,33
47851,23
47852,1
47853,7
47854,24
47855,93
47856,31
47857,55
47858,93
47859,6
47860,47
47861,87
47862,53
47863,62
47864,72
47865,79
47866,1
47867,34
47868,97
47869,21
47870,82
47871,63
47872,58
47873,48
47874,51
47875,20
47876,11
47877,10
47878,53
47879,82
47880,69
47881,13
47882,32
47883,76
47884,25
47885,13
47886,87
47887,47
47888,64
47889,45
47890,54
47891,93
47892,73
47893,73
47894,91
47895,67
47896,77
47897,11
47898,53
47899,63
47900,46
47901,36
47902,73
47903,40
47904,26
47905,41
47906,75
47907,85
47908,67
47909,28
47910,35
47911,56
47912,77
47913,11
47914,44
47915,19
47916,44
47917,22
47918,61
47919,85
47920,33
47921,20
47922,50
47923,8
47924,73
47925,9
47926,51
47927,44
47928,51
47929,29
47930,63
47931,96
47932,1
47933,48
47934,95
47935,44
47936,16
47937,27
47938,44
47939,16
47940,58
47941,13
47942,9
47943,97
47944,77
47945,80
47946,100
47947,85
47948,17
47949,34
47950,47
47951,57
47952,17
47953,51
47954,29
47955,36
47956,39
47957,5
47958,78
47959,34
47960,25
47961,90
47962,29
47963,74
47964,23
47965,54
47966,77
47967,86
47968,8
47969,61
47970,17
47971,50
47972,18
47973,68
47974,81
47975,32
47976,37
47977,12
47978,48
47979,72
47980,89
47981,52
47982,0
47983,11
47984,23
47985,0
47986,67
47987,6
47988,91
47989,100
47990,68
47991,38
47992,31
47993,48
47994,30
47995,78
47996,2
47997,46
47998,14
47999,50
48000,81
48001,84
48002,73
48003,20
48004,89
48005,40
48006,2
48007,0
48008,20
48009,74
48010,79
48011,98
48012,20
48013,74
48014,94
48015,48
48016,64
48017,40
48018,95
48019,66
48020,95
48021,41
48022,68
48023,56
48024,42
48025,100
48026,11
48027,77
48028,63
48029,50
48030,72
48031,59
48032,70
48033,79
48034,27
48035,70
48036,13
48037,31
48038,7
48039,26
48040,49
48041,58
48042,56
48043,2
48044,26
48045,93
48046,33
48047,25
48048,100
48049,39
48050,85
48051,31
48052,40
48053,1
48054,71
48055,6
48056,18
48057,32
48058,1
48059,66
48060,91
48061,77
48062,14
48063,20
48064,77
48065,58
48066,81
48067,38
48068,19
48069,0
48070,72
48071,8
48072,50
48073,37
48074,92
48075,14
48076,83
48077,40
48078,93
48079,46
48080,25
48081,53
48082,69
48083,38
48084,16
48085,69
48086,91
48087,8
48088,90
48089,98
48090,45
48091,5
48092,67
48093,15
48094,86
48095,86
48096,28
48097,40
48098,67
48099,61
48100,39
48101,61
48102,23
48103,5
48104,39
48105,69
48106,57
48107,13
48108,77
48109,44
48110,98
48111,5
48112,22
48113,61
48114,83
48115,16
48116,83
48117,69
48118,27
48119,12
48120,28
48121,44
48122,19
48123,57
48124,80
48125,53
48126,98
48127,63
48128,51
48129,100
48130,42
48131,86
48132,17
48133,99
48134,83
48135,53
48136,59
48137,70
48138,99
48139,0
48140,36
48141,48
48142,34
48143,66
48144,34
48145,92
48146,8
48147,36
48148,59
48149,55
48150,88
48151,11
48152,70
48153,70
48154,3
48155,60
48156,44
48157,94
48158,49
48159,49
48160,73
48161,47
48162,22
48163,89
48164,86
48165,92
48166,7
48167,82
48168,28
48169,42
48170,52
48171,5
48172,92
48173,23
48174,73
48175,13
48176,51
48177,69
48178,3
48179,57
48180,78
48181,36
48182,47
48183,38
48184,91
48185,65
48186,12
48187,65
48188,59
48189,40
48190,31
48191,51
48192,4
48193,66
48194,65
48195,77
48196,51
48197,48
48198,28
48199,37
48200,69
48201,97
48202,7
48203,58
48204,54
48205,1
48206,25
48207,62
48208,16
48209,58
48210,87
48211,94
48212,15
48213,57
48214,63
48215,49
48216,84
48217,25
48218,16
48219,45
48220,67
48221,49
48222,42
48223,47
48224,67
48225,18
48226,24
48227,71
48228,17
48229,50
48230,17
48231,57
48232,63
48233,70
48234,56
48235,16
48236,58
48237,66
48238,85
48239,14
48240,94
48241,99
48242,25
48243,47
48244,13
48245,80
48246,8
48247,6
48248,90
48249,91
48250,54
48251,11
48252,16
48253,72
48254,7
48255,90
48256,41
48257,75
48258,36
48259,19
48260,0
48261,8
48262,23
48263,33
48264,35
48265,3
48266,28
48267,86
48268,98
48269,15
48270,7
48271,90
48272,38
48273,57
48274,11
48275,43
48276,3
48277,24
48278,69
48279,66
48280,38
48281,23
48282,84
48283,5
48284,96
48285,71
48286,32
48287,47
48288,66
48289,1
48290,37
48291,39
48292,55
48293,87
48294,20
48295,81
48296,34
48297,74
48298,74
48299,66
48300,59
48301,22
48302,64
48303,62
48304,22
48305,85
48306,41
48307,93
48308,63
48309,65
48310,80
48311,40
48312,19
48313,8
48314,56
48315,74
48316,16
48317,77
48318,81
48319,17
48320,62
48321,71
48322,92
48323,71
48324,25
48325,91
48326,71
48327,83
48328,71
48329,77
48330,12
48331,16
48332,25
48333,5
48334,80
48335,3
48336,88
48337,6
48338,16
48339,85
48340,91
48341,49
48342,5
48343,29
48344,73
48345,55
48346,38
48347,13
48348,53
48349,21
48350,56
48351,40
48352,89
48353,9
48354,1
48355,66
48356,47
48357,41
48358,10
48359,73
48360,11
48361,13
48362,29
48363,59
48364,76
48365,29
48366,37
48367,74
48368,64
48369,90
48370,46
48371,38
48372,48
48373,100
48374,72
48375,57
48376,89
48377,88
48378,16
48379,5
48380,14
48381,66
48382,94
48383,27
48384,72
48385,43
48386,17
48387,31
48388,82
48389,68
48390,43
48391,69
48392,62
48393,75
48394,57
48395,46
48396,16
48397,38
48398,58
48399,6
48400,62
48401,56
48402,74
48403,33
48404,52
48405,65
48406,77
48407,81
48408,47
48409,59
48410,42
48411,72
48412,3
48413,77
48414,74
48415,93
48416,90
48417,92
48418,51
48419,31
48420,93
48421,89
48422,93
48423,50
48424,9
48425,11
48426,96
48427,97
48428,81
48429,38
48430,79
48431,67
48432,9
48433,91
48434,81
48435,72
48436,85
48437,9
48438,22
48439,76
48440,87
48441,12
48442,47
48443,88
48444,43
48445,92
48446,79
48447,63
48448,39
48449,5
48450,71
48451,97
48452,81
48453,42
48454,31
48455,48
48456,73
48457,97
48458,86
48459,18
48460,83
48461,51
48462,51
48463,33
48464,58
48465,80
48466,4
48467,65
48468,40
48469,33
48470,53
48471,19
48472,53
48473,65
48474,91
48475,17
48476,43
48477,47
48478,34
48479,78
48480,38
48481,2
48482,18
48483,86
48484,82
48485,17
48486,93
48487,82
48488,4
48489,54
48490,12
48491,33
48492,87
48493,17
48494,67
48495,99
48496,71
48497,42
48498,64
48499,40
48500,37
48501,99
48502,37
48503,12
48504,21
48505,28
48506,8
48507,90
48508,67
48509,16
48510,36
48511,63
48512,66
48513,3
48514,39
48515,15
48516,10
48517,90
48518,25
48519,94
48520,97
48521,71
48522,64
48523,1
48524,90
48525,44
48526,42
48527,2
48528,33
48529,79
48530,64
48531,63
48532,6
48533,34
48534,21
48535,47
48536,31
48537,25
48538,5
48539,45
48540,54
48541,74
48542,94
48543,54
48544,84
48545,56
48546,85
48547,62
48548,0
48549,20
48550,19
48551,72
48552,90
48553,28
48554,42
48555,96
48556,44
48557,64
48558,2
48559,95
48560,19
48561,80
48562,36
48563,37
48564,73
48565,44
48566,92
48567,41
48568,45
48569,59
48570,95
48571,12
48572,30
48573,67
48574,61
48575,48
48576,17
48577,74
48578,52
48579,17
48580,50
48581,40
48582,100
48583,96
48584,100
48585,66
48586,64
48587,82
48588,5
48589,73
48590,36
48591,11
48592,80
48593,90
48594,1
48595,52
48596,24
48597,27
48598,44
48599,36
48600,100
48601,16
48602,68
48603,55
48604,57
48605,82
48606,3
48607,54
48608,48
48609,37
48610,44
48611,29
48612,95
48613,36
48614,55
48615,26
48616,31
48617,10
48618,57
48619,76
48620,34
48621,16
48622,29
48623,17
48624,100
48625,29
48626,89
48627,15
48628,74
48629,53
48630,3
48631,14
48632,75
48633,26
48634,3
48635,34
48636,84
48637,62
48638,99
48639,65
48640,38
48641,27
48642,33
48643,32
48644,49
48645,59
48646,71
48647,71
48648,41
48649,85
48650,90
48651,27
48652,74
48653,26
48654,0
48655,91
48656,90
48657,7
48658,45
48659,23
48660,39
48661,50
48662,99
48663,23
48664,21
48665,73
48666,67
48667,7
48668,57
48669,14
48670,7
48671,92
48672,41
48673,38
48674,34
48675,40
48676,47
48677,77
48678,95
48679,70
48680,43
48681,96
48682,34
48683,26
48684,64
48685,69
48686,65
48687,70
48688,71
48689,62
48690,92
48691,79
48692,28
48693,30
48694,63
48695,85
48696,52
48697,73
48698,67
48699,24
48700,12
48701,80
48702,39
48703,71
48704,86
48705,6
48706,31
48707,23
48708,0
48709,46
48710,50
48711,35
48712,26
48713,69
48714,41
48715,94
48716,75
48717,89
48718,88
48719,67
48720,69
48721,12
48722,24
48723,94
48724,21
48725,98
48726,20
48727,14
48728,66
48729,36
48730,44
48731,25
48732,80
48733,54
48734,49
48735,34
48736,40
48737,71
48738,10
48739,87
48740,7
48741,53
48742,93
48743,0
48744,97
48745,19
48746,99
48747,33
48748,56
48749,97
48750,12
48751,53
48752,52
48753,51
48754,5
48755,35
48756,24
48757,90
48758,57
48759,54
48760,94
48761,2
48762,27
48763,67
48764,80
48765,37
48766,33
48767,83
48768,12
48769,4
48770,59
48771,87
48772,16
48773,56
48774,30
48775,91
48776,64
48777,65
48778,32
48779,92
48780,3
48781,81
48782,54
48783,23
48784,31
48785,72
48786,46
48787,15
48788,20
48789,93
48790,66
48791,96
48792,30
48793,13
48794,5
48795,68
48796,28
48797,54
48798,36
48799,58
48800,35
48801,84
48802,75
48803,58
48804,86
48805,77
48806,63
48807,42
48808,41
48809,73
48810,59
48811,61
48812,63
48813,90
48814,57
48815,1
48816,77
48817,70
48818,80
48819,83
48820,7
48821,55
48822,83
48823,35
48824,68
48825,12
48826,38
48827,80
48828,5
48829,18
48830,24
48831,2
48832,52
48833,27
48834,25
48835,46
48836,7
48837,56
48838,54
48839,78
48840,0
48841,39
48842,22
48843,99
48844,53
48845,41
48846,79
48847,49
48848,3
48849,7
48850,35
48851,9
48852,29
48853,99
48854,15
48855,29
48856,63
48857,73
48858,10
48859,33
48860,79
48861,54
48862,82
48863,3
48864,48
48865,43
48866,30
48867,47
48868,98
48869,97
48870,25
48871,69
48872,96
48873,90
48874,11
48875,44
48876,7
48877,8
48878,0
48879,4
48880,70
48881,81
48882,53
48883,23
48884,25
48885,9
48886,60
48887,39
48888,43
48889,11
48890,21
48891,26
48892,66
48893,81
48894,68
48895,13
48896,24
48897,51
48898,94
48899,84
48900,58
48901,37
48902,19
48903,77
48904,19
48905,55
48906,100
48907,29
48908,40
48909,83
48910,70
48911,62
48912,68
48913,94
48914,28
48915,78
48916,88
48917,76
48918,43
48919,87
48920,78
48921,87
48922,89
48923,82
48924,56
48925,23
48926,18
48927,16
48928,68
48929,60
48930,3
48931,21
48932,73
48933,84
48934,88
48935,5
48936,29
48937,92
48938,74
48939,10
48940,47
48941,45
48942,26
48943,18
48944,85
48945,91
48946,58
48947,67
48948,100
48949,53
48950,82
48951,16
48952,49
48953,39
48954,99
48955,86
48956,91
48957,10
48958,13
48959,12
48960,87
48961,79
48962,27
48963,93
48964,43
48965,62
48966,60
48967,90
48968,16
48969,49
48970,25
48971,6
48972,98
48973,78
48974,15
48975,84
48976,16
48977,89
48978,34
48979,83
48980,83
48981,22
48982,68
48983,8
48984,86
48985,17
48986,92
48987,74
48988,47
48989,71
48990,90
48991,65
48992,22
48993,84
48994,9
48995,37
48996,58
48997,67
48998,84
48999,100
49000,42
49001,11
49002,52
49003,13
49004,51
49005,83
49006,71
49007,90
49008,100
49009,60
49010,40
49011,20
49012,47
49013,55
49014,34
49015,43
49016,38
49017,14
49018,11
49019,97
49020,7
49021,100
49022,93
49023,66
49024,93
49025,92
49026,0
49027,79
49028,41
49029,30
49030,73
49031,29
49032,42
49033,25
49034,11
49035,58
49036,68
49037,72
49038,10
49039,46
49040,22
49041,80
49042,42
49043,76
49044,80
49045,86
49046,38
49047,72
49048,81
49049,54
49050,17
49051,93
49052,41
49053,25
49054,17
49055,84
49056,40
49057,41
49058,32
49059,42
49060,13
49061,54
49062,57
49063,9
49064,27
49065,13
49066,82
49067,25
49068,73
49069,16
49070,33
49071,13
49072,25
49073,33
49074,82
49075,23
49076,94
49077,69
49078,19
49079,38
49080,44
49081,33
49082,21
49083,70
49084,32
49085,5
49086,15
49087,71
49088,22
49089,17
49090,13
49091,49
49092,60
49093,35
49094,14
49095,4
49096,52
49097,47
49098,78
49099,10
49100,1
49101,86
49102,23
49103,81
49104,67
49105,78
49106,11
49107,58
49108,66
49109,31
49110,35
49111,20
49112,69
49113,65
49114,8
49115,75
49116,43
49117,58
49118,23
49119,62
49120,77
49121,40
49122,75
49123,90
49124,73
49125,1
49126,94
49127,27
49128,15
49129,58
49130,0
49131,85
49132,0
49133,30
49134,21
49135,97
49136,75
49137,58
49138,86
49139,27
49140,75
49141,26
49142,86
49143,0
49144,1
49145,94
49146,65
49147,48
49148,88
49149,18
49150,27
49151,69
49152,38
49153,18
49154,63
49155,57
49156,16
49157,69
49158,78
49159,85
49160,40
49161,97
49162,4
49163,22
49164,68
49165,9
49166,67
49167,11
49168,9
49169,59
49170,29
49171,23
49172,68
49173,12
49174,99
49175,8
49176,17
49177,34
49178,94
49179,87
49180,3
49181,40
49182,25
49183,43
49184,41
49185,9
49186,72
49187,0
49188,53
49189,15
49190,45
49191,12
49192,63
49193,77
49194,86
49195,54
49196,62
49197,17
49198,60
49199,91
49200,19
49201,64
49202,63
49203,75
49204,90
49205,63
49206,12
49207,67
49208,88
49209,69
49210,56
49211,44
49212,85
49213,37
49214,53
49215,35
49216,66
49217,78
49218,10
49219,97
49220,26
49221,86
49222,16
49223,86
49224,97
49225,84
49226,32
49227,4
49228,80
49229,61
49230,64
49231,70
49232,66
49233,89
49234,79
49235,79
49236,43
49237,13
49238,89
49239,90
49240,56
49241,47
49242,16
49243,43
49244,3
49245,80
49246,96
49247,29
49248,84
49249,80
49250,74
49251,54
49252,29
49253,17
49254,83
49255,97
49256,91
49257,72
49258,43
49259,61
49260,30
49261,15
49262,94
49263,92
49264,76
49265,22
49266,13
49267,1
49268,11
49269,57
49270,91
49271,95
49272,55
49273,23
49274,36
49275,28
49276,41
49277,17
49278,2
49279,76
49280,12
49281,28
49282,65
49283,58
49284,91
49285,47
49286,3
49287,50
49288,4
49289,38
49290,40
49291,4
49292,7
49293,97
49294,55
49295,24
49296,90
49297,51
49298,51
49299,6
49300,60
49301,99
49302,95
49303,84
49304,46
49305,81
49306,65
49307,58
49308,4
49309,43
49310,41
49311,60
49312,62
49313,49
49314,37
49315,91
49316,94
49317,53
49318,43
49319,23
49320,62
49321,96
49322,38
49323,11
49324,62
49325,8
49326,78
49327,86
49328,21
49329,35
49330,73
49331,27
49332,55
49333,98
49334,28
49335,4
49336,3
49337,50
49338,14
49339,93
49340,59
49341,25
49342,22
49343,28
49344,85
49345,98
49346,56
49347,61
49348,58
49349,47
49350,81
49351,34
49352,45
49353,32
49354,70
49355,97
49356,9
49357,87
49358,88
49359,47
49360,43
49361,90
49362,69
49363,62
49364,48
49365,71
49366,84
49367,40
49368,82
49369,97
49370,38
49371,22
49372,12
49373,52
49374,91
49375,69
49376,56
49377,75
49378,66
49379,47
49380,19
49381,61
49382,44
49383,62
49384,7
49385,25
49386,37
49387,91
49388,98
49389,40
49390,1
49391,6
49392,24
49393,50
49394,49
49395,95
49396,63
49397,11
49398,52
49399,74
49400,9
49401,60
49402,54
49403,98
49404,67
49405,41
49406,65
49407,43
49408,27
49409,77
49410,57
49411,92
49412,1
49413,54
49414,33
49415,96
49416,19
49417,46
49418,93
49419,25
49420,83
49421,0
49422,64
49423,88
49424,96
49425,86
49426,74
49427,14
49428,13
49429,54
49430,0
49431,32
49432,69
49433,55
49434,22
49435,53
49436,89
49437,2
49438,45
49439,5
49440,24
49441,16
49442,27
49443,31
49444,92
49445,22
49446,15
49447,95
49448,25
49449,32
49450,57
49451,47
49452,82
49453,54
49454,40
49455,61
49456,16
49457,58
49458,13
49459,81
49460,20
49461,62
49462,45
49463,54
49464,61
49465,38
49466,41
49467,47
49468,27
49469,83
49470,5
49471,58
49472,89
49473,69
49474,38
49475,56
49476,53
49477,59
49478,89
49479,16
49480,39
49481,65
49482,84
49483,53
49484,70
49485,43
49486,83
49487,66
49488,56
49489,35
49490,56
49491,42
49492,43
49493,61
49494,82
49495,60
49496,93
49497,10
49498,76
49499,32
49500,65
49501,22
49502,48
49503,19
49504,93
49505,14
49506,65
49507,29
49508,88
49509,3
49510,63
49511,64
49512,7
49513,51
49514,13
49515,57
49516,10
49517,58
49518,23
49519,87
49520,31
49521,88
49522,45
49523,27
49524,15
49525,41
49526,15
49527,99
49528,11
49529,75
49530,61
49531,33
49532,37
49533,83
49534,46
49535,78
49536,21
49537,79
49538,87
49539,2
49540,0
49541,52
49542,63
49543,43
49544,46
49545,37
49546,62
49547,80
49548,40
49549,20
49550,44
49551,12
49552,65
49553,65
49554,42
49555,61
49556,88
49557,91
49558,47
49559,25
49560,98
49561,91
49562,60
49563,61
49564,96
49565,81
49566,13
49567,53
49568,40
49569,59
49570,8
49571,43
49572,55
49573,93
49574,2
49575,97
49576,96
49577,90
49578,58
49579,72
49580,12
49581,29
49582,52
49583,79
49584,50
49585,41
49586,25
49587,58
49588,68
49589,90
49590,78
49591,91
49592,2
49593,40
49594,0
49595,64
49596,69
49597,74
49598,49
49599,79
49600,96
49601,87
49602,58
49603,95
49604,73
49605,62
49606,24
49607,9
49608,76
49609,0
49610,98
49611,13
49612,20
49613,57
49614,37
49615,0
49616,83
49617,4
49618,43
49619,95
49620,64
49621,56
49622,44
49623,59
49624,65
49625,94
49626,46
49627,25
49628,8
49629,50
49630,93
49631,7
49632,4
49633,38
49634,67
49635,39
49636,35
49637,20
49638,96
49639,25
49640,74
49641,84
49642,85
49643,55
49644,56
49645,58
49646,100
49647,6
49648,41
49649,12
49650,83
49651,78
49652,33
49653,99
49654,52
49655,45
49656,56
49657,60
49658,88
49659,55
49660,28
49661,91
49662,13
49663,67
49664,70
49665,12
49666,16
49667,28
49668,80
49669,99
49670,82
49671,89
49672,72
49673,1
49674,61
49675,19
49676,86
49677,81
49678,55
49679,89
49680,51
49681,24
49682,61
49683,16
49684,38
49685,9
49686,58
49687,24
49688,27
49689,89
49690,75
49691,60
49692,57
49693,43
49694,82
49695,22
49696,77
49697,16
49698,78
49699,84
49700,37
49701,29
49702,18
49703,31
49704,92
49705,85
49706,19
49707,63
49708,35
49709,64
49710,82
49711,42
49712,25
49713,6
49714,33
49715,35
49716,5
49717,36
49718,61
49719,85
49720,72
49721,59
49722,92
49723,63
49724,49
49725,51
49726,16
49727,59
49728,76
49729,80
49730,53
49731,9
49732,24
49733,17
49734,63
49735,78
49736,58
49737,26
49738,57
49739,60
49740,82
49741,78
49742,70
49743,42
49744,79
49745,87
49746,86
49747,10
49748,87
49749,4
49750,57
49751,38
49752,47
49753,93
49754,79
49755,19
49756,92
49757,80
49758,18
49759,59
49760,25
49761,78
49762,24
49763,14
49764,83
49765,93
49766,20
49767,46
49768,34
49769,43
49770,5
49771,100
49772,74
49773,22
49774,38
49775,72
49776,17
49777,99
49778,39
49779,35
49780,27
49781,63
49782,82
49783,93
49784,57
49785,37
49786,78
49787,43
49788,75
49789,1
49790,72
49791,34
49792,0
49793,45
49794,59
49795,62
49796,94
49797,91
49798,44
49799,56
49800,36
49801,6
49802,15
49803,49
49804,13
49805,96
49806,5
49807,60
49808,20
49809,9
49810,31
49811,5
49812,1
49813,38
49814,48
49815,26
49816,55
49817,13
49818,22
49819,84
49820,50
49821,93
49822,24
49823,52
49824,87
49825,10
49826,34
49827,54
49828,57
49829,67
49830,36
49831,99
49832,76
49833,8
49834,27
49835,54
49836,45
49837,79
49838,69
49839,26
49840,9
49841,22
49842,20
49843,89
49844,44
49845,2
49846,58
49847,42
49848,98
49849,6
49850,26
49851,61
49852,41
49853,96
49854,3
49855,89
49856,61
49857,7
49858,83
49859,16
49860,4
49861,62
49862,8
49863,7
49864,6
49865,36
49866,99
49867,54
49868,66
49869,7
49870,68
49871,4
49872,16
49873,57
49874,62
49875,26
49876,75
49877,91
49878,67
49879,27
49880,88
49881,57
49882,49
49883,99
49884,66
49885,30
49886,100
49887,11
49888,54
49889,100
49890,100
49891,3
49892,93
49893,41
49894,90
49895,53
49896,21
49897,0
49898,47
49899,42
49900,19
49901,17
49902,69
49903,48
49904,75
49905,16
49906,52
49907,21
49908,81
49909,9
49910,23
49911,83
49912,11
49913,3
49914,41
49915,4
49916,25
49917,99
49918,58
49919,61
49920,79
49921,4
49922,25
49923,82
49924,5
49925,23
49926,94
49927,94
49928,52
49929,6
49930,9
49931,38
49932,85
49933,77
49934,27
49935,41
49936,61
49937,51
49938,21
49939,56
49940,95
49941,10
49942,13
49943,30
49944,3
49945,21
49946,92
49947,98
49948,63
49949,76
49950,83
49951,82
49952,78
49953,89
49954,83
49955,60
49956,99
49957,5
49958,78
49959,67
49960,5
49961,65
49962,35
49963,14
49964,75
49965,39
49966,40
49967,6
49968,21
49969,71
49970,10
49971,1
49972,29
49973,67
49974,52
49975,88
49976,20
49977,24
49978,72
49979,71
49980,4
49981,91
49982,65
49983,84
49984,48
49985,7
49986,97
49987,86
49988,78
49989,26
49990,1
49991,27
49992,10
49993,45
49994,20
49995,41
49996,31
49997,31
49998,70
49999,21
50000,77
50001,76
50002,20
50003,21
50004,33
50005,9
50006,64
50007,64
50008,87
50009,66
50010,94
50011,42
50012,40
50013,12
50014,3
50015,22
50016,69
50017,33
50018,40
50019,17
50020,99
50021,89
50022,96
50023,32
50024,24
50025,51
50026,16
50027,50
50028,2
50029,54
50030,85
50031,55
50032,34
50033,67
50034,58
50035,91
50036,58
50037,12
50038,61
50039,93
50040,46
50041,75
50042,2
50043,20
50044,64
50045,17
50046,12
50047,70
50048,76
50049,80
50050,95
50051,92
50052,44
50053,61
50054,29
50055,74
50056,13
50057,52
50058,9
50059,71
50060,30
50061,5
50062,82
50063,18
50064,11
50065,63
50066,81
50067,54
50068,66
50069,8
50070,5
50071,0
50072,41
50073,92
50074,54
50075,48
50076,98
50077,98
50078,29
50079,34
50080,62
50081,21
50082,42
50083,27
50084,17
50085,31
50086,68
50087,53
50088,33
50089,30
50090,96
50091,3
50092,13
50093,14
50094,59
50095,19
50096,19
50097,48
50098,98
50099,67
50100,17
50101,23
50102,26
50103,32
50104,63
50105,24
50106,68
50107,17
50108,44
50109,19
50110,34
50111,5
50112,90
50113,91
50114,74
50115,8
50116,51
50117,27
50118,18
50119,84
50120,62
50121,94
50122,6
50123,36
50124,88
50125,91
50126,35
50127,16
50128,89
50129,91
50130,36
50131,80
50132,59
50133,48
50134,80
50135,96
50136,55
50137,33
50138,86
50139,29
50140,26
50141,50
50142,8
50143,19
50144,86
50145,46
50146,18
50147,100
50148,67
50149,76
50150,11
50151,72
50152,78
50153,84
50154,78
50155,4
50156,68
50157,24
50158,87
50159,100
50160,30
50161,45
50162,33
50163,40
50164,77
50165,90
50166,67
50167,86
50168,37
50169,45
50170,68
50171,26
50172,42
50173,77
50174,70
50175,44
50176,17
50177,31
50178,1
50179,40
50180,19
50181,92
50182,57
50183,89
50184,37
50185,0
50186,68
50187,53
50188,13
50189,24
50190,8
50191,93
50192,82
50193,60
50194,51
50195,7
50196,15
50197,7
50198,22
50199,72
50200,95
50201,100
50202,33
50203,17
50204,43
50205,14
50206,14
50207,92
50208,22
50209,86
50210,64
50211,85
50212,70
50213,31
50214,91
50215,31
50216,32
50217,42
50218,12
50219,91
50220,8
50221,61
50222,56
50223,47
50224,42
50225,66
50226,80
50227,97
50228,31
50229,72
50230,59
50231,0
50232,56
50233,83
50234,68
50235,84
50236,68
50237,67
50238,60
50239,7
50240,88
50241,6
50242,36
50243,41
50244,31
50245,16
50246,27
50247,69
50248,47
50249,53
50250,41
50251,35
50252,65
50253,30
50254,64
50255,2
50256,12
50257,30
50258,28
50259,56
50260,32
50261,52
50262,9
50263,62
50264,72
50265,64
50266,100
50267,95
50268,96
50269,1
50270,1
50271,68
50272,73
50273,36
50274,1
50275,60
50276,39
50277,62
50278,24
50279,37
50280,36
50281,81
50282,26
50283,83
50284,49
50285,33
50286,43
50287,71
50288,3
50289,93
50290,51
50291,54
50292,99
50293,72
50294,11
50295,13
50296,34
50297,5
50298,46
50299,22
50300,67
50301,64
50302,58
50303,8
50304,57
50305,47
50306,62
50307,8
50308,43
50309,45
50310,14
50311,87
50312,52
50313,47
50314,71
50315,91
50316,41
50317,16
50318,34
50319,30
50320,3
50321,47
50322,13
50323,24
50324,45
50325,47
50326,39
50327,49
50328,6
50329,94
50330,59
50331,34
50332,62
50333,19
50334,15
50335,21
50336,35
50337,18
50338,1
50339,67
50340,97
50341,6
50342,46
50343,48
50344,77
50345,42
50346,31
50347,16
50348,100
50349,13
50350,80
50351,31
50352,59
50353,59
50354,51
50355,65
50356,3
50357,93
50358,93
50359,62
50360,32
50361,0
50362,96
50363,99
50364,63
50365,94
50366,36
50367,77
50368,69
50369,6
50370,23
50371,67
50372,54
50373,88
50374,2
50375,91
50376,22
50377,35
50378,56
50379,47
50380,12
50381,60
50382,85
50383,88
50384,23
50385,42
50386,100
50387,32
50388,77
50389,23
50390,21
50391,51
50392,100
50393,86
50394,5
50395,18
50396,75
50397,89
50398,28
50399,63
50400,13
50401,80
50402,29
50403,70
50404,20
50405,64
50406,3
50407,45
50408,7
50409,17
50410,59
50411,44
50412,71
50413,94
50414,30
50415,27
50416,63
50417,36
50418,66
50419,78
50420,67
50421,34
50422,97
50423,35
50424,56
50425,69
50426,3
50427,48
50428,93
50429,38
50430,17
50431,59
50432,85
50433,9
50434,92
50435,22
50436,67
50437,58
50438,82
50439,89
50440,6
50441,12
50442,2
50443,39
50444,10
50445,79
50446,83
50447,50
50448,86
50449,22
50450,31
50451,40
50452,41
50453,37
50454,66
50455,71
50456,77
50457,71
50458,74
50459,41
50460,42
50461,32
50462,78
50463,36
50464,77
50465,89
50466,56
50467,63
50468,63
50469,59
50470,51
50471,71
50472,67
50473,99
50474,81
50475,26
50476,58
50477,18
50478,2
50479,72
50480,38
50481,65
50482,72
50483,55
50484,5
50485,27
50486,47
50487,97
50488,92
50489,47
50490,66
50491,53
50492,15
50493,34
50494,74
50495,86
50496,29
50497,47
50498,68
50499,7
50500,50
50501,9
50502,27
50503,35
50504,59
50505,9
50506,13
50507,62
50508,100
50509,46
50510,68
50511,55
50512,5
50513,93
50514,18
50515,51
50516,61
50517,48
50518,77
50519,10
50520,45
50521,68
50522,44
50523,94
50524,57
50525,31
50526,87
50527,9
50528,12
50529,12
50530,35
50531,85
50532,72
50533,18
50534,6
50535,14
50536,80
50537,45
50538,77
50539,47
50540,65
50541,77
50542,3
50543,2
50544,2
50545,74
50546,68
50547,92
50548,27
50549,22
50550,29
50551,61
50552,86
50553,50
50554,40
50555,85
50556,63
50557,42
50558,75
50559,90
50560,57
50561,58
50562,39
50563,45
50564,61
50565,48
50566,78
50567,22
50568,43
50569,43
50570,18
50571,43
50572,10
50573,59
50574,37
50575,2
50576,15
50577,95
50578,8
50579,40
50580,37
50581,68
50582,64
50583,34
50584,34
50585,75
50586,99
50587,84
50588,47
50589,7
50590,26
50591,8
50592,91
50593,29
50594,13
50595,22
50596,28
50597,25
50598,85
50599,14
50600,72
50601,89
50602,80
50603,72
50604,66
50605,15
50606,12
50607,89
50608,80
50609,95
50610,23
50611,61
50612,56
50613,35
50614,59
50615,85
50616,72
50617,21
50618,83
50619,2
50620,35
50621,96
50622,81
50623,35
50624,9
50625,99
50626,20
50627,88
50628,48
50629,8
50630,90
50631,78
50632,51
50633,95
50634,47
50635,59
50636,49
50637,38
50638,15
50639,27
50640,5
50641,60
50642,5
50643,65
50644,39
50645,70
50646,90
50647,61
50648,27
50649,79
50650,46
50651,8
50652,51
50653,14
50654,33
50655,19
50656,77
50657,59
50658,57
50659,74
50660,93
50661,66
50662,1
50663,49
50664,13
50665,55
50666,92
50667,68
50668,43
50669,45
50670,5
50671,7
50672,38
50673,92
50674,43
50675,26
50676,15
50677,90
50678,38
50679,0
50680,50
50681,62
50682,32
50683,49
50684,53
50685,26
50686,80
50687,78
50688,85
50689,18
50690,27
50691,22
50692,63
50693,99
50694,38
50695,48
50696,58
50697,19
50698,60
50699,8
50700,22
50701,6
50702,30
50703,59
50704,60
50705,74
50706,80
50707,99
50708,25
50709,99
50710,81
50711,53
50712,30
50713,98
50714,40
50715,27
50716,89
50717,5
50718,33
50719,91
50720,8
50721,92
50722,97
50723,11
50724,15
50725,70
50726,30
50727,32
50728,6
50729,2
50730,19
50731,4
50732,66
50733,37
50734,78
50735,98
50736,55
50737,22
50738,96
50739,1
50740,99
50741,20
50742,77
50743,13
50744,61
50745,10
50746,3
50747,46
50748,93
50749,99
50750,19
50751,51
50752,15
50753,97
50754,44
50755,7
50756,61
50757,83
50758,20
50759,63
50760,29
50761,35
50762,4
50763,84
50764,37
50765,86
50766,18
50767,73
50768,26
50769,98
50770,12
50771,8
50772,16
50773,94
50774,43
50775,44
50776,87
50777,41
50778,50
50779,82
50780,57
50781,57
50782,29
50783,4
50784,7
50785,36
50786,46
50787,99
50788,88
50789,44
50790,4
50791,96
50792,62
50793,85
50794,46
50795,24
50796,49
50797,92
50798,44
50799,29
50800,47
50801,50
50802,93
50803,54
50804,54
50805,45
50806,30
50807,33
50808,91
50809,73
50810,67
50811,32
50812,55
50813,57
50814,56
50815,16
50816,10
50817,70
50818,80
50819,91
50820,16
50821,9
50822,25
50823,5
50824,80
50825,15
50826,89
50827,3
50828,61
50829,83
50830,63
50831,55
50832,74
50833,22
50834,32
50835,30
50836,6
50837,85
50838,4
50839,36
50840,0
50841,69
50842,44
50843,46
50844,67
50845,93
50846,29
50847,80
50848,59
50849,23
50850,30
50851,27
50852,44
50853,3
50854,60
50855,38
50856,82
50857,23
50858,70
50859,45
50860,52
50861,47
50862,8
50863,21
50864,1
50865,90
50866,15
50867,4
50868,11
50869,51
50870,25
50871,14
50872,66
50873,72
50874,58
50875,91
50876,38
50877,62
50878,99
50879,24
50880,40
50881,27
50882,20
50883,92
50884,88
50885,93
50886,60
50887,56
50888,10
50889,18
50890,74
50891,88
50892,0
50893,31
50894,84
50895,76
50896,33
50897,16
50898,54
50899,18
50900,73
50901,41
50902,58
50903,72
50904,74
50905,37
50906,30
50907,65
50908,87
50909,68
50910,49
50911,29
50912,34
50913,58
50914,16
50915,94
50916,65
50917,79
50918,20
50919,93
50920,51
50921,64
50922,13
50923,15
50924,54
50925,8
50926,7
50927,72
50928,33
50929,32
50930,85
50931,93
50932,6
50933,81
50934,20
50935,4
50936,70
50937,11
50938,58
50939,80
50940,57
50941,87
50942,36
50943,82
50944,44
50945,79
50946,24
50947,26
50948,50
50949,41
50950,70
50951,41
50952,59
50953,71
50954,78
50955,57
50956,79
50957,71
50958,99
50959,95
50960,80
50961,99
50962,21
50963,95
50964,57
50965,10
50966,5
50967,21
50968,77
50969,91
50970,11
50971,26
50972,0
50973,63
50974,73
50975,96
50976,79
50977,38
50978,59
50979,69
50980,53
50981,24
50982,19
50983,35
50984,22
50985,79
50986,0
50987,93
50988,26
50989,51
50990,1
50991,20
50992,8
50993,87
50994,47
50995,38
50996,41
50997,70
50998,93
50999,44
51000,1
51001,75
51002,76
51003,66
51004,42
51005,17
51006,38
51007,5
51008,41
51009,51
51010,26
51011,78
51012,14
51013,18
51014,61
51015,63
51016,50
51017,46
51018,56
51019,19
51020,19
51021,81
51022,63
51023,97
51024,100
51025,98
51026,37
51027,37
51028,64
51029,75
51030,4
51031,63
51032,26
51033,19
51034,59
51035,39
51036,82
51037,78
51038,5
51039,72
51040,35
51041,86
51042,73
51043,64
51044,10
51045,48
51046,83
51047,27
51048,21
51049,83
51050,46
51051,79
51052,65
51053,24
51054,90
51055,66
51056,86
51057,31
51058,16
51059,39
51060,83
51061,29
51062,58
51063,27
51064,46
51065,22
51066,82
51067,56
51068,88
51069,87
51070,0
51071,91
51072,28
51073,49
51074,63
51075,98
51076,80
51077,74
51078,36
51079,60
51080,6
51081,89
51082,86
51083,63
51084,17
51085,28
51086,97
51087,59
51088,53
51089,71
51090,20
51091,20
51092,57
51093,48
51094,35
51095,16
51096,79
51097,52
51098,14
51099,78
51100,39
51101,80
51102,50
51103,64
51104,12
51105,37
51106,73
51107,96
51108,25
51109,75
51110,82
51111,14
51112,4
51113,1
51114,77
51115,92
51116,64
51117,76
51118,59
51119,95
51120,97
51121,55
51122,77
51123,37
51124,56
51125,50
51126,40
51127,78
51128,69
51129,92
51130,100
51131,82
51132,51
51133,0
51134,84
51135,17
51136,26
51137,91
51138,71
51139,94
51140,75
51141,41
51142,5
51143,89
51144,79
51145,93
51146,82
51147,81
51148,23
51149,44
51150,83
51151,70
51152,6
51153,15
51154,57
51155,56
51156,41
51157,13
51158,55
51159,11
51160,92
51161,14
51162,7
51163,57
51164,52
51165,8
51166,45
51167,91
51168,90
51169,6
51170,43
51171,13
51172,74
51173,95
51174,91
51175,5
51176,34
51177,69
51178,60
51179,23
51180,72
51181,1
51182,77
51183,50
51184,30
51185,93
51186,26
51187,99
51188,30
51189,69
51190,42
51191,81
51192,51
51193,13
51194,58
51195,19
51196,51
51197,74
51198,100
51199,39
51200,67
51201,43
51202,5
51203,86
51204,56
51205,57
51206,71
51207,29
51208,99
51209,51
51210,10
51211,46
51212,4
51213,2
51214,14
51215,1
51216,1
51217,71
51218,53
51219,45
51220,93
51221,40
51222,68
51223,29
51224,43
51225,9
51226,96
51227,87
51228,82
51229,29
51230,88
51231,74
51232,48
51233,34
51234,64
51235,16
51236,30
51237,69
51238,76
51239,51
51240,25
51241,99
51242,4
51243,13
51244,50
51245,14
51246,11
51247,45
51248,63
51249,71
51250,58
51251,94
51252,25
51253,28
51254,3
51255,49
51256,91
51257,24
51258,39
51259,31
51260,99
51261,74
51262,36
51263,9
51264,37
51265,60
51266,99
51267,26
51268,80
51269,6
51270,72
51271,98
51272,8
51273,58
51274,35
51275,29
51276,94
51277,18
51278,40
51279,54
51280,86
51281,83
51282,5
51283,87
51284,21
51285,69
51286,23
51287,61
51288,41
51289,21
51290,81
51291,15
51292,99
51293,12
51294,36
51295,51
51296,23
51297,82
51298,83
51299,90
51300,16
51301,15
51302,0
51303,84
51304,90
51305,0
51306,29
51307,83
51308,23
51309,45
51310,1
51311,14
51312,28
51313,98
51314,61
51315,12
51316,82
51317,64
51318,44
51319,46
51320,15
51321,2
51322,69
51323,94
51324,4
51325,25
51326,91
51327,14
51328,72
51329,54
51330,21
51331,36
51332,84
51333,28
51334,25
51335,69
51336,10
51337,99
51338,19
51339,83
51340,90
51341,69
51342,32
51343,29
51344,49
51345,33
51346,4
51347,79
51348,11
51349,75
51350,74
51351,51
51352,50
51353,20
51354,70
51355,57
51356,97
51357,63
51358,92
51359,5
51360,99
51361,97
51362,48
51363,71
51364,36
51365,9
51366,79
51367,65
51368,55
51369,82
51370,70
51371,65
51372,44
51373,86
51374,94
51375,67
51376,63
51377,15
51378,9
51379,20
51380,91
51381,11
51382,12
51383,80
51384,81
51385,9
51386,91
51387,12
51388,33
51389,58
51390,48
51391,5
51392,11
51393,28
51394,76
51395,25
51396,67
51397,78
51398,15
51399,52
51400,18
51401,46
51402,89
51403,31
51404,69
51405,69
51406,60
51407,4
51408,58
51409,1
51410,1
51411,100
51412,2
51413,69
51414,94
51415,42
51416,4
51417,49
51418,9
51419,26
51420,23
51421,21
51422,88
51423,2
51424,15
51425,29
51426,42
51427,3
51428,39
51429,15
51430,71
51431,87
51432,15
51433,90
51434,65
51435,54
51436,19
51437,50
51438,83
51439,83
51440,82
51441,56
51442,50
51443,17
51444,76
51445,80
51446,58
51447,96
51448,27
51449,68
51450,27
51451,88
51452,83
51453,84
51454,12
51455,5
51456,28
51457,8
51458,28
51459,37
51460,64
51461,55
51462,29
51463,95
51464,58
51465,86
51466,57
51467,9
51468,20
51469,55
51470,25
51471,14
51472,80
51473,34
51474,88
51475,14
51476,96
51477,74
51478,87
51479,5
51480,27
51481,62
51482,28
51483,47
51484,62
51485,57
51486,20
51487,75
51488,21
51489,26
51490,84
51491,78
51492,56
51493,81
51494,9
51495,21
51496,43
51497,83
51498,82
51499,27
51500,100
51501,49
51502,50
51503,0
51504,33
51505,34
51506,89
51507,60
51508,29
51509,75
51510,77
51511,67
51512,75
51513,87
51514,39
51515,94
51516,64
51517,36
51518,63
51519,0
51520,14
51521,12
51522,28
51523,54
51524,44
51525,3
51526,63
51527,14
51528,47
51529,75
51530,55
51531,88
51532,90
51533,69
51534,86
51535,14
51536,38
51537,68
51538,86
51539,78
51540,88
51541,59
51542,93
51543,43
51544,42
51545,3
51546,76
51547,49
51548,38
51549,53
51550,22
51551,59
51552,79
51553,34
51554,53
51555,57
51556,61
51557,79
51558,47
51559,6
51560,44
51561,12
51562,52
51563,92
51564,38
51565,83
51566,92
51567,17
51568,21
51569,35
51570,52
51571,99
51572,71
51573,2
51574,61
51575,28
51576,72
51577,7
51578,93
51579,75
51580,45
51581,91
51582,55
51583,48
51584,42
51585,9
51586,12
51587,56
51588,1
51589,64
51590,85
51591,96
51592,79
51593,41
51594,57
51595,92
51596,9
51597,62
51598,70
51599,60
51600,0
51601,25
51602,4
51603,34
51604,12
51605,26
51606,11
51607,93
51608,49
51609,95
51610,58
51611,30
51612,68
51613,36
51614,1
51615,70
51616,64
51617,2
51618,19
51619,1
51620,41
51621,42
51622,20
51623,44
51624,95
51625,19
51626,42
51627,49
51628,94
51629,42
51630,96
51631,23
51632,81
51633,83
51634,59
51635,31
51636,4
51637,1
51638,25
51639,24
51640,49
51641,85
51642,38
51643,85
51644,74
51645,10
51646,62
51647,67
51648,96
51649,17
51650,94
51651,27
51652,41
51653,59
51654,21
51655,39
51656,61
51657,2
51658,70
51659,62
51660,19
51661,70
51662,70
51663,92
51664,25
51665,40
51666,2
51667,42
51668,16
51669,83
51670,97
51671,52
51672,51
51673,32
51674,79
51675,59
51676,86
51677,67
51678,55
51679,63
51680,96
51681,7
51682,68
51683,32
51684,24
51685,70
51686,6
51687,58
51688,32
51689,40
51690,32
51691,28
51692,38
51693,56
51694,95
51695,100
51696,92
51697,63
51698,85
51699,65
51700,8
51701,28
51702,96
51703,73
51704,27
51705,52
51706,45
51707,38
51708,75
51709,57
51710,85
51711,53
51712,5
51713,44
51714,39
51715,22
51716,97
51717,41
51718,37
51719,15
51720,73
51721,46
51722,20
51723,73
51724,74
51725,20
51726,24
51727,60
51728,97
51729,53
51730,94
51731,90
51732,88
51733,59
51734,41
51735,60
51736,31
51737,52
51738,43
51739,10
51740,46
51741,89
51742,59
51743,35
51744,100
51745,59
51746,32
51747,96
51748,41
51749,99
51750,12
51751,13
51752,57
51753,100
51754,39
51755,64
51756,4
51757,29
51758,81
51759,44
51760,100
51761,57
51762,38
51763,11
51764,33
51765,13
51766,37
51767,15
51768,60
51769,58
51770,74
51771,96
51772,78
51773,73
51774,66
51775,10
51776,10
51777,15
51778,37
51779,29
51780,40
51781,0
51782,37
51783,97
51784,59
51785,18
51786,97
51787,58
51788,99
51789,67
51790,9
51791,16
51792,79
51793,84
51794,91
51795,71
51796,28
51797,5
51798,93
51799,65
51800,62
51801,30
51802,24
51803,86
51804,20
51805,15
51806,3
51807,45
51808,7
51809,5
51810,52
51811,63
51812,90
51813,50
51814,99
51815,99
51816,62
51817,87
51818,5
51819,61
51820,32
51821,1
51822,40
51823,15
51824,58
51825,8
51826,68
51827,9
51828,93
51829,6
51830,92
51831,65
51832,19
51833,62
51834,3
51835,27
51836,71
51837,34
51838,1
51839,40
51840,27
51841,74
51842,99
51843,72
51844,0
51845,26
51846,66
51847,38
51848,72
51849,39
51850,27
51851,84
51852,91
51853,23
51854,81
51855,50
51856,55
51857,72
51858,25
51859,87
51860,51
51861,5
51862,58
51863,11
51864,62
51865,35
51866,8
51867,73
51868,66
51869,28
51870,70
51871,89
51872,7
51873,42
51874,76
51875,34
51876,82
51877,21
51878,79
51879,78
51880,65
51881,20
51882,93
51883,70
51884,94
51885,40
51886,40
51887,48
51888,98
51889,3
51890,97
51891,64
51892,9
51893,93
51894,95
51895,66
51896,9
51897,72
51898,16
51899,66
51900,90
51901,52
51902,34
51903,3
51904,67
51905,95
51906,10
51907,43
51908,59
51909,69
51910,61
51911,98
51912,31
51913,45
51914,22
51915,36
51916,89
51917,97
51918,74
51919,57
51920,84
51921,42
51922,87
51923,14
51924,66
51925,1
51926,70
51927,4
51928,52
51929,44
51930,92
51931,40
51932,62
51933,95
51934,93
51935,71
51936,31
51937,1
51938,9
51939,42
51940,42
51941,100
51942,66
51943,22
51944,97
51945,81
51946,96
51947,96
51948,59
51949,80
51950,5
51951,12
51952,20
51953,94
51954,57
51955,84
51956,96
51957,27
51958,69
51959,7
51960,76
51961,97
51962,57
51963,39
51964,85
51965,0
51966,76
51967,64
51968,9
51969,59
51970,68
51971,19
51972,61
51973,12
51974,57
51975,36
51976,9
51977,2
51978,33
51979,33
51980,29
51981,36
51982,67
51983,33
51984,31
51985,84
51986,57
51987,23
51988,8
51989,40
51990,23
51991,24
51992,35
51993,7
51994,92
51995,88
51996,58
51997,34
51998,37
51999,91
52000,82
52001,31
52002,100
52003,50
52004,27
52005,55
52006,98
52007,7
52008,40
52009,22
52010,53
52011,22
52012,31
52013,9
52014,80
52015,34
52016,98
52017,62
52018,66
52019,35
52020,92
52021,48
52022,45
52023,26
52024,30
52025,33
52026,75
52027,100
52028,58
52029,53
52030,88
52031,65
52032,29
52033,72
52034,22
52035,8
52036,83
52037,54
52038,0
52039,55
52040,38
52041,86
52042,17
52043,41
52044,95
52045,72
52046,74
52047,64
52048,74
52049,32
52050,29
52051,4
52052,49
52053,64
52054,9
52055,59
52056,76
52057,26
52058,71
52059,27
52060,44
52061,51
52062,65
52063,61
52064,75
52065,90
52066,76
52067,59
52068,85
52069,39
52070,14
52071,94
52072,6
52073,38
52074,50
52075,98
52076,6
52077,11
52078,13
52079,33
52080,38
52081,72
52082,63
52083,96
52084,11
52085,33
52086,26
52087,21
52088,17
52089,45
52090,43
52091,17
52092,36
52093,6
52094,67
52095,79
52096,85
52097,59
52098,47
52099,50
52100,99
52101,83
52102,94
52103,51
52104,96
52105,76
52106,51
52107,83
52108,53
52109,40
52110,41
52111,21
52112,38
52113,22
52114,47
52115,32
52116,40
52117,29
52118,77
52119,46
52120,99
52121,56
52122,71
52123,56
52124,61
52125,85
52126,56
52127,67
52128,98
52129,71
52130,97
52131,85
52132,24
52133,88
52134,39
52135,16
52136,79
52137,47
52138,38
52139,14
52140,16
52141,34
52142,32
52143,17
52144,29
52145,86
52146,36
52147,6
52148,73
52149,79
52150,27
52151,86
52152,97
52153,17
52154,46
52155,22
52156,19
52157,30
52158,13
52159,22
52160,1
52161,28
52162,49
52163,72
52164,58
52165,32
52166,47
52167,43
52168,11
52169,82
52170,41
52171,83
52172,100
52173,94
52174,34
52175,40
52176,84
52177,54
52178,12
52179,38
52180,90
52181,88
52182,65
52183,34
52184,71
52185,32
52186,88
52187,84
52188,35
52189,12
52190,55
52191,45
52192,72
52193,98
52194,45
52195,99
52196,43
52197,45
52198,73
52199,68
52200,30
52201,23
52202,31
52203,66
52204,15
52205,56
52206,83
52207,23
52208,33
52209,51
52210,47
52211,86
52212,52
52213,54
52214,37
52215,1
52216,68
52217,81
52218,52
52219,49
52220,28
52221,73
52222,54
52223,60
52224,49
52225,15
52226,86
52227,93
52228,69
52229,43
52230,99
52231,83
52232,15
52233,27
52234,56
52235,25
52236,85
52237,10
52238,0
52239,68
52240,42
52241,45
52242,35
52243,65
52244,56
52245,5
52246,61
52247,26
52248,25
52249,98
52250,12
52251,75
52252,17
52253,37
52254,5
52255,91
52256,27
52257,88
52258,4
52259,58
52260,78
52261,72
52262,44
52263,52
52264,1
52265,48
52266,72
52267,89
52268,86
52269,62
52270,91
52271,69
52272,57
52273,3
52274,29
52275,56
52276,46
52277,17
52278,93
52279,90
52280,94
52281,43
52282,51
52283,48
52284,29
52285,51
52286,36
52287,62
52288,11
52289,16
52290,33
52291,27
52292,3
52293,97
52294,45
52295,13
52296,12
52297,57
52298,48
52299,49
52300,66
52301,20
52302,79
52303,50
52304,37
52305,25
52306,5
52307,17
52308,5
52309,40
52310,56
52311,49
52312,24
52313,47
52314,23
52315,29
52316,86
52317,44
52318,42
52319,71
52320,55
52321,72
52322,69
52323,32
52324,96
52325,44
52326,6
52327,17
52328,69
52329,44
52330,36
52331,20
52332,89
52333,78
52334,43
52335,29
52336,10
52337,7
52338,4
52339,7
52340,4
52341,9
52342,14
52343,55
52344,54
52345,2
52346,40
52347,9
52348,6
52349,62
52350,62
52351,87
52352,25
52353,33
52354,71
52355,38
52356,59
52357,68
52358,99
52359,25
52360,61
52361,9
52362,96
52363,99
52364,53
52365,30
52366,37
52367,24
52368,76
52369,64
52370,99
52371,99
52372,49
52373,23
52374,26
52375,81
52376,49
52377,49
52378,14
52379,16
52380,28
52381,4
52382,10
52383,79
52384,51
52385,33
52386,80
52387,32
52388,48
52389,30
52390,17
52391,88
52392,4
52393,29
52394,44
52395,86
52396,37
52397,81
52398,95
52399,93
52400,28
52401,35
52402,8
52403,22
52404,2
52405,85
52406,55
52407,39
52408,55
52409,57
52410,30
52411,85
52412,10
52413,41
52414,2
52415,56
52416,13
52417,45
52418,18
52419,59
52420,30
52421,35
52422,31
52423,62
52424,25
52425,64
52426,1
52427,69
52428,44
52429,77
52430,91
52431,96
52432,24
52433,39
52434,17
52435,97
52436,11
52437,90
52438,23
52439,96
52440,78
52441,42
52442,31
52443,80
52444,98
52445,46
52446,44
52447,34
52448,76
52449,8
52450,9
52451,64
52452,58
52453,97
52454,56
52455,100
52456,88
52457,85
52458,9
52459,89
52460,18
52461,49
52462,67
52463,4
52464,28
52465,4
52466,59
52467,64
52468,27
52469,82
52470,99
52471,0
52472,28
52473,50
52474,35
52475,31
52476,63
52477,13
52478,31
52479,8
52480,82
52481,10
52482,47
52483,50
52484,3
52485,40
52486,24
52487,16
52488,46
52489,7
52490,57
52491,0
52492,1
52493,9
52494,90
52495,26
52496,12
52497,62
52498,10
52499,13
52500,95
52501,79
52502,92
52503,97
52504,25
52505,68
52506,82
52507,38
52508,91
52509,27
52510,16
52511,36
52512,82
52513,26
52514,75
52515,66
52516,67
52517,46
52518,74
52519,33
52520,17
52521,34
52522,17
52523,69
52524,33
52525,32
52526,71
52527,83
52528,83
52529,42
52530,81
52531,26
52532,47
52533,68
52534,70
52535,21
52536,33
52537,42
52538,76
52539,95
52540,87
52541,15
52542,13
52543,38
52544,70
52545,11
52546,83
52547,96
52548,54
52549,5
52550,39
52551,90
52552,12
52553,68
52554,23
52555,73
52556,58
52557,45
52558,95
52559,72
52560,98
52561,43
52562,75
52563,10
52564,60
52565,35
52566,71
52567,9
52568,77
52569,93
52570,0
52571,62
52572,11
52573,4
52574,77
52575,35
52576,16
52577,57
52578,21
52579,30
52580,25
52581,12
52582,62
52583,66
52584,62
52585,10
52586,68
52587,63
52588,67
52589,31
52590,73
52591,9
52592,53
52593,54
52594,81
52595,61
52596,54
52597,86
52598,81
52599,34
52600,66
52601,64
52602,16
52603,41
52604,58
52605,69
52606,10
52607,77
52608,27
52609,38
52610,53
52611,99
52612,10
52613,57
52614,39
52615,3
52616,63
52617,47
52618,69
52619,82
52620,30
52621,1
52622,42
52623,88
52624,40
52625,59
52626,74
52627,45
52628,39
52629,58
52630,44
52631,41
52632,20
52633,2
52634,65
52635,10
52636,23
52637,49
52638,87
52639,20
52640,24
52641,3
52642,42
52643,46
52644,22
52645,59
52646,87
52647,20
52648,65
52649,86
52650,50
52651,14
52652,57
52653,25
52654,89
52655,91
52656,58
52657,89
52658,44
52659,65
52660,34
52661,95
52662,93
52663,63
52664,83
52665,76
52666,26
52667,86
52668,79
52669,30
52670,11
52671,96
52672,44
52673,31
52674,53
52675,65
52676,86
52677,31
52678,14
52679,54
52680,40
52681,39
52682,71
52683,48
52684,85
52685,37
52686,55
52687,33
52688,0
52689,9
52690,39
52691,15
52692,87
52693,45
52694,23
52695,13
52696,89
52697,38
52698,17
52699,83
52700,40
52701,55
52702,35
52703,23
52704,89
52705,28
52706,21
52707,10
52708,40
52709,48
52710,10
52711,51
52712,66
52713,84
52714,74
52715,7
52716,30
52717,73
52718,5
52719,80
52720,70
52721,95
52722,12
52723,5
52724,66
52725,26
52726,44
52727,25
52728,3
52729,36
52730,20
52731,27
52732,81
52733,31
52734,52
52735,32
52736,25
52737,16
52738,55
52739,92
52740,83
52741,29
52742,4
52743,5
52744,61
52745,9
52746,69
52747,9
52748,84
52749,43
52750,55
52751,3
52752,12
52753,73
52754,79
52755,18
52756,69
52757,89
52758,61
52759,8
52760,45
52761,55
52762,73
52763,39
52764,66
52765,82
52766,61
52767,98
52768,45
52769,5
52770,28
52771,18
52772,14
52773,56
52774,37
52775,20
52776,50
52777,38
52778,86
52779,19
52780,1
52781,31
52782,91
52783,3
52784,6
52785,2
52786,24
52787,8
52788,86
52789,86
52790,25
52791,63
52792,17
52793,87
52794,90
52795,1
52796,0
52797,47
52798,79
52799,62
52800,87
52801,35
52802,62
52803,74
52804,25
52805,5
52806,25
52807,92
52808,42
52809,0
52810,8
52811,26
52812,70
52813,2
52814,60
52815,72
52816,1
52817,73
52818,80
52819,30
52820,64
52821,17
52822,5
52823,41
52824,67
52825,3
52826,98
52827,3
52828,64
52829,40
52830,42
52831,94
52832,54
52833,18
52834,20
52835,57
52836,29
52837,6
52838,68
52839,63
52840,1
52841,66
52842,78
52843,100
52844,73
52845,8
52846,22
52847,13
52848,53
52849,44
52850,96
52851,15
52852,83
52853,71
52854,97
52855,94
52856,56
52857,7
52858,24
52859,40
52860,61
52861,76
52862,17
52863,49
52864,40
52865,33
52866,99
52867,80
52868,11
52869,79
52870,76
52871,74
52872,77
52873,41
52874,54
52875,91
52876,58
52877,50
52878,87
52879,52
52880,80
52881,8
52882,93
52883,100
52884,2
52885,7
52886,81
52887,58
52888,29
52889,66
52890,54
52891,33
52892,42
52893,27
52894,36
52895,88
52896,29
52897,70
52898,61
52899,28
52900,1
52901,89
52902,56
52903,56
52904,41
52905,48
52906,56
52907,70
52908,17
52909,69
52910,26
52911,53
52912,23
52913,96
52914,94
52915,33
52916,21
52917,87
52918,62
52919,35
52920,91
52921,83
52922,60
52923,81
52924,41
52925,95
52926,32
52927,73
52928,8
52929,24
52930,12
52931,46
52932,44
52933,4
52934,30
52935,30
52936,97
52937,89
52938,70
52939,40
52940,45
52941,51
52942,83
52943,85
52944,4
52945,11
52946,20
52947,8
52948,92
52949,90
52950,16
52951,23
52952,26
52953,7
52954,43
52955,61
52956,28
52957,82
52958,73
52959,23
52960,33
52961,59
52962,30
52963,3
52964,94
52965,8
52966,89
52967,76
52968,89
52969,53
52970,0
52971,60
52972,72
52973,30
52974,87
52975,44
52976,59
52977,85
52978,72
52979,86
52980,83
52981,41
52982,84
52983,26
52984,57
52985,68
52986,80
52987,97
52988,72
52989,33
52990,9
52991,65
52992,24
52993,2
52994,33
52995,70
52996,27
52997,8
52998,10
52999,92
53000,79
53001,38
53002,92
53003,12
53004,98
53005,10
53006,34
53007,7
53008,6
53009,68
53010,69
53011,56
53012,34
53013,93
53014,10
53015,37
53016,90
53017,84
53018,77
53019,48
53020,34
53021,28
53022,87
53023,99
53024,40
53025,95
53026,5
53027,9
53028,83
53029,83
53030,89
53031,84
53032,22
53033,45
53034,11
53035,54
53036,12
53037,73
53038,6
53039,100
53040,11
53041,60
53042,24
53043,1
53044,25
53045,50
53046,68
53047,61
53048,71
53049,72
53050,38
53051,83
53052,10
53053,63
53054,85
53055,79
53056,41
53057,9
53058,88
53059,18
53060,3
53061,82
53062,2
53063,80
53064,13
53065,9
53066,5
53067,30
53068,30
53069,47
53070,8
53071,75
53072,25
53073,1
53074,3
53075,95
53076,91
53077,5
53078,29
53079,54
53080,27
53081,60
53082,76
53083,54
53084,35
53085,73
53086,73
53087,4
53088,28
53089,99
53090,11
53091,21
53092,58
53093,38
53094,1
53095,13
53096,9
53097,47
53098,63
53099,2
53100,71
53101,59
53102,80
53103,67
53104,20
53105,93
53106,18
53107,78
53108,19
53109,57
53110,41
53111,93
53112,9
53113,22
53114,87
53115,11
53116,8
53117,78
53118,28
53119,81
53120,19
53121,64
53122,2
53123,7
53124,38
53125,63
53126,30
53127,71
53128,78
53129,21
53130,95
53131,4
53132,57
53133,72
53134,78
53135,62
53136,60
53137,51
53138,100
53139,32
53140,21
53141,50
53142,10
53143,57
53144,49
53145,69
53146,16
53147,45
53148,43
53149,56
53150,4
53151,38
53152,57
53153,8
53154,92
53155,22
53156,46
53157,35
53158,30
53159,83
53160,22
53161,55
53162,70
53163,45
53164,57
53165,35
53166,67
53167,87
53168,59
53169,13
53170,24
53171,70
53172,78
53173,43
53174,45
53175,12
53176,61
53177,18
53178,11
53179,89
53180,47
53181,32
53182,78
53183,36
53184,5
53185,88
53186,80
53187,42
53188,99
53189,49
53190,45
53191,72
53192,27
53193,98
53194,66
53195,10
53196,19
53197,86
53198,29
53199,100
53200,35
53201,75
53202,99
53203,98
53204,97
53205,67
53206,87
53207,35
53208,57
53209,27
53210,38
53211,65
53212,42
53213,4
53214,91
53215,12
53216,99
53217,8
53218,93
53219,56
53220,26
53221,60
53222,76
53223,49
53224,91
53225,81
53226,33
53227,84
53228,64
53229,44
53230,86
53231,33
53232,99
53233,72
53234,7
53235,93
53236,47
53237,35
53238,99
53239,81
53240,65
53241,10
53242,51
53243,35
53244,94
53245,30
53246,23
53247,20
53248,95
53249,29
53250,71
53251,96
53252,63
53253,38
53254,0
53255,96
53256,41
53257,76
53258,85
53259,4
53260,11
53261,28
53262,2
53263,60
53264,50
53265,35
53266,74
53267,89
53268,1
53269,28
53270,40
53271,28
53272,99
53273,63
53274,57
53275,82
53276,9
53277,10
53278,6
53279,76
53280,60
53281,65
53282,93
53283,85
53284,52
53285,64
53286,26
53287,6
53288,64
53289,57
53290,24
53291,47
53292,3
53293,93
53294,7
53295,84
53296,67
53297,59
53298,3
53299,7
53300,89
53301,92
53302,15
53303,18
53304,0
53305,100
53306,33
53307,92
53308,90
53309,44
53310,62
53311,93
53312,5
53313,35
53314,65
53315,77
53316,7
53317,66
53318,98
53319,26
53320,33
53321,27
53322,30
53323,16
53324,82
53325,54
53326,74
53327,8
53328,93
53329,56
53330,44
53331,5
53332,13
53333,30
53334,53
53335,10
53336,68
53337,94
53338,1
53339,16
53340,35
53341,2
53342,62
53343,42
53344,92
53345,32
53346,77
53347,28
53348,22
53349,58
53350,80
53351,48
53352,54
53353,74
53354,27
53355,70
53356,71
53357,92
53358,24
53359,6
53360,85
53361,72
53362,74
53363,33
53364,90
53365,21
53366,66
53367,49
53368,47
53369,71
53370,69
53371,56
53372,24
53373,65
53374,15
53375,57
53376,40
53377,50
53378,20
53379,78
53380,55
53381,97
53382,46
53383,42
53384,83
53385,30
53386,14
53387,47
53388,61
53389,91
53390,69
53391,2
53392,37
53393,86
53394,57
53395,66
53396,44
53397,43
53398,7
53399,65
53400,70
53401,60
53402,16
53403,70
53404,96
53405,35
53406,67
53407,79
53408,20
53409,81
53410,45
53411,45
53412,91
53413,15
53414,21
53415,5
53416,93
53417,55
53418,44
53419,57
53420,27
53421,16
53422,35
53423,11
53424,49
53425,58
53426,11
53427,99
53428,61
53429,39
53430,92
53431,1
53432,92
53433,93
53434,99
53435,24
53436,84
53437,85
53438,73
53439,30
53440,46
53441,59
53442,72
53443,97
53444,40
53445,49
53446,22
53447,11
53448,70
53449,95
53450,82
53451,21
53452,55
53453,15
53454,57
53455,71
53456,93
53457,50
53458,5
53459,1
53460,61
53461,97
53462,92
53463,41
53464,42
53465,51
53466,57
53467,19
53468,55
53469,66
53470,58
53471,47
53472,34
53473,7
53474,75
53475,31
53476,92
53477,44
53478,84
53479,66
53480,26
53481,2
53482,56
53483,64
53484,19
53485,70
53486,40
53487,0
53488,73
53489,75
53490,3
53491,70
53492,9
53493,85
53494,88
53495,28
53496,14
53497,18
53498,57
53499,52
53500,45
53501,17
53502,2
53503,69
53504,21
53505,54
53506,63
53507,40
53508,94
53509,84
53510,7
53511,64
53512,2
53513,28
53514,69
53515,96
53516,17
53517,57
53518,0
53519,21
53520,94
53521,22
53522,7
53523,28
53524,43
53525,61
53526,18
53527,58
53528,79
53529,18
53530,100
53531,21
53532,82
53533,67
53534,4
53535,4
53536,24
53537,23
53538,0
53539,27
53540,46
53541,84
53542,59
53543,18
53544,86
53545,13
53546,69
53547,95
53548,95
53549,7
53550,36
53551,85
53552,71
53553,9
53554,66
53555,12
53556,38
53557,63
53558,29
53559,3
53560,44
53561,5
53562,15
53563,21
53564,90
53565,20
53566,92
53567,64
53568,29
53569,23
53570,63
53571,12
53572,93
53573,25
53574,97
53575,19
53576,60
53577,5
53578,42
53579,48
53580,8
53581,100
53582,36
53583,15
53584,3
53585,31
53586,83
53587,92
53588,94
53589,16
53590,40
53591,88
53592,44
53593,15
53594,19
53595,41
53596,9
53597,51
53598,59
53599,47
53600,22
53601,32
53602,76
53603,24
53604,49
53605,100
53606,99
53607,87
53608,69
53609,78
53610,54
53611,97
53612,67
53613,77
53614,3
53615,27
53616,28
53617,81
53618,83
53619,47
53620,95
53621,71
53622,12
53623,42
53624,8
53625,39
53626,45
53627,57
53628,96
53629,55
53630,11
53631,100
53632,24
53633,88
53634,15
53635,50
53636,79
53637,98
53638,86
53639,71
53640,52
53641,51
53642,66
53643,23
53644,85
53645,13
53646,21
53647,97
53648,99
53649,30
53650,84
53651,57
53652,68
53653,18
53654,52
53655,84
53656,1
53657,52
53658,66
53659,46
53660,52
53661,56
53662,93
53663,97
53664,24
53665,34
53666,28
53667,75
53668,86
53669,91
53670,16
53671,79
53672,48
53673,55
53674,72
53675,2
53676,21
53677,94
53678,13
53679,2
53680,37
53681,86
53682,20
53683,50
53684,23
53685,95
53686,44
53687,68
53688,96
53689,43
53690,46
53691,56
53692,18
53693,33
53694,2
53695,38
53696,91
53697,74
53698,59
53699,9
53700,39
53701,1
53702,44
53703,26
53704,52
53705,8
53706,0
53707,32
53708,37
53709,56
53710,32
53711,47
53712,2
53713,31
53714,76
53715,20
53716,67
53717,16
53718,41
53719,67
53720,83
53721,11
53722,89
53723,44
53724,35
53725,79
53726,50
53727,6
53728,32
53729,47
53730,65
53731,32
53732,77
53733,83
53734,100
53735,26
53736,46
53737,84
53738,65
53739,42
53740,79
53741,18
53742,67
53743,9
53744,21
53745,75
53746,65
53747,1
53748,97
53749,17
53750,79
53751,18
53752,88
53753,29
53754,5
53755,26
53756,14
53757,30
53758,43
53759,85
53760,75
53761,9
53762,20
53763,46
53764,54
53765,94
53766,35
53767,73
53768,57
53769,18
53770,86
53771,63
53772,9
53773,48
53774,53
53775,60
53776,58
53777,90
53778,1
53779,74
53780,7
53781,18
53782,79
53783,67
53784,13
53785,21
53786,16
53787,62
53788,25
53789,98
53790,35
53791,44
53792,29
53793,20
53794,19
53795,41
53796,89
53797,55
53798,11
53799,7
53800,98
53801,92
53802,62
53803,55
53804,6
53805,61
53806,60
53807,9
53808,49
53809,19
53810,27
53811,13
53812,75
53813,7
53814,6
53815,4
53816,0
53817,72
53818,81
53819,9
53820,57
53821,64
53822,59
53823,19
53824,57
53825,42
53826,28
53827,1
53828,25
53829,74
53830,88
53831,97
53832,58
53833,0
53834,30
53835,37
53836,21
53837,65
53838,46
53839,0
53840,87
53841,49
53842,35
53843,44
53844,35
53845,33
53846,8
53847,75
53848,83
53849,3
53850,78
53851,62
53852,3
53853,4
53854,9
53855,43
53856,39
53857,35
53858,34
53859,58
53860,64
53861,81
53862,30
53863,45
53864,48
53865,5
53866,69
53867,18
53868,95
53869,41
53870,29
53871,25
53872,2
53873,32
53874,49
53875,30
53876,83
53877,67
53878,95
53879,81
53880,9
53881,21
53882,62
53883,53
53884,50
53885,80
53886,3
53887,36
53888,70
53889,62
53890,50
53891,7
53892,0
53893,7
53894,82
53895,80
53896,54
53897,8
53898,50
53899,15
53900,52
53901,58
53902,44
53903,36
53904,90
53905,65
53906,63
53907,35
53908,75
53909,49
53910,98
53911,94
53912,52
53913,56
53914,18
53915,25
53916,99
53917,67
53918,42
53919,94
53920,57
53921,76
53922,58
53923,45
53924,67
53925,39
53926,12
53927,8
53928,65
53929,98
53930,52
53931,75
53932,80
53933,3
53934,13
53935,84
53936,7
53937,96
53938,61
53939,44
53940,91
53941,66
53942,61
53943,77
53944,82
53945,69
53946,35
53947,83
53948,0
53949,59
53950,73
53951,12
53952,11
53953,74
53954,99
53955,16
53956,46
53957,52
53958,92
53959,66
53960,92
53961,9
53962,45
53963,82
53964,3
53965,56
53966,37
53967,11
53968,30
53969,1
53970,0
53971,80
53972,24
53973,4
53974,47
53975,13
53976,51
53977,73
53978,20
53979,24
53980,98
53981,66
53982,81
53983,49
53984,99
53985,32
53986,16
53987,69
53988,33
53989,25
53990,41
53991,30
53992,50
53993,91
53994,35
53995,12
53996,84
53997,89
53998,94
53999,79
54000,94
54001,12
54002,93
54003,31
54004,4
54005,11
54006,58
54007,40
54008,36
54009,67
54010,47
54011,42
54012,92
54013,40
54014,55
54015,68
54016,10
54017,93
54018,8
54019,27
54020,21
54021,74
54022,84
54023,5
54024,25
54025,15
54026,13
54027,34
54028,41
54029,52
54030,99
54031,21
54032,52
54033,65
54034,12
54035,10
54036,11
54037,96
54038,85
54039,52
54040,8
54041,70
54042,16
54043,60
54044,9
54045,37
54046,38
54047,88
54048,90
54049,93
54050,29
54051,33
54052,32
54053,31
54054,11
54055,86
54056,92
54057,64
54058,83
54059,9
54060,18
54061,22
54062,84
54063,56
54064,98
54065,58
54066,95
54067,53
54068,73
54069,1
54070,99
54071,47
54072,5
54073,42
54074,16
54075,78
54076,35
54077,23
54078,60
54079,28
54080,77
54081,57
54082,65
54083,85
54084,52
54085,69
54086,8
54087,75
54088,41
54089,38
54090,68
54091,39
54092,58
54093,43
54094,64
54095,73
54096,10
54097,90
54098,86
54099,83
54100,4
54101,76
54102,73
54103,48
54104,50
54105,35
54106,15
54107,6
54108,95
54109,88
54110,43
54111,25
54112,35
54113,52
54114,91
54115,43
54116,11
54117,89
54118,67
54119,22
54120,87
54121,94
54122,29
54123,62
54124,2
54125,79
54126,33
54127,91
54128,48
54129,43
54130,40
54131,47
54132,70
54133,7
54134,6
54135,36
54136,54
54137,70
54138,49
54139,81
54140,20
54141,33
54142,48
54143,26
54144,7
54145,33
54146,17
54147,50
54148,11
54149,85
54150,50
54151,62
54152,39
54153,21
54154,7
54155,27
54156,49
54157,46
54158,55
54159,31
54160,10
54161,20
54162,25
54163,13
54164,78
54165,13
54166,75
54167,99
54168,2
54169,56
54170,6
54171,38
54172,56
54173,64
54174,24
54175,30
54176,85
54177,9
54178,81
54179,76
54180,71
54181,8
54182,78
54183,7
54184,96
54185,98
54186,18
54187,29
54188,8
54189,82
54190,46
54191,45
54192,89
54193,0
54194,2
54195,33
54196,24
54197,29
54198,0
54199,17
54200,32
54201,8
54202,6
54203,29
54204,76
54205,80
54206,12
54207,12
54208,41
54209,100
54210,73
54211,77
54212,62
54213,68
54214,35
54215,34
54216,45
54217,44
54218,55
54219,86
54220,4
54221,43
54222,27
54223,86
54224,41
54225,97
54226,30
54227,6
54228,6
54229,3
54230,31
54231,27
54232,55
54233,3
54234,7
54235,13
54236,29
54237,2
54238,1
54239,9
54240,69
54241,70
54242,15
54243,69
54244,79
54245,90
54246,75
54247,85
54248,78
54249,21
54250,34
54251,78
54252,86
54253,48
54254,1
54255,65
54256,18
54257,68
54258,3
54259,91
54260,81
54261,40
54262,55
54263,54
54264,30
54265,21
54266,74
54267,47
54268,79
54269,3
54270,20
54271,40
54272,44
54273,88
54274,83
54275,7
54276,8
54277,17
54278,30
54279,34
54280,29
54281,17
54282,82
54283,40
54284,23
54285,85
54286,47
54287,13
54288,18
54289,59
54290,92
54291,21
54292,29
54293,14
54294,20
54295,25
54296,99
54297,11
54298,6
54299,74
54300,83
54301,34
54302,67
54303,1
54304,19
54305,46
54306,83
54307,11
54308,52
54309,16
54310,17
54311,23
54312,71
54313,36
54314,29
54315,83
54316,51
54317,22
54318,36
54319,73
54320,96
54321,23
54322,99
54323,79
54324,49
54325,91
54326,75
54327,19
54328,46
54329,17
54330,100
54331,25
54332,70
54333,42
54334,46
54335,84
54336,42
54337,31
54338,6
54339,86
54340,83
54341,83
54342,31
54343,89
54344,99
54345,87
54346,64
54347,57
54348,52
54349,91
54350,89
54351,33
54352,89
54353,99
54354,68
54355,55
54356,65
54357,31
54358,97
54359,49
54360,93
54361,23
54362,91
54363,45
54364,2
54365,9
54366,5
54367,97
54368,94
54369,51
54370,49
54371,57
54372,51
54373,12
54374,58
54375,38
54376,52
54377,57
54378,19
54379,62
54380,95
54381,9
54382,25
54383,18
54384,92
54385,60
54386,76
54387,33
54388,83
54389,43
54390,17
54391,97
54392,71
54393,15
54394,86
54395,95
54396,76
54397,25
54398,64
54399,65
54400,76
54401,26
54402,3
54403,50
54404,83
54405,2
54406,86
54407,65
54408,15
54409,73
54410,27
54411,43
54412,17
54413,1
54414,77
54415,43
54416,19
54417,55
54418,22
54419,59
54420,70
54421,44
54422,46
54423,77
54424,36
54425,7
54426,4
54427,22
54428,9
54429,26
54430,98
54431,0
54432,70
54433,7
54434,10
54435,97
54436,27
54437,33
54438,42
54439,83
54440,27
54441,48
54442,60
54443,36
54444,2
54445,8
54446,85
54447,88
54448,1
54449,22
54450,50
54451,16
54452,24
54453,75
54454,26
54455,19
54456,72
54457,86
54458,35
54459,27
54460,28
54461,41
54462,57
54463,31
54464,11
54465,29
54466,59
54467,10
54468,100
54469,83
54470,10
54471,79
54472,98
54473,49
54474,0
54475,88
54476,26
54477,31
54478,5
54479,40
54480,35
54481,38
54482,86
54483,92
54484,29
54485,85
54486,56
54487,10
54488,89
54489,86
54490,2
54491,47
54492,5
54493,6
54494,43
54495,60
54496,53
54497,50
54498,85
54499,47
54500,60
54501,96
54502,39
54503,2
54504,29
54505,23
54506,66
54507,1
54508,43
54509,39
54510,18
54511,62
54512,23
54513,49
54514,19
54515,56
54516,49
54517,94
54518,57
54519,30
54520,36
54521,92
54522,3
54523,57
54524,9
54525,62
54526,35
54527,54
54528,98
54529,56
54530,84
54531,42
54532,64
54533,11
54534,61
54535,23
54536,1
54537,46
54538,55
54539,83
54540,15
54541,33
54542,76
54543,17
54544,28
54545,53
54546,50
54547,13
54548,93
54549,57
54550,34
54551,8
54552,36
54553,11
54554,84
54555,81
54556,10
54557,26
54558,87
54559,42
54560,49
54561,97
54562,19
54563,12
54564,46
54565,7
54566,100
54567,68
54568,70
54569,63
54570,43
54571,11
54572,3
54573,39
54574,18
54575,53
54576,0
54577,12
54578,49
54579,52
54580,41
54581,24
54582,43
54583,97
54584,98
54585,60
54586,80
54587,89
54588,20
54589,50
54590,75
54591,79
54592,51
54593,62
54594,83
54595,53
54596,9
54597,86
54598,93
54599,58
54600,7
54601,50
54602,4
54603,75
54604,41
54605,77
54606,11
54607,23
54608,44
54609,52
54610,52
54611,16
54612,64
54613,57
54614,36
54615,74
54616,41
54617,69
54618,78
54619,39
54620,22
54621,22
54622,48
54623,75
54624,6
54625,36
54626,15
54627,37
54628,98
54629,39
54630,28
54631,16
54632,89
54633,19
54634,24
54635,59
54636,37
54637,62
54638,38
54639,63
54640,100
54641,82
54642,20
54643,31
54644,27
54645,11
54646,78
54647,91
54648,84
54649,79
54650,22
54651,89
54652,14
54653,100
54654,11
54655,3
54656,34
54657,94
54658,60
54659,26
54660,95
54661,32
54662,12
54663,36
54664,43
54665,1
54666,37
54667,36
54668,58
54669,68
54670,17
54671,47
54672,80
54673,65
54674,48
54675,57
54676,34
54677,77
54678,75
54679,57
54680,96
54681,6
54682,8
54683,68
54684,3
54685,31
54686,4
54687,55
54688,55
54689,43
54690,71
54691,12
54692,3
54693,51
54694,74
54695,14
54696,81
54697,83
54698,0
54699,64
54700,10
54701,92
54702,60
54703,92
54704,87
54705,83
54706,93
54707,62
54708,37
54709,68
54710,44
54711,73
54712,69
54713,67
54714,3
54715,70
54716,47
54717,96
54718,8
54719,89
54720,46
54721,84
54722,59
54723,51
54724,85
54725,32
54726,57
54727,96
54728,47
54729,4
54730,84
54731,26
54732,40
54733,0
54734,50
54735,15
54736,98
54737,99
54738,31
54739,92
54740,46
54741,22
54742,14
54743,25
54744,36
54745,88
54746,54
54747,1
54748,75
54749,18
54750,31
54751,86
54752,68
54753,54
54754,88
54755,98
54756,55
54757,28
54758,83
54759,35
54760,70
54761,85
54762,81
54763,52
54764,84
54765,85
54766,38
54767,75
54768,10
54769,75
54770,89
54771,29
54772,78
54773,71
54774,52
54775,81
54776,73
54777,7
54778,98
54779,19
54780,11
54781,66
54782,83
54783,49
54784,11
54785,53
54786,87
54787,79
54788,53
54789,73
54790,18
54791,13
54792,51
54793,77
54794,21
54795,3
54796,58
54797,33
54798,63
54799,17
54800,97
54801,81
54802,30
54803,83
54804,99
54805,41
54806,73
54807,2
54808,84
54809,99
54810,54
54811,9
54812,70
54813,21
54814,22
54815,75
54816,12
54817,39
54818,12
54819,96
54820,94
54821,50
54822,63
54823,91
54824,82
54825,84
54826,95
54827,89
54828,12
54829,28
54830,70
54831,46
54832,25
54833,69
54834,95
54835,99
54836,22
54837,74
54838,55
54839,84
54840,18
54841,97
54842,49
54843,34
54844,48
54845,94
54846,45
54847,92
54848,69
54849,99
54850,52
54851,30
54852,95
54853,83
54854,21
54855,66
54856,7
54857,18
54858,30
54859,31
54860,78
54861,54
54862,30
54863,66
54864,50
54865,95
54866,73
54867,91
54868,26
54869,47
54870,42
54871,94
54872,50
54873,97
54874,68
54875,74
54876,70
54877,71
54878,80
54879,49
54880,60
54881,40
54882,50
54883,77
54884,23
54885,29
54886,51
54887,49
54888,56
54889,61
54890,78
54891,52
54892,67
54893,76
54894,68
54895,30
54896,75
54897,29
54898,9
54899,93
54900,89
54901,43
54902,5
54903,26
54904,19
54905,91
54906,19
54907,11
54908,84
54909,93
54910,48
54911,51
54912,9
54913,4
54914,63
54915,57
54916,100
54917,7
54918,29
54919,16
54920,66
54921,20
54922,15
54923,95
54924,26
54925,5
54926,41
54927,15
54928,44
54929,2
54930,39
54931,19
54932,6
54933,58
54934,10
54935,92
54936,51
54937,2
54938,20
54939,52
54940,95
54941,29
54942,10
54943,80
54944,24
54945,49
54946,88
54947,8
54948,44
54949,28
54950,61
54951,14
54952,18
54953,14
54954,38
54955,34
54956,12
54957,15
54958,66
54959,94
54960,54
54961,64
54962,34
54963,15
54964,0
54965,49
54966,13
54967,61
54968,6
54969,22
54970,98
54971,62
54972,28
54973,21
54974,79
54975,92
54976,5
54977,81
54978,28
54979,88
54980,1
54981,63
54982,95
54983,35
54984,95
54985,19
54986,54
54987,36
54988,96
54989,51
54990,68
54991,69
54992,21
54993,84
54994,82
54995,14
54996,97
54997,46
54998,70
54999,80
55000,68
55001,51
55002,38
55003,1
55004,90
55005,44
55006,23
55007,60
55008,91
55009,64
55010,52
55011,20
55012,91
55013,66
55014,93
55015,0
55016,58
55017,46
55018,17
55019,32
55020,14
55021,23
55022,35
55023,59
55024,33
55025,89
55026,50
55027,39
55028,21
55029,15
55030,41
55031,15
55032,4
55033,5
55034,41
55035,87
55036,29
55037,100
55038,31
55039,52
55040,18
55041,50
55042,27
55043,46
55044,71
55045,0
55046,67
55047,56
55048,21
55049,85
55050,93
55051,57
55052,90
55053,90
55054,12
55055,38
55056,26
55057,38
55058,71
55059,11
55060,23
55061,17
55062,14
55063,59
55064,15
55065,96
55066,73
55067,46
55068,23
55069,44
55070,18
55071,90
55072,40
55073,30
55074,84
55075,15
55076,22
55077,77
55078,22
55079,40
55080,17
55081,35
55082,11
55083,100
55084,74
55085,68
55086,50
55087,84
55088,31
55089,92
55090,70
55091,35
55092,39
55093,90
55094,69
55095,37
55096,53
55097,3
55098,45
55099,62
55100,98
55101,73
55102,49
55103,29
55104,72
55105,15
55106,51
55107,3
55108,25
55109,28
55110,91
55111,10
55112,91
55113,95
55114,23
55115,50
55116,41
55117,38
55118,6
55119,17
55120,2
55121,62
55122,19
55123,97
55124,93
55125,72
55126,73
55127,69
55128,16
55129,78
55130,96
55131,58
55132,53
55133,12
55134,41
55135,43
55136,85
55137,79
55138,97
55139,66
55140,71
55141,19
55142,46
55143,23
55144,50
55145,17
55146,22
55147,0
55148,65
55149,4
55150,17
55151,79
55152,73
55153,92
55154,34
55155,24
55156,23
55157,12
55158,20
55159,38
55160,33
55161,18
55162,27
55163,90
55164,89
55165,10
55166,48
55167,34
55168,83
55169,75
55170,56
55171,27
55172,65
55173,64
55174,72
55175,21
55176,50
55177,90
55178,8
55179,70
55180,35
55181,53
55182,37
55183,65
55184,42
55185,4
55186,80
55187,36
55188,57
55189,62
55190,98
55191,50
55192,71
55193,42
55194,66
55195,66
55196,64
55197,61
55198,87
55199,62
55200,29
55201,89
55202,37
55203,50
55204,37
55205,66
55206,76
55207,99
55208,47
55209,11
55210,19
55211,71
55212,1
55213,74
55214,84
55215,100
55216,54
55217,5
55218,82
55219,93
55220,61
55221,48
55222,99
55223,83
55224,53
55225,9
55226,23
55227,96
55228,28
55229,93
55230,99
55231,5
55232,57
55233,77
55234,56
55235,2
55236,23
55237,18
55238,97
55239,8
55240,29
55241,95
55242,76
55243,81
55244,43
55245,52
55246,85
55247,67
55248,59
55249,22
55250,60
55251,6
55252,43
55253,54
55254,74
55255,38
55256,58
55257,97
55258,4
55259,41
55260,88
55261,91
55262,13
55263,26
55264,15
55265,90
55266,1
55267,18
55268,22
55269,40
55270,13
55271,46
55272,62
55273,89
55274,7
55275,26
55276,39
55277,27
55278,67
55279,60
55280,37
55281,74
55282,23
55283,27
55284,40
55285,17
55286,48
55287,84
55288,25
55289,2
55290,76
55291,37
55292,91
55293,13
55294,0
55295,91
55296,99
55297,10
55298,39
55299,3
55300,33
55301,64
55302,55
55303,9
55304,80
55305,70
55306,63
55307,12
55308,21
55309,55
55310,64
55311,91
55312,96
55313,12
55314,0
55315,37
55316,57
55317,24
55318,41
55319,84
55320,32
55321,56
55322,36
55323,56
55324,97
55325,61
55326,2
55327,29
55328,66
55329,62
55330,81
55331,22
55332,71
55333,72
55334,65
55335,60
55336,1
55337,26
55338,47
55339,62
55340,99
55341,4
55342,0
55343,21
55344,73
55345,23
55346,58
55347,78
55348,96
55349,49
55350,22
55351,77
55352,17
55353,88
55354,21
55355,43
55356,43
55357,36
55358,6
55359,89
55360,23
55361,76
55362,40
55363,69
55364,84
55365,70
55366,17
55367,78
55368,71
55369,59
55370,51
55371,79
55372,48
55373,66
55374,44
55375,8
55376,25
55377,25
55378,29
55379,26
55380,79
55381,3
55382,50
55383,82
55384,97
55385,69
55386,78
55387,9
55388,35
55389,45
55390,5
55391,69
55392,78
55393,92
55394,88
55395,82
55396,77
55397,2
55398,49
55399,41
55400,77
55401,53
55402,38
55403,84
55404,54
55405,10
55406,73
55407,78
55408,29
55409,80
55410,55
55411,28
55412,16
55413,32
55414,20
55415,77
55416,9
55417,86
55418,38
55419,77
55420,46
55421,85
55422,51
55423,40
55424,91
55425,46
55426,72
55427,86
55428,70
55429,87
55430,42
55431,36
55432,72
55433,63
55434,70
55435,59
55436,86
55437,24
55438,21
55439,42
55440,70
55441,69
55442,35
55443,45
55444,21
55445,34
55446,46
55447,32
55448,84
55449,74
55450,12
55451,55
55452,66
55453,12
55454,49
55455,56
55456,97
55457,27
55458,97
55459,95
55460,86
55461,87
55462,64
55463,23
55464,66
55465,80
55466,6
55467,73
55468,82
55469,23
55470,8
55471,14
55472,55
55473,85
55474,16
55475,18
55476,8
55477,63
55478,56
55479,37
55480,82
55481,7
55482,5
55483,48
55484,44
55485,20
55486,92
55487,33
55488,11
55489,38
55490,95
55491,5
55492,80
55493,31
55494,59
55495,7
55496,37
55497,92
55498,94
55499,18
55500,54
55501,8
55502,51
55503,27
55504,61
55505,47
55506,38
55507,52
55508,94
55509,62
55510,18
55511,32
55512,63
55513,25
55514,44
55515,0
55516,74
55517,65
55518,34
55519,76
55520,97
55521,97
55522,98
55523,95
55524,44
55525,75
55526,32
55527,81
55528,68
55529,82
55530,30
55531,90
55532,63
55533,14
55534,45
55535,47
55536,67
55537,82
55538,84
55539,39
55540,0
55541,19
55542,21
55543,53
55544,76
55545,64
55546,14
55547,60
55548,78
55549,13
55550,68
55551,48
55552,5
55553,40
55554,30
55555,89
55556,63
55557,88
55558,50
55559,58
55560,54
55561,48
55562,39
55563,14
55564,69
55565,64
55566,6
55567,61
55568,53
55569,51
55570,50
55571,3
55572,0
55573,65
55574,97
55575,34
55576,76
55577,80
55578,9
55579,66
55580,67
55581,88
55582,100
55583,92
55584,64
55585,50
55586,29
55587,38
55588,9
55589,92
55590,43
55591,31
55592,43
55593,62
55594,60
55595,64
55596,40
55597,80
55598,11
55599,1
55600,72
55601,75
55602,59
55603,24
55604,99
55605,60
55606,98
55607,21
55608,96
55609,55
55610,20
55611,54
55612,39
55613,50
55614,21
55615,27
55616,3
55617,25
55618,86
55619,59
55620,22
55621,40
55622,57
55623,7
55624,95
55625,50
55626,60
55627,0
55628,29
55629,91
55630,16
55631,22
55632,23
55633,85
55634,68
55635,88
55636,51
55637,70
55638,57
55639,21
55640,58
55641,43
55642,36
55643,33
55644,99
55645,56
55646,56
55647,39
55648,19
55649,100
55650,16
55651,51
55652,3
55653,62
55654,49
55655,81
55656,91
55657,49
55658,15
55659,71
55660,60
55661,43
55662,17
55663,49
55664,92
55665,79
55666,29
55667,48
55668,97
55669,93
55670,20
55671,21
55672,46
55673,24
55674,85
55675,55
55676,63
55677,27
55678,32
55679,65
55680,3
55681,79
55682,11
55683,16
55684,35
55685,15
55686,22
55687,71
55688,8
55689,77
55690,54
55691,72
55692,63
55693,46
55694,89
55695,99
55696,66
55697,9
55698,88
55699,3
55700,29
55701,10
55702,50
55703,18
55704,12
55705,56
55706,99
55707,2
55708,77
55709,73
55710,37
55711,26
55712,87
55713,79
55714,9
55715,52
55716,26
55717,6
55718,91
55719,89
55720,81
55721,12
55722,71
55723,90
55724,59
55725,13
55726,43
55727,69
55728,83
55729,27
55730,22
55731,11
55732,23
55733,50
55734,21
55735,61
55736,25
55737,85
55738,57
55739,70
55740,14
55741,93
55742,67
55743,5
55744,1
55745,30
55746,23
55747,34
55748,46
55749,30
55750,88
55751,71
55752,75
55753,1
55754,78
55755,58
55756,95
55757,62
55758,74
55759,16
55760,53
55761,20
55762,21
55763,96
55764,54
55765,28
55766,78
55767,20
55768,1
55769,41
55770,51
55771,37
55772,2
55773,24
55774,76
55775,87
55776,61
55777,94
55778,14
55779,69
55780,9
55781,72
55782,68
55783,43
55784,40
55785,82
55786,19
55787,96
55788,36
55789,94
55790,38
55791,76
55792,69
55793,7
55794,42
55795,9
55796,40
55797,3
55798,77
55799,3
55800,23
55801,20
55802,9
55803,45
55804,88
55805,69
55806,79
55807,43
55808,91
55809,99
55810,32
55811,93
55812,35
55813,24
55814,12
55815,38
55816,78
55817,37
55818,29
55819,13
55820,49
55821,67
55822,0
55823,60
55824,2
55825,49
55826,60
55827,35
55828,3
55829,42
55830,13
55831,88
55832,66
55833,6
55834,7
55835,43
55836,63
55837,6
55838,47
55839,61
55840,24
55841,80
55842,89
55843,67
55844,63
55845,17
55846,3
55847,16
55848,46
55849,80
55850,44
55851,88
55852,57
55853,2
55854,11
55855,90
55856,16
55857,21
55858,38
55859,38
55860,99
55861,15
55862,100
55863,50
55864,28
55865,77
55866,70
55867,40
55868,56
55869,27
55870,76
55871,79
55872,20
55873,3
55874,98
55875,14
55876,52
55877,89
55878,45
55879,6
55880,17
55881,88
55882,100
55883,20
55884,7
55885,58
55886,19
55887,81
55888,82
55889,66
55890,54
55891,61
55892,17
55893,90
55894,78
55895,55
55896,84
55897,21
55898,7
55899,10
55900,11
55901,47
55902,62
55903,26
55904,34
55905,1
55906,98
55907,94
55908,7
55909,19
55910,7
55911,62
55912,67
55913,30
55914,31
55915,12
55916,85
55917,25
55918,80
55919,28
55920,90
55921,85
55922,17
55923,68
55924,11
55925,1
55926,41
55927,6
55928,46
55929,89
55930,53
55931,14
55932,57
55933,32
55934,66
55935,62
55936,47
55937,65
55938,80
55939,64
55940,35
55941,16
55942,1
55943,32
55944,92
55945,5
55946,42
55947,99
55948,87
55949,10
55950,4
55951,29
55952,9
55953,100
55954,90
55955,90
55956,23
55957,58
55958,66
55959,60
55960,25
55961,38
55962,81
55963,2
55964,37
55965,41
55966,47
55967,88
55968,12
55969,88
55970,87
55971,55
55972,58
55973,62
55974,79
55975,42
55976,74
55977,56
55978,20
55979,94
55980,53
55981,78
55982,52
55983,44
55984,35
55985,62
55986,0
55987,91
55988,96
55989,66
55990,78
55991,32
55992,31
55993,86
55994,57
55995,25
55996,60
55997,16
55998,72
55999,68
56000,28
56001,62
56002,5
56003,58
56004,98
56005,20
56006,44
56007,44
56008,86
56009,34
56010,51
56011,45
56012,65
56013,56
56014,41
56015,72
56016,76
56017,97
56018,15
56019,4
56020,0
56021,21
56022,47
56023,25
56024,33
56025,57
56026,84
56027,6
56028,24
56029,56
56030,11
56031,30
56032,26
56033,85
56034,33
56035,80
56036,74
56037,92
56038,33
56039,36
56040,57
56041,59
56042,25
56043,44
56044,44
56045,31
56046,100
56047,68
56048,83
56049,70
56050,22
56051,64
56052,38
56053,66
56054,44
56055,66
56056,62
56057,69
56058,94
56059,53
56060,26
56061,92
56062,78
56063,35
56064,4
56065,66
56066,50
56067,88
56068,31
56069,20
56070,16
56071,72
56072,25
56073,21
56074,40
56075,58
56076,86
56077,74
56078,9
56079,86
56080,4
56081,54
56082,25
56083,3
56084,26
56085,97
56086,57
56087,2
56088,49
56089,95
56090,25
56091,17
56092,6
56093,44
56094,12
56095,5
56096,34
56097,94
56098,52
56099,100
56100,67
56101,41
56102,3
56103,59
56104,44
56105,71
56106,74
56107,65
56108,81
56109,81
56110,21
56111,11
56112,80
56113,50
56114,16
56115,35
56116,92
56117,48
56118,15
56119,74
56120,43
56121,21
56122,93
56123,7
56124,17
56125,79
56126,83
56127,71
56128,93
56129,37
56130,28
56131,76
56132,80
56133,80
56134,72
56135,1
56136,58
56137,41
56138,87
56139,20
56140,1
56141,4
56142,16
56143,23
56144,7
56145,29
56146,49
56147,21
56148,58
56149,23
56150,25
56151,60
56152,7
56153,11
56154,13
56155,29
56156,54
56157,98
56158,60
56159,61
56160,30
56161,91
56162,26
56163,99
56164,0
56165,40
56166,13
56167,73
56168,49
56169,41
56170,70
56171,39
56172,13
56173,99
56174,90
56175,10
56176,62
56177,48
56178,36
56179,9
56180,53
56181,6
56182,80
56183,11
56184,100
56185,100
56186,54
56187,35
56188,6
56189,23
56190,33
56191,64
56192,28
56193,25
56194,73
56195,64
56196,44
56197,16
56198,35
56199,72
56200,62
56201,22
56202,92
56203,65
56204,81
56205,91
56206,41
56207,70
56208,74
56209,70
56210,42
56211,87
56212,54
56213,55
56214,78
56215,30
56216,82
56217,55
56218,73
56219,47
56220,51
56221,71
56222,0
56223,1
56224,92
56225,41
56226,73
56227,8
56228,30
56229,95
56230,1
56231,23
56232,100
56233,42
56234,69
56235,71
56236,88
56237,42
56238,50
56239,88
56240,45
56241,74
56242,98
56243,0
56244,86
56245,66
56246,0
56247,62
56248,75
56249,61
56250,60
56251,39
56252,94
56253,28
56254,34
56255,91
56256,84
56257,10
56258,89
56259,10
56260,62
56261,68
56262,55
56263,6
56264,50
56265,94
56266,38
56267,41
56268,71
56269,52
56270,90
56271,20
56272,29
56273,77
56274,0
56275,23
56276,5
56277,5
56278,68
56279,61
56280,34
56281,78
56282,34
56283,47
56284,71
56285,42
56286,34
56287,4
56288,30
56289,30
56290,100
56291,7
56292,5
56293,86
56294,52
56295,79
56296,43
56297,48
56298,7
56299,63
56300,3
56301,31
56302,52
56303,66
56304,62
56305,79
56306,59
56307,97
56308,76
56309,32
56310,21
56311,30
56312,23
56313,2
56314,32
56315,93
56316,25
56317,97
56318,50
56319,85
56320,29
56321,34
56322,24
56323,27
56324,96
56325,86
56326,25
56327,72
56328,7
56329,100
56330,96
56331,14
56332,48
56333,7
56334,54
56335,84
56336,57
56337,2
56338,8
56339,13
56340,90
56341,19
56342,3
56343,23
56344,90
56345,75
56346,27
56347,98
56348,87
56349,30
56350,66
56351,93
56352,63
56353,90
56354,16
56355,5
56356,81
56357,59
56358,98
56359,90
56360,80
56361,10
56362,37
56363,100
56364,33
56365,46
56366,31
56367,56
56368,45
56369,34
56370,91
56371,21
56372,15
56373,75
56374,4
56375,89
56376,25
56377,76
56378,23
56379,66
56380,31
56381,22
56382,48
56383,100
56384,61
56385,76
56386,78
56387,65
56388,10
56389,79
56390,17
56391,97
56392,9
56393,76
56394,95
56395,59
56396,7
56397,70
56398,47
56399,80
56400,40
56401,90
56402,7
56403,92
56404,36
56405,90
56406,36
56407,63
56408,58
56409,87
56410,44
56411,15
56412,25
56413,30
56414,26
56415,89
56416,42
56417,14
56418,57
56419,48
56420,78
56421,86
56422,24
56423,67
56424,35
56425,79
56426,46
56427,58
56428,84
56429,51
56430,39
56431,42
56432,55
56433,80
56434,2
56435,70
56436,11
56437,64
56438,42
56439,100
56440,69
56441,45
56442,59
56443,60
56444,48
56445,86
56446,24
56447,88
56448,2
56449,67
56450,62
56451,29
56452,96
56453,92
56454,3
56455,77
56456,84
56457,70
56458,20
56459,70
56460,0
56461,59
56462,33
56463,86
56464,2
56465,17
56466,42
56467,75
56468,77
56469,40
56470,91
56471,23
56472,23
56473,2
56474,58
56475,57
56476,72
56477,23
56478,65
56479,39
56480,91
56481,70
56482,8
56483,59
56484,38
56485,32
56486,33
56487,61
56488,84
56489,60
56490,92
56491,26
56492,16
56493,59
56494,41
56495,46
56496,86
56497,52
56498,20
56499,7
56500,72
56501,96
56502,57
56503,67
56504,62
56505,58
56506,81
56507,95
56508,29
56509,24
56510,96
56511,98
56512,55
56513,33
56514,49
56515,1
56516,76
56517,52
56518,40
56519,22
56520,60
56521,86
56522,30
56523,65
56524,1
56525,68
56526,59
56527,77
56528,22
56529,56
56530,34
56531,0
56532,47
56533,48
56534,39
56535,61
56536,14
56537,29
56538,20
56539,7
56540,6
56541,33
56542,63
56543,41
56544,100
56545,52
56546,95
56547,96
56548,69
56549,9
56550,89
56551,57
56552,89
56553,82
56554,98
56555,3
56556,88
56557,7
56558,11
56559,87
56560,87
56561,80
56562,24
56563,96
56564,26
56565,1
56566,72
56567,54
56568,57
56569,32
56570,82
56571,48
56572,4
56573,46
56574,83
56575,23
56576,94
56577,43
56578,67
56579,95
56580,98
56581,13
56582,35
56583,50
56584,5
56585,16
56586,81
56587,71
56588,50
56589,51
56590,11
56591,80
56592,94
56593,0
56594,10
56595,15
56596,100
56597,91
56598,8
56599,7
56600,24
56601,73
56602,39
56603,66
56604,22
56605,61
56606,22
56607,43
56608,55
56609,67
56610,22
56611,8
56612,3
56613,33
56614,81
56615,33
56616,97
56617,41
56618,2
56619,82
56620,33
56621,89
56622,98
56623,94
56624,42
56625,90
56626,66
56627,36
56628,11
56629,86
56630,80
56631,15
56632,61
56633,16
56634,14
56635,25
56636,44
56637,1
56638,16
56639,64
56640,93
56641,95
56642,29
56643,67
56644,43
56645,95
56646,59
56647,98
56648,0
56649,18
56650,32
56651,82
56652,35
56653,90
56654,76
56655,90
56656,77
56657,23
56658,98
56659,82
56660,24
56661,10
56662,8
56663,5
56664,57
56665,99
56666,100
56667,28
56668,72
56669,96
56670,86
56671,78
56672,10
56673,22
56674,25
56675,0
56676,93
56677,80
56678,46
56679,40
56680,22
56681,99
56682,4
56683,98
56684,49
56685,8
56686,3
56687,70
56688,64
56689,79
56690,56
56691,24
56692,57
56693,5
56694,13
56695,62
56696,100
56697,74
56698,64
56699,51
56700,64
56701,99
56702,7
56703,95
56704,96
56705,7
56706,13
56707,23
56708,63
56709,92
56710,24
56711,5
56712,0
56713,86
56714,32
56715,13
56716,62
56717,55
56718,61
56719,27
56720,28
56721,22
56722,43
56723,37
56724,48
56725,42
56726,9
56727,26
56728,7
56729,67
56730,84
56731,84
56732,29
56733,12
56734,57
56735,2
56736,83
56737,99
56738,4
56739,21
56740,57
56741,65
56742,88
56743,39
56744,87
56745,4
56746,15
56747,14
56748,76
56749,74
56750,79
56751,17
56752,88
56753,46
56754,3
56755,52
56756,57
56757,84
56758,74
56759,57
56760,58
56761,33
56762,29
56763,53
56764,67
56765,77
56766,74
56767,67
56768,25
56769,2
56770,56
56771,36
56772,37
56773,40
56774,3
56775,25
56776,38
56777,41
56778,10
56779,10
56780,53
56781,37
56782,19
56783,25
56784,75
56785,92
56786,13
56787,49
56788,24
56789,54
56790,50
56791,89
56792,9
56793,13
56794,4
56795,56
56796,21
56797,74
56798,28
56799,6
56800,17
56801,30
56802,42
56803,83
56804,34
56805,70
56806,93
56807,3
56808,50
56809,93
56810,29
56811,93
56812,52
56813,81
56814,73
56815,13
56816,35
56817,86
56818,11
56819,75
56820,33
56821,25
56822,5
56823,100
56824,52
56825,14
56826,18
56827,46
56828,86
56829,99
56830,76
56831,94
56832,60
56833,100
56834,89
56835,51
56836,17
56837,59
56838,46
56839,56
56840,32
56841,31
56842,3
56843,40
56844,18
56845,6
56846,98
56847,25
56848,86
56849,97
56850,50
56851,55
56852,70
56853,74
56854,50
56855,7
56856,12
56857,31
56858,33
56859,17
56860,78
56861,54
56862,42
56863,23
56864,20
56865,17
56866,13
56867,52
56868,18
56869,76
56870,56
56871,63
56872,79
56873,1
56874,56
56875,33
56876,48
56877,89
56878,53
56879,21
56880,83
56881,92
56882,81
56883,92
56884,43
56885,90
56886,34
56887,28
56888,5
56889,36
56890,88
56891,84
56892,57
56893,63
56894,30
56895,49
56896,79
56897,59
56898,13
56899,69
56900,10
56901,26
56902,68
56903,78
56904,37
56905,61
56906,52
56907,79
56908,17
56909,96
56910,98
56911,51
56912,23
56913,98
56914,6
56915,13
56916,49
56917,93
56918,23
56919,78
56920,12
56921,18
56922,28
56923,21
56924,1
56925,76
56926,35
56927,37
56928,17
56929,50
56930,14
56931,98
56932,51
56933,16
56934,76
56935,21
56936,53
56937,51
56938,84
56939,89
56940,45
56941,3
56942,6
56943,9
56944,14
56945,25
56946,79
56947,39
56948,97
56949,60
56950,80
56951,15
56952,97
56953,92
56954,17
56955,74
56956,75
56957,100
56958,1
56959,53
56960,17
56961,53
56962,37
56963,96
56964,72
56965,14
56966,63
56967,91
56968,7
56969,45
56970,99
56971,38
56972,51
56973,7
56974,49
56975,49
56976,82
56977,67
56978,26
56979,76
56980,37
56981,20
56982,89
56983,44
56984,57
56985,22
56986,53
56987,29
56988,94
56989,94
56990,15
56991,51
56992,40
56993,70
56994,80
56995,23
56996,19
56997,26
56998,1
56999,59
57000,50
57001,0
57002,97
57003,90
57004,100
57005,5
57006,37
57007,53
57008,59
57009,26
57010,79
57011,61
57012,62
57013,98
57014,90
57015,34
57016,57
57017,60
57018,35
57019,91
57020,55
57021,66
57022,56
57023,40
57024,30
57025,2
57026,37
57027,52
57028,51
57029,23
57030,25
57031,91
57032,72
57033,36
57034,90
57035,47
57036,66
57037,40
57038,48
57039,27
57040,31
57041,98
57042,70
57043,70
57044,84
57045,31
57046,37
57047,19
57048,7
57049,67
57050,25
57051,78
57052,69
57053,47
57054,95
57055,68
57056,45
57057,57
57058,69
57059,66
57060,28
57061,82
57062,9
57063,70
57064,64
57065,64
57066,16
57067,21
57068,99
57069,13
57070,5
57071,29
57072,46
57073,96
57074,19
57075,15
57076,67
57077,33
57078,0
57079,76
57080,47
57081,7
57082,21
57083,67
57084,33
57085,59
57086,44
57087,36
57088,22
57089,83
57090,23
57091,90
57092,12
57093,68
57094,79
57095,59
57096,37
57097,47
57098,92
57099,25
57100,85
57101,87
57102,76
57103,84
57104,0
57105,3
57106,66
57107,86
57108,79
57109,12
57110,38
57111,30
57112,23
57113,78
57114,4
57115,48
57116,85
57117,85
57118,10
57119,23
57120,44
57121,73
57122,33
57123,10
57124,56
57125,28
57126,21
57127,32
57128,71
57129,48
57130,95
57131,22
57132,68
57133,94
57134,28
57135,5
57136,51
57137,88
57138,88
57139,94
57140,13
57141,16
57142,79
57143,27
57144,8
57145,65
57146,3
57147,19
57148,40
57149,35
57150,100
57151,5
57152,64
57153,49
57154,63
57155,2
57156,36
57157,2
57158,32
57159,58
57160,14
57161,55
57162,60
57163,67
57164,78
57165,70
57166,67
57167,61
57168,66
57169,22
57170,13
57171,5
57172,32
57173,8
57174,11
57175,98
57176,94
57177,50
57178,2
57179,55
57180,45
57181,35
57182,12
57183,12
57184,57
57185,97
57186,84
57187,33
57188,42
57189,27
57190,55
57191,46
57192,34
57193,77
57194,81
57195,18
57196,82
57197,96
57198,50
57199,98
57200,19
57201,28
57202,71
57203,88
57204,80
57205,64
57206,37
57207,48
57208,93
57209,27
57210,32
57211,12
57212,87
57213,43
57214,100
57215,85
57216,51
57217,76
57218,75
57219,40
57220,48
57221,6
57222,35
57223,92
57224,92
57225,25
57226,26
57227,23
57228,94
57229,70
57230,80
57231,32
57232,97
57233,17
57234,4
57235,0
57236,70
57237,97
57238,2
57239,35
57240,34
57241,50
57242,11
57243,14
57244,3
57245,55
57246,96
57247,15
57248,92
57249,5
57250,62
57251,100
57252,22
57253,76
57254,43
57255,0
57256,56
57257,75
57258,26
57259,24
57260,85
57261,61
57262,97
57263,17
57264,79
57265,92
57266,29
57267,29
57268,83
57269,46
57270,21
57271,41
57272,33
57273,62
57274,3
57275,30
57276,50
57277,49
57278,13
57279,7
57280,100
57281,68
57282,7
57283,10
57284,28
57285,54
57286,84
57287,38
57288,12
57289,63
57290,48
57291,18
57292,66
57293,97
57294,82
57295,95
57296,99
57297,51
57298,77
57299,70
57300,19
57301,95
57302,53
57303,94
57304,85
57305,4
57306,94
57307,78
57308,61
57309,16
57310,52
57311,36
57312,18
57313,9
57314,43
57315,97
57316,48
57317,88
57318,36
57319,57
57320,91
57321,14
57322,19
57323,54
57324,12
57325,19
57326,42
57327,94
57328,81
57329,40
57330,47
57331,55
57332,91
57333,67
57334,87
57335,43
57336,72
57337,46
57338,49
57339,31
57340,95
57341,53
57342,38
57343,84
57344,57
57345,60
57346,90
57347,99
57348,71
57349,82
57350,92
57351,18
57352,68
57353,21
57354,34
57355,9
57356,14
57357,1
57358,21
57359,98
57360,82
57361,11
57362,97
57363,61
57364,44
57365,57
57366,19
57367,50
57368,6
57369,23
57370,66
57371,69
57372,96
57373,52
57374,33
57375,32
57376,92
57377,22
57378,57
57379,67
57380,68
57381,97
57382,79
57383,39
57384,46
57385,42
57386,60
57387,41
57388,61
57389,66
57390,54
57391,48
57392,48
57393,77
57394,32
57395,27
57396,56
57397,40
57398,78
57399,3
57400,19
57401,88
57402,34
57403,52
57404,38
57405,52
57406,85
57407,98
57408,91
57409,9
57410,79
57411,86
57412,82
57413,64
57414,0
57415,52
57416,45
57417,25
57418,97
57419,1
57420,27
57421,83
57422,26
57423,27
57424,30
57425,46
57426,6
57427,71
57428,95
57429,74
57430,47
57431,25
57432,54
57433,88
57434,6
57435,83
57436,56
57437,57
57438,93
57439,0
57440,81
57441,71
57442,28
57443,21
57444,95
57445,39
57446,61
57447,13
57448,1
57449,34
57450,70
57451,66
57452,78
57453,97
57454,21
57455,17
57456,45
57457,81
57458,62
57459,97
57460,35
57461,45
57462,36
57463,17
57464,42
57465,28
57466,75
57467,17
57468,94
57469,14
57470,58
57471,93
57472,99
57473,27
57474,52
57475,14
57476,42
57477,32
57478,1
57479,58
57480,7
57481,32
57482,34
57483,17
57484,89
57485,20
57486,63
57487,27
57488,83
57489,44
57490,19
57491,3
57492,35
57493,97
57494,76
57495,94
57496,51
57497,38
57498,70
57499,80
57500,11
57501,54
57502,93
57503,47
57504,97
57505,85
57506,84
57507,8
57508,11
57509,80
57510,79
57511,68
57512,82
57513,56
57514,27
57515,16
57516,21
57517,34
57518,58
57519,78
57520,18
57521,49
57522,25
57523,59
57524,43
57525,55
57526,98
57527,42
57528,22
57529,73
57530,21
57531,46
57532,54
57533,10
57534,54
57535,25
57536,0
57537,99
57538,61
57539,20
57540,7
57541,19
57542,44
57543,80
57544,78
57545,84
57546,64
57547,59
57548,66
57549,94
57550,55
57551,30
57552,84
57553,86
57554,80
57555,21
57556,61
57557,55
57558,85
57559,99
57560,71
57561,7
57562,61
57563,77
57564,23
57565,21
57566,14
57567,83
57568,90
57569,27
57570,21
57571,30
57572,72
57573,61
57574,86
57575,68
57576,38
57577,80
57578,39
57579,68
57580,54
57581,70
57582,63
57583,7
57584,70
57585,85
57586,43
57587,37
57588,20
57589,3
57590,31
57591,54
57592,92
57593,59
57594,58
57595,93
57596,66
57597,4
57598,82
57599,71
57600,36
57601,94
57602,26
57603,12
57604,5
57605,64
57606,29
57607,74
57608,51
57609,40
57610,94
57611,79
57612,14
57613,4
57614,14
57615,0
57616,14
57617,99
57618,59
57619,47
57620,53
57621,54
57622,71
57623,85
57624,26
57625,97
57626,29
57627,75
57628,59
57629,65
57630,45
57631,51
57632,85
57633,80
57634,34
57635,41
57636,55
57637,44
57638,51
57639,22
57640,28
57641,28
57642,56
57643,18
57644,80
57645,7
57646,49
57647,6
57648,10
57649,66
57650,65
57651,82
57652,27
57653,55
57654,27
57655,88
57656,74
57657,39
57658,1
57659,75
57660,60
57661,75
57662,24
57663,100
57664,94
57665,53
57666,16
57667,47
57668,11
57669,60
57670,93
57671,1
57672,79
57673,64
57674,51
57675,33
57676,44
57677,0
57678,99
57679,51
57680,66
57681,97
57682,75
57683,55
57684,57
57685,90
57686,49
57687,100
57688,24
57689,11
57690,96
57691,72
57692,64
57693,55
57694,49
57695,86
57696,27
57697,2
57698,37
57699,63
57700,53
57701,35
57702,43
57703,43
57704,68
57705,92
57706,52
57707,12
57708,43
57709,3
57710,69
57711,50
57712,69
57713,10
57714,90
57715,53
57716,61
57717,58
57718,98
57719,60
57720,39
57721,3
57722,26
57723,15
57724,81
57725,6
57726,10
57727,71
57728,63
57729,51
57730,5
57731,47
57732,68
57733,5
57734,60
57735,65
57736,94
57737,95
57738,72
57739,78
57740,84
57741,52
57742,27
57743,90
57744,4
57745,80
57746,100
57747,57
57748,23
57749,30
57750,98
57751,40
57752,67
57753,83
57754,80
57755,45
57756,9
57757,36
57758,20
57759,20
57760,79
57761,96
57762,9
57763,81
57764,96
57765,92
57766,94
57767,23
57768,11
57769,19
57770,69
57771,7
57772,77
57773,4
57774,53
57775,35
57776,37
57777,2
57778,35
57779,21
57780,7
57781,60
57782,77
57783,6
57784,67
57785,61
57786,18
57787,46
57788,23
57789,79
57790,5
57791,7
57792,24
57793,95
57794,88
57795,73
57796,40
57797,57
57798,80
57799,59
57800,2
57801,8
57802,51
57803,57
57804,59
57805,81
57806,48
57807,93
57808,4
57809,61
57810,31
57811,26
57812,84
57813,23
57814,37
57815,66
57816,15
57817,14
57818,24
57819,71
57820,3
57821,31
57822,44
57823,55
57824,34
57825,52
57826,29
57827,48
57828,93
57829,80
57830,82
57831,51
57832,94
57833,80
57834,1
57835,58
57836,36
57837,28
57838,29
57839,21
57840,74
57841,96
57842,18
57843,66
57844,85
57845,17
57846,93
57847,64
57848,83
57849,4
57850,75
57851,10
57852,87
57853,57
57854,17
57855,71
57856,92
57857,55
57858,21
57859,55
57860,65
57861,22
57862,15
57863,43
57864,71
57865,67
57866,13
57867,8
57868,74
57869,15
57870,12
57871,35
57872,43
57873,99
57874,80
57875,13
57876,92
57877,16
57878,64
57879,83
57880,96
57881,53
57882,1
57883,16
57884,22
57885,85
57886,0
57887,11
57888,12
57889,77
57890,73
57891,11
57892,56
57893,85
57894,17
57895,82
57896,93
57897,14
57898,38
57899,77
57900,72
57901,68
57902,32
57903,47
57904,4
57905,87
57906,7
57907,18
57908,51
57909,11
57910,71
57911,7
57912,54
57913,83
57914,92
57915,33
57916,81
57917,64
57918,74
57919,46
57920,34
57921,31
57922,50
57923,79
57924,5
57925,8
57926,39
57927,85
57928,47
57929,71
57930,95
57931,25
57932,81
57933,36
57934,51
57935,11
57936,37
57937,97
57938,67
57939,15
57940,60
57941,23
57942,77
57943,16
57944,94
57945,3
57946,49
57947,97
57948,2
57949,7
57950,11
57951,34
57952,65
57953,52
57954,92
57955,86
57956,32
57957,17
57958,57
57959,85
57960,77
57961,92
57962,44
57963,14
57964,14
57965,44
57966,67
57967,99
57968,68
57969,66
57970,75
57971,61
57972,83
57973,43
57974,19
57975,38
57976,38
57977,0
57978,66
57979,46
57980,72
57981,53
57982,19
57983,8
57984,94
57985,27
57986,63
57987,34
57988,39
57989,1
57990,2
57991,13
57992,80
57993,98
57994,67
57995,46
57996,93
57997,53
57998,57
57999,61
58000,50
58001,77
58002,47
58003,26
58004,76
58005,54
58006,83
58007,48
58008,23
58009,9
58010,6
58011,16
58012,21
58013,58
58014,43
58015,10
58016,41
58017,22
58018,59
58019,85
58020,61
58021,53
58022,81
58023,89
58024,93
58025,12
58026,67
58027,26
58028,39
58029,73
58030,91
58031,84
58032,74
58033,83
58034,99
58035,82
58036,9
58037,14
58038,44
58039,52
58040,81
58041,6
58042,29
58043,77
58044,100
58045,29
58046,26
58047,48
58048,56
58049,63
58050,100
58051,62
58052,47
58053,40
58054,80
58055,29
58056,81
58057,2
58058,91
58059,36
58060,29
58061,53
58062,84
58063,83
58064,85
58065,99
58066,99
58067,84
58068,87
58069,84
58070,6
58071,7
58072,85
58073,85
58074,62
58075,62
58076,63
58077,29
58078,97
58079,92
58080,9
58081,68
58082,48
58083,38
58084,33
58085,9
58086,8
58087,59
58088,95
58089,4
58090,34
58091,10
58092,41
58093,79
58094,90
58095,19
58096,50
58097,0
58098,89
58099,10
58100,60
58101,78
58102,38
58103,47
58104,81
58105,87
58106,27
58107,88
58108,86
58109,74
58110,96
58111,79
58112,35
58113,86
58114,69
58115,61
58116,87
58117,69
58118,9
58119,85
58120,86
58121,4
58122,27
58123,58
58124,8
58125,38
58126,91
58127,61
58128,88
58129,37
58130,90
58131,23
58132,63
58133,42
58134,15
58135,65
58136,65
58137,68
58138,45
58139,20
58140,59
58141,9
58142,17
58143,89
58144,83
58145,40
58146,35
58147,84
58148,65
58149,45
58150,96
58151,22
58152,38
58153,94
58154,3
58155,40
58156,2
58157,100
58158,52
58159,73
58160,95
58161,35
58162,48
58163,26
58164,52
58165,48
58166,82
58167,0
58168,89
58169,45
58170,61
58171,76
58172,98
58173,65
58174,21
58175,38
58176,91
58177,43
58178,1
58179,74
58180,58
58181,100
58182,89
58183,27
58184,89
58185,80
58186,66
58187,13
58188,15
58189,50
58190,99
58191,27
58192,91
58193,52
58194,51
58195,24
58196,56
58197,8
58198,10
58199,100
58200,44
58201,84
58202,1
58203,53
58204,33
58205,41
58206,76
58207,68
58208,10
58209,28
58210,91
58211,91
58212,4
58213,19
58214,100
58215,38
58216,73
58217,31
58218,28
58219,65
58220,0
58221,83
58222,0
58223,3
58224,14
58225,46
58226,29
58227,5
58228,0
58229,70
58230,61
58231,63
58232,4
58233,53
58234,48
58235,6
58236,99
58237,2
58238,75
58239,60
58240,78
58241,83
58242,40
58243,20
58244,31
58245,11
58246,100
58247,6
58248,50
58249,44
58250,94
58251,64
58252,59
58253,74
58254,44
58255,33
58256,82
58257,10
58258,96
58259,32
58260,7
58261,44
58262,71
58263,97
58264,90
58265,92
58266,77
58267,33
58268,44
58269,100
58270,64
58271,72
58272,51
58273,9
58274,93
58275,42
58276,81
58277,80
58278,69
58279,10
58280,87
58281,35
58282,96
58283,96
58284,17
58285,62
58286,4
58287,30
58288,15
58289,65
58290,8
58291,1
58292,36
58293,83
58294,58
58295,80
58296,57
58297,88
58298,82
58299,7
58300,51
58301,74
58302,76
58303,76
58304,72
58305,68
58306,81
58307,51
58308,77
58309,33
58310,85
58311,47
58312,96
58313,23
58314,92
58315,12
58316,49
58317,90
58318,64
58319,70
58320,3
58321,63
58322,73
58323,98
58324,38
58325,62
58326,57
58327,15
58328,90
58329,83
58330,61
58331,9
58332,61
58333,32
58334,70
58335,41
58336,43
58337,45
58338,85
58339,80
58340,72
58341,73
58342,99
58343,94
58344,30
58345,4
58346,17
58347,5
58348,49
58349,27
58350,23
58351,68
58352,27
58353,57
58354,66
58355,17
58356,3
58357,48
58358,31
58359,95
58360,82
58361,92
58362,96
58363,65
58364,57
58365,10
58366,96
58367,64
58368,16
58369,79
58370,65
58371,3
58372,31
58373,70
58374,28
58375,60
58376,59
58377,72
58378,57
58379,98
58380,52
58381,4
58382,60
58383,20
58384,57
58385,80
58386,13
58387,95
58388,78
58389,84
58390,53
58391,77
58392,40
58393,15
58394,50
58395,0
58396,39
58397,17
58398,33
58399,89
58400,60
58401,99
58402,20
58403,0
58404,26
58405,50
58406,10
58407,13
58408,91
58409,54
58410,26
58411,21
58412,20
58413,23
58414,18
58415,23
58416,25
58417,24
58418,44
58419,28
58420,73
58421,10
58422,23
58423,23
58424,11
58425,6
58426,39
58427,80
58428,98
58429,69
58430,75
58431,78
58432,95
58433,22
58434,70
58435,37
58436,30
58437,28
58438,43
58439,27
58440,75
58441,90
58442,67
58443,20
58444,8
58445,48
58446,97
58447,36
58448,20
58449,59
58450,22
58451,87
58452,9
58453,69
58454,20
58455,100
58456,28
58457,58
58458,39
58459,20
58460,85
58461,98
58462,62
58463,45
58464,4
58465,14
58466,82
58467,79
58468,39
58469,86
58470,3
58471,84
58472,23
58473,41
58474,25
58475,65
58476,7
58477,72
58478,65
58479,77
58480,19
58481,65
58482,67
58483,98
58484,54
58485,77
58486,84
58487,78
58488,38
58489,49
58490,19
58491,69
58492,27
58493,42
58494,65
58495,27
58496,97
58497,77
58498,72
58499,22
58500,34
58501,21
58502,4
58503,59
58504,40
58505,28
58506,34
58507,97
58508,67
58509,44
58510,8
58511,50
58512,13
58513,68
58514,55
58515,90
58516,10
58517,29
58518,100
58519,38
58520,97
58521,23
58522,79
58523,57
58524,29
58525,23
58526,66
58527,28
58528,41
58529,75
58530,61
58531,26
58532,28
58533,65
58534,56
58535,60
58536,28
58537,56
58538,72
58539,54
58540,43
58541,27
58542,36
58543,22
58544,76
58545,68
58546,95
58547,91
58548,57
58549,78
58550,87
58551,31
58552,84
58553,68
58554,100
58555,35
58556,91
58557,31
58558,58
58559,59
58560,86
58561,79
58562,73
58563,92
58564,26
58565,98
58566,23
58567,86
58568,66
58569,35
58570,13
58571,67
58572,43
58573,47
58574,31
58575,83
58576,16
58577,92
58578,56
58579,38
58580,31
58581,67
58582,87
58583,1
58584,77
58585,41
58586,37
58587,54
58588,54
58589,33
58590,45
58591,42
58592,1
58593,35
58594,69
58595,35
58596,21
58597,68
58598,37
58599,53
58600,21
58601,74
58602,30
58603,52
58604,92
58605,58
58606,96
58607,85
58608,48
58609,26
58610,71
58611,56
58612,5
58613,45
58614,24
58615,97
58616,8
58617,63
58618,99
58619,30
58620,18
58621,64
58622,87
58623,97
58624,16
58625,33
58626,98
58627,35
58628,12
58629,58
58630,88
58631,75
58632,20
58633,100
58634,64
58635,5
58636,10
58637,79
58638,21
58639,10
58640,36
58641,25
58642,56
58643,25
58644,20
58645,56
58646,25
58647,14
58648,62
58649,34
58650,10
58651,72
58652,86
58653,67
58654,93
58655,91
58656,88
58657,85
58658,88
58659,89
58660,49
58661,28
58662,63
58663,40
58664,95
58665,25
58666,27
58667,83
58668,47
58669,65
58670,22
58671,38
58672,68
58673,20
58674,85
58675,48
58676,74
58677,93
58678,91
58679,35
58680,80
58681,84
58682,36
58683,99
58684,88
58685,87
58686,93
58687,41
58688,61
58689,98
58690,84
58691,5
58692,84
58693,7
58694,68
58695,39
58696,9
58697,30
58698,29
58699,50
58700,84
58701,35
58702,60
58703,26
58704,34
58705,59
58706,31
58707,89
58708,3
58709,90
58710,99
58711,100
58712,26
58713,46
58714,5
58715,81
58716,25
58717,23
58718,70
58719,43
58720,13
58721,12
58722,25
58723,42
58724,42
58725,65
58726,86
58727,27
58728,0
58729,95
58730,11
58731,49
58732,52
58733,59
58734,54
58735,34
58736,60
58737,25
58738,30
58739,56
58740,11
58741,92
58742,4
58743,98
58744,6
58745,15
58746,95
58747,51
58748,80
58749,20
58750,26
58751,78
58752,22
58753,71
58754,24
58755,10
58756,62
58757,56
58758,84
58759,53
58760,9
58761,49
58762,72
58763,0
58764,85
58765,69
58766,29
58767,54
58768,97
58769,76
58770,85
58771,5
58772,23
58773,84
58774,86
58775,4
58776,6
58777,2
58778,12
58779,53
58780,62
58781,75
58782,5
58783,97
58784,78
58785,46
58786,81
58787,54
58788,48
58789,56
58790,2
58791,21
58792,34
58793,27
58794,41
58795,11
58796,0
58797,99
58798,93
58799,22
58800,100
58801,27
58802,68
58803,35
58804,53
58805,46
58806,55
58807,9
58808,4
58809,13
58810,23
58811,62
58812,27
58813,20
58814,75
58815,19
58816,61
58817,95
58818,50
58819,39
58820,84
58821,80
58822,64
58823,27
58824,53
58825,1
58826,80
58827,13
58828,13
58829,43
58830,81
58831,39
58832,33
58833,64
58834,17
58835,33
58836,86
58837,48
58838,79
58839,82
58840,100
58841,54
58842,61
58843,69
58844,23
58845,80
58846,47
58847,79
58848,38
58849,47
58850,69
58851,79
58852,8
58853,28
58854,67
58855,59
58856,25
58857,37
58858,61
58859,25
58860,13
58861,98
58862,48
58863,42
58864,87
58865,7
58866,39
58867,24
58868,62
58869,3
58870,14
58871,15
58872,53
58873,10
58874,27
58875,6
58876,37
58877,23
58878,94
58879,67
58880,36
58881,34
58882,5
58883,32
58884,95
58885,98
58886,80
58887,53
58888,95
58889,13
58890,18
58891,87
58892,10
58893,70
58894,44
58895,59
58896,87
58897,57
58898,87
58899,77
58900,23
58901,10
58902,71
58903,43
58904,78
58905,65
58906,87
58907,44
58908,73
58909,31
58910,16
58911,53
58912,9
58913,85
58914,5
58915,90
58916,19
58917,0
58918,63
58919,80
58920,0
58921,100
58922,60
58923,78
58924,0
58925,80
58926,45
58927,59
58928,42
58929,43
58930,37
58931,1
58932,81
58933,11
58934,92
58935,22
58936,8
58937,7
58938,49
58939,79
58940,61
58941,22
58942,92
58943,58
58944,9
58945,11
58946,61
58947,75
58948,29
58949,73
58950,77
58951,67
58952,46
58953,83
58954,40
58955,6
58956,93
58957,87
58958,73
58959,51
58960,44
58961,37
58962,35
58963,80
58964,84
58965,57
58966,45
58967,66
58968,64
58969,17
58970,1
58971,3
58972,95
58973,82
58974,83
58975,41
58976,48
58977,48
58978,6
58979,8
58980,70
58981,26
58982,20
58983,34
58984,87
58985,95
58986,75
58987,86
58988,35
58989,92
58990,66
58991,42
58992,7
58993,97
58994,77
58995,35
58996,47
58997,45
58998,31
58999,6
59000,73
59001,11
59002,54
59003,22
59004,74
59005,51
59006,12
59007,75
59008,70
59009,52
59010,62
59011,73
59012,70
59013,50
59014,57
59015,26
59016,6
59017,49
59018,23
59019,86
59020,24
59021,43
59022,35
59023,56
59024,96
59025,36
59026,51
59027,62
59028,6
59029,93
59030,59
59031,94
59032,36
59033,20
59034,97
59035,45
59036,20
59037,83
59038,97
59039,71
59040,95
59041,51
59042,93
59043,28
59044,68
59045,93
59046,75
59047,38
59048,26
59049,76
59050,9
59051,35
59052,94
59053,15
59054,35
59055,89
59056,83
59057,33
59058,36
59059,71
59060,67
59061,58
59062,28
59063,30
59064,65
59065,88
59066,2
59067,68
59068,21
59069,79
59070,72
59071,52
59072,47
59073,72
59074,75
59075,46
59076,41
59077,3
59078,81
59079,81
59080,41
59081,42
59082,96
59083,41
59084,2
59085,58
59086,80
59087,75
59088,10
59089,80
59090,34
59091,49
59092,62
59093,69
59094,98
59095,5
59096,31
59097,10
59098,42
59099,38
59100,12
59101,12
59102,38
59103,45
59104,33
59105,66
59106,31
59107,67
59108,64
59109,72
59110,6
59111,90
59112,2
59113,85
59114,79
59115,71
59116,68
59117,48
59118,57
59119,93
59120,27
59121,26
59122,21
59123,93
59124,100
59125,70
59126,93
59127,12
59128,21
59129,74
59130,4
59131,21
59132,78
59133,52
59134,38
59135,36
59136,30
59137,61
59138,92
59139,80
59140,5
59141,80
59142,33
59143,86
59144,51
59145,29
59146,12
59147,57
59148,93
59149,52
59150,19
59151,5
59152,54
59153,30
59154,58
59155,18
59156,69
59157,97
59158,27
59159,12
59160,51
59161,73
59162,60
59163,40
59164,44
59165,6
59166,81
59167,85
59168,13
59169,35
59170,7
59171,11
59172,39
59173,96
59174,87
59175,61
59176,13
59177,48
59178,50
59179,61
59180,4
59181,82
59182,66
59183,0
59184,100
59185,96
59186,48
59187,16
59188,72
59189,94
59190,34
59191,66
59192,12
59193,36
59194,37
59195,77
59196,5
59197,92
59198,62
59199,48
59200,8
59201,35
59202,22
59203,78
59204,56
59205,49
59206,58
59207,6
59208,46
59209,88
59210,100
59211,86
59212,74
59213,55
59214,7
59215,35
59216,41
59217,38
59218,64
59219,43
59220,76
59221,79
59222,45
59223,12
59224,36
59225,13
59226,12
59227,11
59228,54
59229,27
59230,21
59231,83
59232,18
59233,74
59234,29
59235,53
59236,89
59237,14
59238,29
59239,28
59240,31
59241,29
59242,15
59243,35
59244,81
59245,47
59246,27
59247,61
59248,82
59249,55
59250,55
59251,74
59252,16
59253,61
59254,20
59255,36
59256,33
59257,96
59258,28
59259,67
59260,95
59261,59
59262,10
59263,89
59264,81
59265,95
59266,59
59267,90
59268,79
59269,73
59270,33
59271,32
59272,9
59273,59
59274,25
59275,24
59276,1
59277,89
59278,83
59279,2
59280,31
59281,0
59282,23
59283,49
59284,42
59285,43
59286,32
59287,37
59288,51
59289,34
59290,16
59291,57
59292,47
59293,42
59294,47
59295,43
59296,32
59297,74
59298,86
59299,95
59300,82
59301,75
59302,91
59303,1
59304,9
59305,82
59306,27
59307,46
59308,7
59309,22
59310,47
59311,93
59312,91
59313,62
59314,76
59315,36
59316,11
59317,73
59318,80
59319,64
59320,85
59321,14
59322,79
59323,83
59324,9
59325,41
59326,25
59327,48
59328,22
59329,63
59330,16
59331,33
59332,56
59333,85
59334,3
59335,70
59336,68
59337,94
59338,82
59339,67
59340,49
59341,85
59342,66
59343,86
59344,67
59345,87
59346,58
59347,77
59348,62
59349,66
59350,84
59351,25
59352,0
59353,93
59354,67
59355,77
59356,17
59357,11
59358,37
59359,41
59360,35
59361,15
59362,64
59363,66
59364,38
59365,98
59366,58
59367,78
59368,37
59369,15
59370,80
59371,97
59372,73
59373,10
59374,27
59375,90
59376,81
59377,93
59378,76
59379,79
59380,1
59381,19
59382,75
59383,92
59384,71
59385,37
59386,55
59387,83
59388,98
59389,38
59390,30
59391,79
59392,22
59393,33
59394,95
59395,16
59396,23
59397,34
59398,22
59399,7
59400,53
59401,86
59402,20
59403,18
59404,30
59405,49
59406,70
59407,23
59408,45
59409,7
59410,76
59411,2
59412,33
59413,76
59414,56
59415,57
59416,95
59417,34
59418,20
59419,64
59420,65
59421,56
59422,41
59423,42
59424,25
59425,66
59426,87
59427,25
59428,7
59429,46
59430,36
59431,71
59432,81
59433,17
59434,75
59435,35
59436,1
59437,83
59438,2
59439,33
59440,45
59441,61
59442,69
59443,56
59444,9
59445,87
59446,17
59447,32
59448,6
59449,44
59450,28
59451,82
59452,37
59453,38
59454,24
59455,16
59456,60
59457,50
59458,36
59459,66
59460,23
59461,81
59462,48
59463,89
59464,20
59465,74
59466,56
59467,40
59468,16
59469,20
59470,67
59471,95
59472,81
59473,63
59474,43
59475,27
59476,35
59477,36
59478,43
59479,49
59480,89
59481,54
59482,87
59483,9
59484,37
59485,48
59486,71
59487,1
59488,43
59489,34
59490,20
59491,56
59492,90
59493,22
59494,31
59495,89
59496,70
59497,32
59498,16
59499,71
59500,41
59501,16
59502,47
59503,47
59504,81
59505,99
59506,56
59507,60
59508,43
59509,22
59510,75
59511,86
59512,52
59513,32
59514,55
59515,27
59516,22
59517,62
59518,6
59519,1
59520,64
59521,3
59522,7
59523,48
59524,28
59525,81
59526,54
59527,36
59528,94
59529,5
59530,23
59531,78
59532,39
59533,11
59534,63
59535,45
59536,13
59537,26
59538,36
59539,76
59540,61
59541,66
59542,79
59543,75
59544,13
59545,97
59546,94
59547,38
59548,4
59549,75
59550,25
59551,80
59552,52
59553,62
59554,10
59555,32
59556,40
59557,39
59558,45
59559,3
59560,95
59561,94
59562,10
59563,80
59564,26
59565,7
59566,20
59567,96
59568,4
59569,61
59570,31
59571,88
59572,57
59573,71
59574,26
59575,25
59576,39
59577,28
59578,72
59579,81
59580,6
59581,20
59582,79
59583,66
59584,95
59585,9
59586,61
59587,95
59588,7
59589,95
59590,3
59591,28
59592,11
59593,100
59594,99
59595,50
59596,18
59597,100
59598,30
59599,25
59600,5
59601,28
59602,16
59603,19
59604,41
59605,46
59606,73
59607,69
59608,95
59609,1
59610,73
59611,36
59612,90
59613,18
59614,40
59615,15
59616,83
59617,59
59618,56
59619,99
59620,63
59621,4
59622,17
59623,71
59624,12
59625,73
59626,35
59627,18
59628,30
59629,99
59630,92
59631,22
59632,31
59633,10
59634,65
59635,95
59636,4
59637,94
59638,12
59639,85
59640,63
59641,34
59642,82
59643,28
59644,22
59645,82
59646,79
59647,94
59648,15
59649,25
59650,2
59651,22
59652,56
59653,8
59654,50
59655,87
59656,32
59657,77
59658,91
59659,23
59660,49
59661,51
59662,70
59663,37
59664,43
59665,88
59666,55
59667,65
59668,44
59669,51
59670,0
59671,86
59672,81
59673,63
59674,7
59675,97
59676,42
59677,7
59678,28
59679,12
59680,0
59681,28
59682,49
59683,36
59684,0
59685,68
59686,47
59687,54
59688,65
59689,62
59690,21
59691,93
59692,10
59693,28
59694,2
59695,44
59696,76
59697,2
59698,73
59699,67
59700,13
59701,86
59702,80
59703,64
59704,56
59705,14
59706,59
59707,53
59708,1
59709,81
59710,63
59711,85
59712,27
59713,93
59714,76
59715,66
59716,2
59717,52
59718,25
59719,3
59720,15
59721,91
59722,71
59723,53
59724,15
59725,30
59726,86
59727,1
59728,72
59729,90
59730,44
59731,53
59732,58
59733,58
59734,21
59735,33
59736,72
59737,96
59738,55
59739,33
59740,98
59741,25
59742,70
59743,44
59744,90
59745,75
59746,80
59747,20
59748,42
59749,85
59750,89
59751,38
59752,12
59753,41
59754,44
59755,86
59756,50
59757,93
59758,16
59759,90
59760,83
59761,62
59762,6
59763,54
59764,3
59765,30
59766,93
59767,94
59768,55
59769,3
59770,81
59771,83
59772,39
59773,46
59774,49
59775,22
59776,50
59777,37
59778,8
59779,60
59780,79
59781,20
59782,8
59783,24
59784,35
59785,42
59786,77
59787,80
59788,27
59789,63
59790,44
59791,55
59792,47
59793,7
59794,13
59795,14
59796,38
59797,24
59798,62
59799,58
59800,74
59801,28
59802,2
59803,38
59804,21
59805,100
59806,40
59807,19
59808,18
59809,12
59810,90
59811,18
59812,79
59813,65
59814,64
59815,2
59816,23
59817,37
59818,1
59819,55
59820,79
59821,92
59822,36
59823,3
59824,77
59825,80
59826,43
59827,44
59828,80
59829,83
59830,46
59831,92
59832,25
59833,80
59834,75
59835,91
59836,8
59837,95
59838,97
59839,79
59840,47
59841,30
59842,54
59843,90
59844,92
59845,0
59846,90
59847,95
59848,58
59849,10
59850,98
59851,1
59852,45
59853,0
59854,69
59855,70
59856,65
59857,1
59858,68
59859,12
59860,18
59861,82
59862,46
59863,0
59864,98
59865,17
59866,31
59867,95
59868,71
59869,10
59870,19
59871,7
59872,91
59873,84
59874,37
59875,5
59876,1
59877,73
59878,72
59879,54
59880,2
59881,65
59882,99
59883,71
59884,72
59885,25
59886,97
59887,47
59888,93
59889,7
59890,66
59891,74
59892,88
59893,68
59894,75
59895,29
59896,26
59897,42
59898,4
59899,19
59900,51
59901,20
59902,2
59903,40
59904,63
59905,67
59906,87
59907,70
59908,23
59909,51
59910,74
59911,1
59912,43
59913,40
59914,69
59915,6
59916,37
59917,81
59918,44
59919,8
59920,52
59921,27
59922,18
59923,67
59924,3
59925,12
59926,91
59927,10
59928,1
59929,69
59930,11
59931,36
59932,55
59933,87
59934,51
59935,72
59936,89
59937,3
59938,3
59939,48
59940,51
59941,33
59942,21
59943,12
59944,62
59945,14
59946,39
59947,37
59948,54
59949,43
59950,65
59951,65
59952,42
59953,71
59954,37
59955,81
59956,28
59957,74
59958,55
59959,5
59960,8
59961,21
59962,45
59963,88
59964,30
59965,20
59966,37
59967,51
59968,18
59969,9
59970,45
59971,100
59972,75
59973,82
59974,65
59975,78
59976,37
59977,61
59978,71
59979,45
59980,34
59981,42
59982,29
59983,72
59984,62
59985,29
59986,82
59987,28
59988,65
59989,91
59990,71
59991,88
59992,73
59993,21
59994,34
59995,41
59996,23
59997,25
59998,30
59999,86
60000,1
60001,38
60002,96
60003,87
60004,11
60005,100
60006,72
60007,43
60008,42
60009,66
60010,86
60011,87
60012,96
60013,93
60014,37
60015,65
60016,39
60017,21
60018,74
60019,62
60020,58
60021,75
60022,18
60023,19
60024,72
60025,42
60026,57
60027,81
60028,53
60029,81
60030,39
60031,99
60032,26
60033,12
60034,46
60035,71
60036,22
60037,58
60038,76
60039,6
60040,49
60041,65
60042,2
60043,38
60044,86
60045,6
60046,67
60047,54
60048,7
60049,31
60050,18
60051,11
60052,56
60053,9
60054,77
60055,90
60056,20
60057,19
60058,3
60059,18
60060,28
60061,70
60062,63
60063,96
60064,71
60065,10
60066,32
60067,24
60068,32
60069,99
60070,25
60071,35
60072,10
60073,29
60074,56
60075,96
60076,9
60077,92
60078,24
60079,95
60080,67
60081,56
60082,33
60083,85
60084,76
60085,53
60086,50
60087,99
60088,5
60089,58
60090,53
60091,16
60092,25
60093,87
60094,8
60095,1
60096,19
60097,90
60098,5
60099,90
60100,87
60101,78
60102,54
60103,47
60104,57
60105,96
60106,41
60107,73
60108,20
60109,5
60110,29
60111,22
60112,35
60113,2
60114,89
60115,33
60116,29
60117,81
60118,80
60119,41
60120,20
60121,87
60122,3
60123,48
60124,47
60125,88
60126,50
60127,23
60128,45
60129,26
60130,94
60131,50
60132,98
60133,19
60134,79
60135,94
60136,70
60137,17
60138,7
60139,26
60140,13
60141,17
60142,64
60143,30
60144,19
60145,69
60146,44
60147,0
60148,18
60149,38
60150,26
60151,55
60152,15
60153,77
60154,97
60155,6
60156,19
60157,30
60158,85
60159,83
60160,78
60161,24
60162,0
60163,16
60164,79
60165,100
60166,84
60167,26
60168,98
60169,23
60170,61
60171,51
60172,50
60173,65
60174,56
60175,54
60176,52
60177,88
60178,18
60179,12
60180,28
60181,95
60182,5
60183,72
60184,0
60185,23
60186,73
60187,98
60188,5
60189,47
60190,19
60191,75
60192,66
60193,54
60194,17
60195,20
60196,98
60197,63
60198,36
60199,18
60200,88
60201,55
60202,61
60203,17
60204,29
60205,55
60206,41
60207,52
60208,97
60209,73
60210,85
60211,49
60212,3
60213,62
60214,66
60215,55
60216,48
60217,91
60218,21
60219,11
60220,48
60221,12
60222,32
60223,46
60224,63
60225,82
60226,16
60227,33
60228,67
60229,38
60230,71
60231,96
60232,0
60233,4
60234,95
60235,39
60236,62
60237,0
60238,34
60239,85
60240,92
60241,16
60242,93
60243,98
60244,59
60245,0
60246,3
60247,8
60248,44
60249,31
60250,68
60251,13
60252,50
60253,89
60254,22
60255,45
60256,85
60257,26
60258,88
60259,35
60260,67
60261,31
60262,72
60263,65
60264,41
60265,49
60266,56
60267,63
60268,45
60269,88
60270,73
60271,100
60272,88
60273,53
60274,52
60275,28
60276,36
60277,68
60278,13
60279,96
60280,26
60281,4
60282,43
60283,14
60284,66
60285,0
60286,23
60287,75
60288,61
60289,77
60290,56
60291,19
60292,57
60293,13
60294,77
60295,52
60296,34
60297,61
60298,60
60299,18
60300,83
60301,41
60302,43
60303,86
60304,97
60305,0
60306,67
60307,80
60308,89
60309,77
60310,45
60311,50
60312,31
60313,99
60314,83
60315,79
60316,18
60317,38
60318,87
60319,13
60320,28
60321,41
60322,13
60323,10
60324,74
60325,46
60326,23
60327,21
60328,48
60329,54
60330,54
60331,84
60332,69
60333,77
60334,72
60335,34
60336,43
60337,35
60338,88
60339,14
60340,44
60341,61
60342,91
60343,49
60344,77
60345,12
60346,30
60347,4
60348,82
60349,7
60350,12
60351,40
60352,16
60353,31
60354,4
60355,8
60356,33
60357,0
60358,39
60359,78
60360,53
60361,31
60362,97
60363,98
60364,49
60365,58
60366,91
60367,80
60368,61
60369,10
60370,22
60371,25
60372,62
60373,45
60374,68
60375,89
60376,5
60377,50
60378,42
60379,97
60380,41
60381,12
60382,24
60383,1
60384,13
60385,16
60386,39
60387,38
60388,24
60389,90
60390,47
60391,87
60392,48
60393,32
60394,26
60395,44
60396,30
60397,62
60398,37
60399,78
60400,39
60401,57
60402,64
60403,10
60404,14
60405,96
60406,56
60407,95
60408,24
60409,38
60410,32
60411,28
60412,57
60413,97
60414,71
60415,10
60416,12
60417,68
60418,82
60419,20
60420,2
60421,25
60422,32
60423,93
60424,21
60425,61
60426,4
60427,18
60428,8
60429,57
60430,23
60431,38
60432,75
60433,60
60434,47
60435,90
60436,49
60437,61
60438,52
60439,20
60440,37
60441,98
60442,95
60443,58
60444,99
60445,96
60446,42
60447,16
60448,68
60449,43
60450,83
60451,62
60452,22
60453,67
60454,25
60455,93
60456,47
60457,46
60458,45
60459,28
60460,33
60461,9
60462,19
60463,87
60464,33
60465,100
60466,12
60467,86
60468,9
60469,85
60470,44
60471,77
60472,88
60473,81
60474,83
60475,91
60476,7
60477,4
60478,84
60479,19
60480,43
60481,79
60482,57
60483,19
60484,88
60485,70
60486,88
60487,99
60488,73
60489,39
60490,15
60491,3
60492,9
60493,50
60494,47
60495,94
60496,75
60497,19
60498,31
60499,65
60500,59
60501,10
60502,19
60503,22
60504,76
60505,34
60506,16
60507,9
60508,37
60509,77
60510,82
60511,31
60512,53
60513,96
60514,56
60515,88
60516,24
60517,13
60518,44
60519,43
60520,37
60521,35
60522,87
60523,38
60524,38
60525,12
60526,65
60527,33
60528,14
60529,57
60530,58
60531,65
60532,51
60533,88
60534,68
60535,97
60536,4
60537,42
60538,7
60539,77
60540,92
60541,93
60542,62
60543,100
60544,67
60545,34
60546,70
60547,89
60548,31
60549,96
60550,23
60551,49
60552,58
60553,64
60554,92
60555,37
60556,37
60557,20
60558,22
60559,45
60560,68
60561,29
60562,39
60563,81
60564,69
60565,68
60566,41
60567,17
60568,58
60569,12
60570,83
60571,20
60572,67
60573,76
60574,81
60575,76
60576,76
60577,100
60578,60
60579,98
60580,37
60581,39
60582,26
60583,57
60584,89
60585,75
60586,65
60587,42
60588,19
60589,34
60590,54
60591,73
60592,71
60593,39
60594,45
60595,99
60596,94
60597,78
60598,41
60599,17
60600,14
60601,82
60602,87
60603,98
60604,65
60605,12
60606,56
60607,8
60608,98
60609,65
60610,15
60611,99
60612,1
60613,15
60614,71
60615,0
60616,81
60617,25
60618,43
60619,4
60620,20
60621,34
60622,91
60623,53
60624,89
60625,95
60626,49
60627,43
60628,84
60629,3
60630,41
60631,40
60632,35
60633,23
60634,96
60635,4
60636,56
60637,66
60638,10
60639,44
60640,95
60641,21
60642,10
60643,37
60644,58
60645,85
60646,3
60647,66
60648,9
60649,100
60650,18
60651,81
60652,27
60653,94
60654,16
60655,23
60656,0
60657,4
60658,31
60659,52
60660,80
60661,56
60662,84
60663,42
60664,85
60665,38
60666,33
60667,77
60668,79
60669,4
60670,17
60671,3
60672,91
60673,90
60674,69
60675,10
60676,46
60677,84
60678,80
60679,30
60680,97
60681,12
60682,22
60683,64
60684,67
60685,29
60686,30
60687,46
60688,15
60689,42
60690,2
60691,11
60692,75
60693,10
60694,15
60695,28
60696,20
60697,57
60698,42
60699,4
60700,51
60701,12
60702,80
60703,11
60704,80
60705,0
60706,7
60707,15
60708,14
60709,18
60710,24
60711,30
60712,1
60713,58
60714,88
60715,30
60716,67
60717,67
60718,11
60719,16
60720,84
60721,28
60722,85
60723,35
60724,79
60725,62
60726,14
60727,29
60728,50
60729,10
60730,56
60731,12
60732,86
60733,54
60734,97
60735,62
60736,83
60737,1
60738,71
60739,81
60740,55
60741,6
60742,42
60743,30
60744,60
60745,21
60746,61
60747,27
60748,24
60749,64
60750,31
60751,88
60752,47
60753,79
60754,92
60755,23
60756,80
60757,41
60758,69
60759,77
60760,89
60761,91
60762,35
60763,30
60764,26
60765,65
60766,82
60767,91
60768,44
60769,43
60770,56
60771,20
60772,54
60773,14
60774,33
60775,2
60776,0
60777,23
60778,42
60779,26
60780,8
60781,87
60782,16
60783,91
60784,38
60785,54
60786,67
60787,92
60788,44
60789,27
60790,55
60791,100
60792,28
60793,28
60794,68
60795,10
60796,1
60797,67
60798,9
60799,71
60800,86
60801,26
60802,86
60803,97
60804,34
60805,80
60806,49
60807,73
60808,1
60809,16
60810,94
60811,79
60812,23
60813,56
60814,70
60815,82
60816,15
60817,96
60818,35
60819,44
60820,9
60821,62
60822,42
60823,50
60824,78
60825,2
60826,65
60827,34
60828,90
60829,68
60830,78
60831,35
60832,48
60833,96
60834,0
60835,75
60836,41
60837,40
60838,72
60839,56
60840,19
60841,93
60842,13
60843,86
60844,92
60845,98
60846,51
60847,90
60848,53
60849,48
60850,90
60851,29
60852,2
60853,11
60854,30
60855,36
60856,26
60857,23
60858,40
60859,63
60860,10
60861,90
60862,72
60863,15
60864,13
60865,46
60866,29
60867,23
60868,12
60869,96
60870,8
60871,48
60872,25
60873,48
60874,41
60875,44
60876,76
60877,20
60878,28
60879,91
60880,23
60881,76
60882,41
60883,83
60884,70
60885,40
60886,47
60887,78
60888,88
60889,98
60890,76
60891,42
60892,7
60893,84
60894,62
60895,62
60896,5
60897,73
60898,51
60899,20
60900,13
60901,57
60902,96
60903,24
60904,55
60905,82
60906,8
60907,100
60908,99
60909,35
60910,56
60911,78
60912,4
60913,80
60914,93
60915,6
60916,5
60917,78
60918,51
60919,73
60920,69
60921,54
60922,76
60923,13
60924,0
60925,96
60926,82
60927,72
60928,36
60929,48
60930,11
60931,4
60932,69
60933,10
60934,52
60935,54
60936,73
60937,78
60938,49
60939,52
60940,54
60941,91
60942,2
60943,15
60944,44
60945,80
60946,35
60947,18
60948,3
60949,58
60950,88
60951,90
60952,11
60953,62
60954,55
60955,26
60956,67
60957,23
60958,80
60959,25
60960,81
60961,21
60962,69
60963,18
60964,100
60965,33
60966,10
60967,87
60968,44
60969,36
60970,22
60971,39
60972,42
60973,3
60974,81
60975,93
60976,14
60977,100
60978,22
60979,11
60980,67
60981,67
60982,51
60983,40
60984,77
60985,58
60986,57
60987,58
60988,71
60989,22
60990,0
60991,55
60992,74
60993,90
60994,3
60995,28
60996,16
60997,48
60998,82
60999,50
61000,48
61001,23
61002,43
61003,40
61004,56
61005,55
61006,31
61007,30
61008,15
61009,31
61010,41
61011,33
61012,98
61013,36
61014,15
61015,84
61016,12
61017,81
61018,65
61019,32
61020,81
61021,91
61022,100
61023,34
61024,36
61025,75
61026,39
61027,7
61028,53
61029,88
61030,6
61031,1
61032,96
61033,55
61034,96
61035,56
61036,48
61037,86
61038,68
61039,77
61040,7
61041,83
61042,62
61043,81
61044,86
61045,92
61046,70
61047,87
61048,45
61049,88
61050,77
61051,66
61052,45
61053,77
61054,66
61055,41
61056,63
61057,72
61058,52
61059,70
61060,89
61061,6
61062,6
61063,35
61064,12
61065,66
61066,19
61067,72
61068,52
61069,85
61070,51
61071,96
61072,60
61073,86
61074,86
61075,89
61076,95
61077,60
61078,55
61079,91
61080,93
61081,39
61082,80
61083,62
61084,56
61085,81
61086,88
61087,3
61088,25
61089,94
61090,61
61091,75
61092,53
61093,61
61094,17
61095,9
61096,35
61097,1
61098,59
61099,88
61100,46
61101,72
61102,31
61103,68
61104,50
61105,66
61106,80
61107,76
61108,66
61109,91
61110,67
61111,81
61112,55
61113,98
61114,13
61115,15
61116,75
61117,74
61118,65
61119,32
61120,12
61121,29
61122,25
61123,81
61124,12
61125,67
61126,32
61127,14
61128,16
61129,5
61130,4
61131,32
61132,53
61133,15
61134,45
61135,23
61136,4
61137,66
61138,98
61139,90
61140,75
61141,49
61142,40
61143,88
61144,54
61145,80
61146,19
61147,91
61148,49
61149,34
61150,49
61151,78
61152,32
61153,66
61154,70
61155,9
61156,89
61157,40
61158,39
61159,5
61160,32
61161,15
61162,23
61163,93
61164,59
61165,73
61166,10
61167,43
61168,85
61169,2
61170,37
61171,39
61172,86
61173,18
61174,39
61175,52
61176,76
61177,35
61178,66
61179,85
61180,88
61181,19
61182,27
61183,56
61184,2
61185,85
61186,36
61187,17
61188,83
61189,45
61190,4
61191,72
61192,92
61193,80
61194,75
61195,56
61196,25
61197,32
61198,96
61199,35
61200,92
61201,21
61202,81
61203,16
61204,43
61205,51
61206,87
61207,21
61208,68
61209,0
61210,82
61211,29
61212,38
61213,78
61214,34
61215,68
61216,69
61217,88
61218,10
61219,50
61220,62
61221,85
61222,33
61223,54
61224,77
61225,72
61226,19
61227,79
61228,57
61229,80
61230,16
61231,33
61232,74
61233,98
61234,61
61235,33
61236,99
61237,71
61238,18
61239,96
61240,86
61241,65
61242,71
61243,92
61244,41
61245,50
61246,70
61247,48
61248,28
61249,94
61250,29
61251,98
61252,24
61253,67
61254,61
61255,37
61256,16
61257,73
61258,0
61259,17
61260,62
61261,45
61262,18
61263,49
61264,95
61265,53
61266,30
61267,96
61268,85
61269,64
61270,45
61271,34
61272,48
61273,80
61274,33
61275,28
61276,5
61277,0
61278,54
61279,26
61280,11
61281,3
61282,79
61283,51
61284,10
61285,51
61286,83
61287,25
61288,27
61289,71
61290,65
61291,89
61292,26
61293,96
61294,54
61295,70
61296,53
61297,45
61298,35
61299,20
61300,48
61301,33
61302,86
61303,33
61304,39
61305,6
61306,89
61307,51
61308,48
61309,80
61310,94
61311,88
61312,36
61313,61
61314,14
61315,1
61316,10
61317,95
61318,93
61319,16
61320,87
61321,44
61322,67
61323,60
61324,45
61325,31
61326,18
61327,66
61328,3
61329,24
61330,72
61331,20
61332,86
61333,92
61334,93
61335,88
61336,92
61337,97
61338,13
61339,21
61340,47
61341,50
61342,79
61343,10
61344,58
61345,13
61346,6
61347,68
61348,57
61349,39
61350,92
61351,80
61352,93
61353,24
61354,77
61355,41
61356,85
61357,43
61358,4
61359,27
61360,75
61361,99
61362,59
61363,76
61364,20
61365,95
61366,48
61367,55
61368,56
61369,84
61370,60
61371,100
61372,37
61373,72
61374,100
61375,1
61376,2
61377,42
61378,73
61379,34
61380,72
61381,39
61382,95
61383,84
61384,57
61385,33
61386,24
61387,55
61388,31
61389,100
61390,21
61391,88
61392,64
61393,99
61394,20
61395,79
61396,95
61397,20
61398,27
61399,18
61400,13
61401,86
61402,23
61403,19
61404,31
61405,73
61406,51
61407,64
61408,94
61409,51
61410,100
61411,57
61412,78
61413,94
61414,91
61415,9
61416,69
61417,14
61418,46
61419,90
61420,9
61421,20
61422,18
61423,67
61424,21
61425,62
61426,37
61427,14
61428,69
61429,74
61430,43
61431,29
61432,23
61433,85
61434,93
61435,45
61436,3
61437,5
61438,37
61439,25
61440,18
61441,1
61442,67
61443,68
61444,46
61445,98
61446,28
61447,63
61448,79
61449,11
61450,84
61451,72
61452,10
61453,7
61454,59
61455,25
61456,31
61457,38
61458,3
61459,97
61460,91
61461,88
61462,43
61463,98
61464,82
61465,34
61466,50
61467,50
61468,28
61469,77
61470,84
61471,35
61472,77
61473,59
61474,14
61475,50
61476,49
61477,93
61478,54
61479,11
61480,49
61481,61
61482,4
61483,26
61484,78
61485,89
61486,8
61487,34
61488,12
61489,43
61490,45
61491,96
61492,97
61493,67
61494,76
61495,73
61496,52
61497,0
61498,10
61499,49
61500,8
61501,37
61502,86
61503,12
61504,4
61505,24
61506,9
61507,4
61508,21
61509,41
61510,88
61511,100
61512,19
61513,27
61514,20
61515,10
61516,92
61517,68
61518,36
61519,48
61520,68
61521,32
61522,44
61523,99
61524,7
61525,5
61526,14
61527,14
61528,8
61529,60
61530,55
61531,4
61532,25
61533,86
61534,79
61535,56
61536,34
61537,9
61538,90
61539,79
61540,20
61541,11
61542,8
61543,15
61544,72
61545,92
61546,53
61547,22
61548,38
61549,87
61550,21
61551,54
61552,30
61553,73
61554,46
61555,26
61556,97
61557,47
61558,38
61559,87
61560,20
61561,14
61562,80
61563,44
61564,18
61565,52
61566,88
61567,54
61568,85
61569,48
61570,77
61571,60
61572,59
61573,91
61574,75
61575,90
61576,23
61577,85
61578,38
61579,60
61580,99
61581,22
61582,71
61583,91
61584,92
61585,78
61586,38
61587,71
61588,91
61589,96
61590,10
61591,41
61592,100
61593,24
61594,33
61595,21
61596,1
61597,50
61598,15
61599,10
61600,77
61601,95
61602,85
61603,68
61604,99
61605,86
61606,61
61607,18
61608,28
61609,41
61610,22
61611,59
61612,72
61613,17
61614,94
61615,100
61616,80
61617,54
61618,17
61619,26
61620,84
61621,0
61622,95
61623,13
61624,58
61625,77
61626,32
61627,35
61628,38
61629,75
61630,44
61631,24
61632,14
61633,19
61634,33
61635,57
61636,59
61637,77
61638,29
61639,12
61640,77
61641,92
61642,89
61643,66
61644,88
61645,90
61646,44
61647,39
61648,79
61649,37
61650,74
61651,92
61652,46
61653,87
61654,28
61655,33
61656,10
61657,19
61658,19
61659,72
61660,55
61661,22
61662,99
61663,90
61664,87
61665,24
61666,88
61667,32
61668,30
61669,73
61670,78
61671,0
61672,53
61673,15
61674,84
61675,58
61676,65
61677,2
61678,14
61679,31
61680,49
61681,90
61682,99
61683,98
61684,59
61685,87
61686,7
61687,6
61688,3
61689,93
61690,9
61691,59
61692,24
61693,41
61694,46
61695,95
61696,95
61697,31
61698,73
61699,72
61700,24
61701,88
61702,15
61703,48
61704,15
61705,93
61706,37
61707,4
61708,6
61709,76
61710,7
61711,32
61712,61
61713,73
61714,83
61715,31
61716,92
61717,0
61718,90
61719,19
61720,54
61721,62
61722,77
61723,78
61724,5
61725,51
61726,1
61727,92
61728,38
61729,31
61730,50
61731,68
61732,85
61733,91
61734,31
61735,92
61736,2
61737,61
61738,94
61739,12
61740,69
61741,20
61742,60
61743,13
61744,88
61745,70
61746,21
61747,31
61748,40
61749,31
61750,41
61751,51
61752,93
61753,80
61754,53
61755,61
61756,84
61757,89
61758,42
61759,2
61760,37
61761,80
61762,38
61763,69
61764,84
61765,44
61766,45
61767,12
61768,51
61769,8
61770,56
61771,68
61772,42
61773,6
61774,43
61775,43
61776,94
61777,67
61778,76
61779,43
61780,78
61781,39
61782,76
61783,42
61784,61
61785,42
61786,89
61787,18
61788,48
61789,64
61790,76
61791,24
61792,83
61793,40
61794,22
61795,57
61796,87
61797,42
61798,39
61799,29
61800,33
61801,9
61802,59
61803,0
61804,11
61805,45
61806,92
61807,74
61808,16
61809,83
61810,57
61811,37
61812,5
61813,61
61814,83
61815,73
61816,9
61817,94
61818,25
61819,57
61820,16
61821,52
61822,77
61823,4
61824,66
61825,19
61826,50
61827,45
61828,78
61829,66
61830,2
61831,22
61832,8
61833,10
61834,46
61835,48
61836,43
61837,12
61838,7
61839,62
61840,21
61841,37
61842,26
61843,25
61844,22
61845,94
61846,92
61847,64
61848,73
61849,46
61850,60
61851,45
61852,3
61853,30
61854,3
61855,28
61856,72
61857,78
61858,43
61859,2
61860,58
61861,78
61862,52
61863,10
61864,5
61865,46
61866,6
61867,67
61868,84
61869,0
61870,55
61871,86
61872,76
61873,42
61874,27
61875,28
61876,17
61877,86
61878,91
61879,72
61880,61
61881,5
61882,15
61883,100
61884,0
61885,21
61886,45
61887,61
61888,22
61889,20
61890,50
61891,94
61892,37
61893,27
61894,43
61895,90
61896,38
61897,41
61898,41
61899,59
61900,56
61901,76
61902,95
61903,6
61904,50
61905,96
61906,76
61907,31
61908,6
61909,75
61910,39
61911,14
61912,58
61913,84
61914,11
61915,76
61916,41
61917,38
61918,62
61919,1
61920,28
61921,60
61922,28
61923,99
61924,37
61925,6
61926,29
61927,86
61928,91
61929,55
61930,86
61931,35
61932,41
61933,92
61934,3
61935,83
61936,4
61937,45
61938,74
61939,1
61940,53
61941,87
61942,58
61943,32
61944,21
61945,46
61946,5
61947,23
61948,92
61949,48
61950,95
61951,93
61952,50
61953,40
61954,66
61955,88
61956,91
61957,78
61958,80
61959,1
61960,90
61961,99
61962,77
61963,42
61964,31
61965,11
61966,22
61967,15
61968,43
61969,1
61970,6
61971,20
61972,57
61973,94
61974,22
61975,59
61976,24
61977,34
61978,98
61979,44
61980,6
61981,68
61982,31
61983,52
61984,68
61985,24
61986,94
61987,83
61988,85
61989,76
61990,1
61991,85
61992,60
61993,8
61994,50
61995,1
61996,44
61997,31
61998,71
61999,79
62000,96
62001,74
62002,31
62003,7
62004,95
62005,84
62006,88
62007,19
62008,64
62009,20
62010,6
62011,88
62012,8
62013,85
62014,1
62015,18
62016,59
62017,69
62018,58
62019,68
62020,44
62021,61
62022,9
62023,64
62024,25
62025,89
62026,59
62027,17
62028,58
62029,20
62030,45
62031,11
62032,77
62033,31
62034,38
62035,98
62036,80
62037,54
62038,54
62039,9
62040,34
62041,79
62042,5
62043,67
62044,61
62045,8
62046,28
62047,70
62048,79
62049,5
62050,43
62051,63
62052,66
62053,43
62054,77
62055,13
62056,8
62057,99
62058,22
62059,56
62060,56
62061,14
62062,63
62063,6
62064,19
62065,63
62066,18
62067,5
62068,50
62069,38
62070,64
62071,70
62072,98
62073,24
62074,22
62075,88
62076,57
62077,10
62078,33
62079,30
62080,37
62081,45
62082,11
62083,8
62084,12
62085,63
62086,19
62087,58
62088,84
62089,21
62090,64
62091,59
62092,40
62093,80
62094,44
62095,3
62096,69
62097,44
62098,57
62099,82
62100,93
62101,22
62102,31
62103,62
62104,92
62105,7
62106,84
62107,80
62108,80
62109,84
62110,78
62111,90
62112,24
62113,32
62114,65
62115,15
62116,54
62117,35
62118,71
62119,79
62120,6
62121,68
62122,86
62123,7
62124,2
62125,34
62126,35
62127,99
62128,78
62129,29
62130,14
62131,92
62132,67
62133,97
62134,86
62135,57
62136,98
62137,27
62138,94
62139,41
62140,96
62141,17
62142,4
62143,8
62144,83
62145,8
62146,17
62147,55
62148,14
62149,78
62150,77
62151,61
62152,34
62153,39
62154,50
62155,59
62156,99
62157,55
62158,83
62159,74
62160,40
62161,53
62162,16
62163,24
62164,92
62165,86
62166,8
62167,55
62168,88
62169,22
62170,1
62171,44
62172,64
62173,37
62174,5
62175,47
62176,43
62177,78
62178,6
62179,65
62180,61
62181,29
62182,92
62183,75
62184,51
62185,97
62186,93
62187,35
62188,34
62189,65
62190,49
62191,2
62192,75
62193,3
62194,54
62195,51
62196,58
62197,70
62198,19
62199,18
62200,7
62201,66
62202,26
62203,78
62204,7
62205,17
62206,28
62207,45
62208,35
62209,2
62210,8
62211,9
62212,83
62213,65
62214,0
62215,90
62216,3
62217,47
62218,100
62219,95
62220,17
62221,77
62222,44
62223,14
62224,50
62225,60
62226,3
62227,18
62228,87
62229,93
62230,76
62231,10
62232,27
62233,56
62234,74
62235,53
62236,64
62237,46
62238,3
62239,33
62240,75
62241,53
62242,87
62243,60
62244,100
62245,95
62246,82
62247,92
62248,92
62249,82
62250,19
62251,2
62252,39
62253,68
62254,22
62255,68
62256,93
62257,31
62258,23
62259,50
62260,57
62261,41
62262,34
62263,31
62264,53
62265,44
62266,47
62267,85
62268,84
62269,91
62270,48
62271,33
62272,15
62273,10
62274,96
62275,18
62276,91
62277,28
62278,100
62279,53
62280,52
62281,66
62282,81
62283,81
62284,75
62285,81
62286,31
62287,99
62288,82
62289,55
62290,62
62291,3
62292,10
62293,2
62294,26
62295,79
62296,43
62297,17
62298,29
62299,87
62300,69
62301,46
62302,33
62303,75
62304,41
62305,22
62306,99
62307,39
62308,14
62309,79
62310,56
62311,13
62312,78
62313,11
62314,34
62315,24
62316,77
62317,1
62318,17
62319,34
62320,8
62321,10
62322,89
62323,66
62324,68
62325,95
62326,73
62327,37
62328,69
62329,74
62330,80
62331,58
62332,65
62333,40
62334,23
62335,49
62336,4
62337,20
62338,5
62339,3
62340,8
62341,68
62342,67
62343,8
62344,17
62345,58
62346,42
62347,79
62348,65
62349,28
62350,47
62351,50
62352,41
62353,35
62354,75
62355,44
62356,100
62357,97
62358,34
62359,5
62360,36
62361,35
62362,83
62363,15
62364,71
62365,21
62366,68
62367,68
62368,62
62369,74
62370,18
62371,80
62372,100
62373,17
62374,72
62375,16
62376,40
62377,32
62378,83
62379,54
62380,81
62381,23
62382,76
62383,39
62384,27
62385,66
62386,99
62387,74
62388,38
62389,20
62390,36
62391,1
62392,5
62393,51
62394,4
62395,46
62396,42
62397,95
62398,100
62399,39
62400,10
62401,80
62402,13
62403,1
62404,38
62405,62
62406,62
62407,17
62408,96
62409,93
62410,78
62411,92
62412,89
62413,0
62414,16
62415,53
62416,38
62417,47
62418,65
62419,14
62420,21
62421,19
62422,92
62423,88
62424,42
62425,55
62426,23
62427,97
62428,42
62429,20
62430,47
62431,65
62432,15
62433,39
62434,20
62435,51
62436,100
62437,7
62438,77
62439,54
62440,85
62441,81
62442,57
62443,4
62444,41
62445,29
62446,94
62447,8
62448,94
62449,94
62450,40
62451,50
62452,56
62453,72
62454,100
62455,60
62456,5
62457,25
62458,73
62459,5
62460,52
62461,60
62462,32
62463,44
62464,93
62465,39
62466,23
62467,91
62468,44
62469,37
62470,28
62471,78
62472,7
62473,63
62474,86
62475,72
62476,50
62477,74
62478,5
62479,46
62480,48
62481,75
62482,97
62483,84
62484,31
62485,53
62486,35
62487,88
62488,98
62489,97
62490,18
62491,36
62492,16
62493,79
62494,15
62495,57
62496,43
62497,67
62498,48
62499,93
62500,50
62501,97
62502,4
62503,96
62504,57
62505,45
62506,54
62507,72
62508,16
62509,11
62510,23
62511,55
62512,54
62513,75
62514,78
62515,15
62516,86
62517,81
62518,21
62519,43
62520,94
62521,42
62522,78
62523,20
62524,7
62525,48
62526,99
62527,5
62528,80
62529,46
62530,35
62531,91
62532,22
62533,30
62534,74
62535,61
62536,83
62537,95
62538,80
62539,56
62540,69
62541,64
62542,36
62543,67
62544,94
62545,74
62546,16
62547,6
62548,51
62549,34
62550,1
62551,39
62552,36
62553,56
62554,100
62555,9
62556,75
62557,80
62558,45
62559,89
62560,4
62561,4
62562,26
62563,4
62564,60
62565,7
62566,30
62567,96
62568,20
62569,98
62570,20
62571,50
62572,78
62573,99
62574,58
62575,1
62576,29
62577,57
62578,91
62579,80
62580,19
62581,39
62582,28
62583,4
62584,88
62585,9
62586,82
62587,60
62588,0
62589,46
62590,97
62591,56
62592,13
62593,24
62594,89
62595,20
62596,15
62597,73
62598,31
62599,44
62600,63
62601,83
62602,72
62603,59
62604,97
62605,94
62606,18
62607,46
62608,94
62609,63
62610,29
62611,46
62612,87
62613,32
62614,81
62615,20
62616,94
62617,62
62618,41
62619,60
62620,42
62621,67
62622,25
62623,32
62624,32
62625,48
62626,83
62627,40
62628,71
62629,35
62630,71
62631,94
62632,21
62633,46
62634,82
62635,19
62636,86
62637,23
62638,42
62639,87
62640,99
62641,72
62642,15
62643,26
62644,44
62645,36
62646,12
62647,50
62648,1
62649,75
62650,96
62651,86
62652,58
62653,13
62654,48
62655,29
62656,97
62657,8
62658,78
62659,23
62660,40
62661,59
62662,88
62663,99
62664,31
62665,46
62666,20
62667,41
62668,69
62669,88
62670,1
62671,30
62672,55
62673,29
62674,62
62675,14
62676,17
62677,31
62678,13
62679,61
62680,81
62681,98
62682,51
62683,21
62684,13
62685,77
62686,33
62687,85
62688,79
62689,55
62690,52
62691,48
62692,62
62693,15
62694,79
62695,39
62696,37
62697,17
62698,22
62699,47
62700,81
62701,45
62702,21
62703,53
62704,39
62705,29
62706,54
62707,55
62708,41
62709,41
62710,61
62711,81
62712,52
62713,81
62714,52
62715,63
62716,0
62717,78
62718,68
62719,26
62720,16
62721,62
62722,40
62723,57
62724,56
62725,95
62726,37
62727,89
62728,65
62729,91
62730,44
62731,22
62732,19
62733,35
62734,41
62735,21
62736,59
62737,10
62738,27
62739,44
62740,21
62741,80
62742,62
62743,30
62744,10
62745,35
62746,77
62747,34
62748,22
62749,28
62750,22
62751,99
62752,15
62753,83
62754,88
62755,18
62756,89
62757,95
62758,62
62759,49
62760,84
62761,72
62762,42
62763,18
62764,84
62765,17
62766,5
62767,34
62768,13
62769,63
62770,8
62771,34
62772,1
62773,5
62774,98
62775,24
62776,72
62777,49
62778,94
62779,6
62780,62
62781,27
62782,1
62783,64
62784,100
62785,58
62786,23
62787,61
62788,98
62789,70
62790,37
62791,92
62792,61
62793,64
62794,50
62795,93
62796,51
62797,95
62798,73
62799,97
62800,62
62801,10
62802,47
62803,100
62804,53
62805,90
62806,49
62807,73
62808,37
62809,85
62810,87
62811,7
62812,5
62813,67
62814,68
62815,5
62816,31
62817,37
62818,56
62819,83
62820,99
62821,63
62822,53
62823,13
62824,63
62825,49
62826,46
62827,53
62828,18
62829,74
62830,38
62831,64
62832,98
62833,82
62834,59
62835,32
62836,31
62837,35
62838,23
62839,42
62840,70
62841,70
62842,45
62843,46
62844,68
62845,13
62846,44
62847,51
62848,89
62849,49
62850,64
62851,76
62852,63
62853,22
62854,83
62855,70
62856,69
62857,58
62858,72
62859,91
62860,73
62861,53
62862,98
62863,70
62864,88
62865,93
62866,25
62867,43
62868,75
62869,12
62870,53
62871,39
62872,3
62873,52
62874,0
62875,5
62876,54
62877,65
62878,90
62879,17
62880,28
62881,52
62882,32
62883,2
62884,19
62885,3
62886,81
62887,7
62888,85
62889,85
62890,82
62891,27
62892,65
62893,72
62894,98
62895,85
62896,25
62897,33
62898,70
62899,93
62900,48
62901,88
62902,48
62903,72
62904,26
62905,64
62906,32
62907,71
62908,48
62909,62
62910,31
62911,18
62912,99
62913,49
62914,21
62915,89
62916,66
62917,8
62918,34
62919,70
62920,78
62921,3
62922,36
62923,27
62924,8
62925,34
62926,24
62927,8
62928,60
62929,51
62930,96
62931,16
62932,75
62933,8
62934,53
62935,4
62936,62
62937,46
62938,89
62939,18
62940,98
62941,65
62942,44
62943,70
62944,72
62945,85
62946,32
62947,79
62948,42
62949,87
62950,71
62951,93
62952,25
62953,44
62954,34
62955,80
62956,52
62957,9
62958,40
62959,16
62960,70
62961,65
62962,10
62963,62
62964,66
62965,45
62966,19
62967,12
62968,86
62969,16
62970,92
62971,31
62972,98
62973,98
62974,97
62975,84
62976,15
62977,22
62978,10
62979,13
62980,66
62981,70
62982,44
62983,74
62984,32
62985,82
62986,44
62987,53
62988,50
62989,86
62990,22
62991,28
62992,5
62993,38
62994,4
62995,95
62996,39
62997,89
62998,77
62999,81
63000,20
63001,58
63002,88
63003,19
63004,23
63005,2
63006,85
63007,71
63008,56
63009,92
63010,70
63011,69
63012,69
63013,75
63014,62
63015,85
63016,46
63017,89
63018,88
63019,18
63020,99
63021,98
63022,12
63023,88
63024,44
63025,31
63026,29
63027,84
63028,41
63029,71
63030,41
63031,6
63032,2
63033,36
63034,2
63035,17
63036,41
63037,8
63038,56
63039,23
63040,6
63041,96
63042,88
63043,41
63044,97
63045,57
63046,84
63047,55
63048,57
63049,17
63050,38
63051,49
63052,32
63053,27
63054,55
63055,24
63056,13
63057,54
63058,83
63059,83
63060,6
63061,3
63062,94
63063,29
63064,61
63065,56
63066,36
63067,54
63068,84
63069,64
63070,51
63071,2
63072,76
63073,6
63074,69
63075,69
63076,33
63077,95
63078,15
63079,7
63080,20
63081,10
63082,49
63083,86
63084,5
63085,14
63086,10
63087,26
63088,78
63089,44
63090,37
63091,3
63092,77
63093,44
63094,9
63095,53
63096,28
63097,11
63098,55
63099,39
63100,83
63101,36
63102,65
63103,19
63104,11
63105,37
63106,29
63107,46
63108,81
63109,73
63110,70
63111,41
63112,4
63113,47
63114,92
63115,98
63116,50
63117,11
63118,9
63119,36
63120,65
63121,66
63122,13
63123,46
63124,19
63125,51
63126,67
63127,25
63128,46
63129,78
63130,72
63131,2
63132,1
63133,40
63134,29
63135,36
63136,80
63137,2
63138,8
63139,7
63140,8
63141,16
63142,23
63143,71
63144,13
63145,53
63146,79
63147,17
63148,87
63149,38
63150,46
63151,26
63152,91
63153,70
63154,97
63155,90
63156,33
63157,18
63158,5
63159,29
63160,91
63161,11
63162,14
63163,38
63164,63
63165,63
63166,14
63167,57
63168,99
63169,66
63170,0
63171,6
63172,8
63173,0
63174,4
63175,46
63176,99
63177,9
63178,1
63179,22
63180,92
63181,55
63182,18
63183,37
63184,46
63185,83
63186,75
63187,74
63188,98
63189,51
63190,48
63191,70
63192,22
63193,49
63194,16
63195,47
63196,1
63197,68
63198,61
63199,84
63200,12
63201,60
63202,10
63203,87
63204,96
63205,26
63206,34
63207,17
63208,84
63209,67
63210,60
63211,40
63212,95
63213,42
63214,48
63215,10
63216,66
63217,50
63218,51
63219,84
63220,42
63221,57
63222,77
63223,69
63224,28
63225,30
63226,27
63227,49
63228,35
63229,91
63230,18
63231,66
63232,11
63233,99
63234,87
63235,75
63236,23
63237,64
63238,91
63239,79
63240,20
63241,93
63242,97
63243,25
63244,34
63245,94
63246,79
63247,57
63248,41
63249,28
63250,28
63251,8
63252,77
63253,71
63254,1
63255,74
63256,1
63257,17
63258,68
63259,56
63260,70
63261,22
63262,18
63263,18
63264,57
63265,82
63266,48
63267,44
63268,27
63269,74
63270,49
63271,10
63272,54
63273,8
63274,13
63275,97
63276,92
63277,20
63278,47
63279,57
63280,68
63281,96
63282,8
63283,66
63284,77
63285,17
63286,11
63287,86
63288,77
63289,15
63290,36
63291,19
63292,19
63293,14
63294,24
63295,16
63296,11
63297,41
63298,38
63299,55
63300,52
63301,70
63302,71
63303,87
63304,46
63305,24
63306,84
63307,49
63308,32
63309,73
63310,85
63311,82
63312,28
63313,2
63314,38
63315,3
63316,36
63317,94
63318,5
63319,91
63320,9
63321,11
63322,65
63323,2
63324,64
63325,63
63326,34
63327,23
63328,46
63329,51
63330,33
63331,83
63332,79
63333,93
63334,24
63335,68
63336,28
63337,100
63338,91
63339,63
63340,52
63341,57
63342,40
63343,86
63344,95
63345,50
63346,17
63347,40
63348,98
63349,60
63350,23
63351,46
63352,27
63353,35
63354,20
63355,55
63356,68
63357,25
63358,53
63359,86
63360,43
63361,32
63362,25
63363,21
63364,19
63365,1
63366,40
63367,53
63368,56
63369,17
63370,4
63371,95
63372,45
63373,74
63374,20
63375,21
63376,2
63377,8
63378,1
63379,27
63380,33
63381,52
63382,58
63383,9
63384,82
63385,92
63386,1
63387,47
63388,5
63389,43
63390,53
63391,70
63392,35
63393,7
63394,82
63395,9
63396,32
63397,100
63398,90
63399,92
63400,18
63401,17
63402,50
63403,22
63404,0
63405,58
63406,2
63407,9
63408,70
63409,48
63410,55
63411,89
63412,15
63413,38
63414,95
63415,75
63416,43
63417,7
63418,7
63419,44
63420,10
63421,96
63422,24
63423,16
63424,94
63425,82
63426,54
63427,78
63428,55
63429,43
63430,52
63431,34
63432,38
63433,1
63434,97
63435,24
63436,37
63437,67
63438,79
63439,31
63440,78
63441,77
63442,40
63443,78
63444,70
63445,6
63446,71
63447,82
63448,17
63449,16
63450,81
63451,82
63452,76
63453,58
63454,10
63455,50
63456,6
63457,26
63458,58
63459,36
63460,4
63461,61
63462,71
63463,73
63464,100
63465,89
63466,78
63467,54
63468,15
63469,92
63470,91
63471,73
63472,55
63473,50
63474,67
63475,45
63476,60
63477,77
63478,32
63479,54
63480,17
63481,11
63482,73
63483,20
63484,96
63485,77
63486,72
63487,25
63488,78
63489,20
63490,21
63491,54
63492,45
63493,40
63494,4
63495,43
63496,15
63497,34
63498,4
63499,61
63500,89
63501,25
63502,60
63503,50
63504,68
63505,55
63506,49
63507,35
63508,23
63509,78
63510,29
63511,68
63512,47
63513,21
63514,32
63515,68
63516,95
63517,49
63518,22
63519,9
63520,35
63521,16
63522,52
63523,90
63524,7
63525,43
63526,60
63527,5
63528,70
63529,89
63530,80
63531,36
63532,53
63533,22
63534,90
63535,56
63536,50
63537,57
63538,18
63539,26
63540,88
63541,24
63542,20
63543,24
63544,50
63545,70
63546,34
63547,69
63548,49
63549,14
63550,23
63551,48
63552,67
63553,6
63554,93
63555,80
63556,53
63557,37
63558,93
63559,44
63560,8
63561,54
63562,82
63563,51
63564,76
63565,48
63566,100
63567,54
63568,82
63569,69
63570,75
63571,78
63572,2
63573,67
63574,100
63575,37
63576,69
63577,48
63578,91
63579,7
63580,94
63581,84
63582,44
63583,28
63584,78
63585,48
63586,23
63587,20
63588,22
63589,94
63590,97
63591,27
63592,31
63593,21
63594,61
63595,66
63596,72
63597,5
63598,64
63599,21
63600,50
63601,67
63602,56
63603,71
63604,54
63605,100
63606,41
63607,51
63608,60
63609,18
63610,0
63611,40
63612,62
63613,87
63614,47
63615,80
63616,31
63617,49
63618,13
63619,16
63620,95
63621,96
63622,29
63623,50
63624,97
63625,91
63626,61
63627,23
63628,62
63629,13
63630,33
63631,58
63632,64
63633,85
63634,32
63635,57
63636,17
63637,11
63638,73
63639,65
63640,1
63641,69
63642,83
63643,27
63644,41
63645,2
63646,47
63647,100
63648,100
63649,88
63650,86
63651,12
63652,56
63653,87
63654,2
63655,62
63656,37
63657,58
63658,27
63659,25
63660,83
63661,90
63662,64
63663,73
63664,73
63665,60
63666,56
63667,0
63668,31
63669,31
63670,26
63671,12
63672,16
63673,27
63674,88
63675,51
63676,35
63677,46
63678,65
63679,31
63680,31
63681,69
63682,94
63683,54
63684,72
63685,79
63686,88
63687,39
63688,27
63689,80
63690,30
63691,86
63692,30
63693,25
63694,3
63695,57
63696,78
63697,100
63698,22
63699,68
63700,59
63701,42
63702,88
63703,93
63704,25
63705,66
63706,67
63707,54
63708,46
63709,81
63710,58
63711,100
63712,74
63713,74
63714,99
63715,15
63716,57
63717,88
63718,0
63719,89
63720,44
63721,93
63722,5
63723,90
63724,51
63725,18
63726,42
63727,18
63728,38
63729,31
63730,64
63731,88
63732,46
63733,12
63734,73
63735,81
63736,35
63737,85
63738,69
63739,26
63740,71
63741,23
63742,19
63743,85
63744,8
63745,38
63746,82
63747,0
63748,10
63749,73
63750,0
63751,90
63752,80
63753,43
63754,50
63755,16
63756,65
63757,22
63758,40
63759,58
63760,73
63761,93
63762,98
63763,24
63764,16
63765,18
63766,81
63767,81
63768,45
63769,34
63770,73
63771,22
63772,85
63773,43
63774,8
63775,31
63776,89
63777,92
63778,58
63779,41
63780,61
63781,18
63782,92
63783,34
63784,75
63785,7
63786,88
63787,90
63788,42
63789,44
63790,5
63791,12
63792,10
63793,69
63794,68
63795,6
63796,54
63797,54
63798,18
63799,5
63800,88
63801,8
63802,19
63803,24
63804,49
63805,71
63806,49
63807,100
63808,37
63809,65
63810,56
63811,21
63812,55
63813,35
63814,50
63815,67
63816,0
63817,47
63818,32
63819,23
63820,48
63821,68
63822,57
63823,47
63824,56
63825,63
63826,98
63827,52
63828,59
63829,89
63830,42
63831,40
63832,25
63833,58
63834,48
63835,63
63836,4
63837,43
63838,17
63839,56
63840,88
63841,39
63842,45
63843,57
63844,84
63845,23
63846,27
63847,45
63848,67
63849,71
63850,53
63851,32
63852,66
63853,83
63854,34
63855,38
63856,46
63857,70
63858,90
63859,4
63860,36
63861,0
63862,85
63863,55
63864,6
63865,63
63866,7
63867,93
63868,63
63869,56
63870,27
63871,25
63872,33
63873,95
63874,21
63875,19
63876,13
63877,22
63878,66
63879,18
63880,77
63881,38
63882,36
63883,98
63884,0
63885,18
63886,14
63887,88
63888,0
63889,30
63890,100
63891,51
63892,42
63893,45
63894,85
63895,49
63896,19
63897,61
63898,42
63899,4
63900,78
63901,65
63902,11
63903,56
63904,59
63905,54
63906,70
63907,65
63908,71
63909,72
63910,26
63911,27
63912,36
63913,78
63914,18
63915,93
63916,50
63917,12
63918,44
63919,5
63920,93
63921,0
63922,24
63923,98
63924,25
63925,12
63926,18
63927,9
63928,44
63929,70
63930,14
63931,86
63932,99
63933,30
63934,7
63935,29
63936,97
63937,96
63938,0
63939,15
63940,10
63941,26
63942,85
63943,39
63944,82
63945,43
63946,69
63947,56
63948,47
63949,39
63950,38
63951,83
63952,2
63953,54
63954,0
63955,22
63956,66
63957,61
63958,33
63959,16
63960,47
63961,90
63962,52
63963,60
63964,86
63965,10
63966,14
63967,89
63968,10
63969,6
63970,46
63971,7
63972,4
63973,80
63974,86
63975,65
63976,90
63977,62
63978,20
63979,70
63980,89
63981,93
63982,11
63983,10
63984,53
63985,80
63986,9
63987,15
63988,14
63989,57
63990,78
63991,83
63992,3
63993,95
63994,21
63995,34
63996,13
63997,93
63998,30
63999,73
64000,69
64001,90
64002,10
64003,35
64004,73
64005,79
64006,23
64007,84
64008,39
64009,99
64010,41
64011,86
64012,20
64013,95
64014,80
64015,50
64016,80
64017,54
64018,84
64019,3
64020,61
64021,86
64022,24
64023,95
64024,69
64025,13
64026,40
64027,56
64028,37
64029,61
64030,40
64031,44
64032,79
64033,95
64034,15
64035,18
64036,36
64037,84
64038,78
64039,60
64040,25
64041,93
64042,78
64043,63
64044,12
64045,90
64046,86
64047,33
64048,97
64049,22
64050,19
64051,53
64052,72
64053,57
64054,58
64055,19
64056,38
64057,77
64058,89
64059,90
64060,97
64061,92
64062,31
64063,40
64064,68
64065,67
64066,86
64067,20
64068,96
64069,23
64070,15
64071,31
64072,82
64073,25
64074,2
64075,98
64076,81
64077,6
64078,95
64079,87
64080,15
64081,52
64082,87
64083,3
64084,44
64085,31
64086,97
64087,82
64088,77
64089,57
64090,12
64091,21
64092,94
64093,43
64094,43
64095,29
64096,22
64097,11
64098,13
64099,35
64100,44
64101,71
64102,23
64103,2
64104,77
64105,50
64106,74
64107,54
64108,37
64109,91
64110,86
64111,81
64112,19
64113,96
64114,1
64115,100
64116,25
64117,1
64118,66
64119,83
64120,73
64121,41
64122,84
64123,39
64124,8
64125,1
64126,27
64127,2
64128,15
64129,3
64130,22
64131,93
64132,76
64133,5
64134,73
64135,54
64136,80
64137,7
64138,72
64139,97
64140,80
64141,85
64142,63
64143,66
64144,40
64145,39
64146,92
64147,26
64148,38
64149,52
64150,39
64151,51
64152,36
64153,66
64154,18
64155,33
64156,77
64157,84
64158,65
64159,9
64160,51
64161,41
64162,59
64163,80
64164,1
64165,90
64166,0
64167,49
64168,35
64169,96
64170,21
64171,98
64172,97
64173,81
64174,35
64175,2
64176,43
64177,15
64178,10
64179,9
64180,50
64181,41
64182,84
64183,24
64184,98
64185,5
64186,43
64187,7
64188,33
64189,40
64190,0
64191,2
64192,51
64193,90
64194,76
64195,42
64196,46
64197,82
64198,18
64199,69
64200,46
64201,77
64202,4
64203,63
64204,44
64205,63
64206,44
64207,35
64208,8
64209,22
64210,31
64211,92
64212,44
64213,27
64214,51
64215,10
64216,18
64217,63
64218,64
64219,72
64220,56
64221,65
64222,3
64223,28
64224,3
64225,0
64226,91
64227,17
64228,12
64229,69
64230,48
64231,46
64232,85
64233,29
64234,26
64235,71
64236,27
64237,1
64238,19
64239,74
64240,77
64241,23
64242,76
64243,71
64244,43
64245,20
64246,21
64247,72
64248,57
64249,10
64250,79
64251,52
64252,8
64253,66
64254,99
64255,51
64256,12
64257,0
64258,43
64259,74
64260,23
64261,4
64262,65
64263,80
64264,80
64265,19
64266,63
64267,14
64268,67
64269,53
64270,10
64271,22
64272,0
64273,41
64274,46
64275,67
64276,37
64277,1
64278,44
64279,26
64280,97
64281,76
64282,60
64283,81
64284,10
64285,68
64286,28
64287,24
64288,77
64289,53
64290,47
64291,45
64292,40
64293,40
64294,60
64295,100
64296,10
64297,43
64298,31
64299,48
64300,5
64301,56
64302,5
64303,46
64304,62
64305,48
64306,21
64307,66
64308,18
64309,54
64310,33
64311,40
64312,6
64313,56
64314,15
64315,58
64316,37
64317,8
64318,76
64319,33
64320,45
64321,36
64322,42
64323,46
64324,5
64325,37
64326,60
64327,3
64328,4
64329,69
64330,59
64331,76
64332,87
64333,91
64334,76
64335,55
64336,81
64337,58
64338,6
64339,67
64340,30
64341,87
64342,85
64343,84
64344,47
64345,41
64346,89
64347,29
64348,50
64349,34
64350,61
64351,50
64352,86
64353,49
64354,29
64355,18
64356,95
64357,49
64358,53
64359,82
64360,85
64361,3
64362,11
64363,14
64364,14
64365,9
64366,60
64367,18
64368,52
64369,71
64370,56
64371,94
64372,8
64373,28
64374,6
64375,71
64376,16
64377,78
64378,15
64379,70
64380,82
64381,37
64382,88
64383,75
64384,95
64385,46
64386,9
64387,23
64388,49
64389,67
64390,42
64391,36
64392,44
64393,53
64394,42
64395,67
64396,99
64397,36
64398,88
64399,40
64400,93
64401,0
64402,92
64403,15
64404,36
64405,36
64406,6
64407,39
64408,50
64409,63
64410,96
64411,21
64412,42
64413,61
64414,53
64415,26
64416,28
64417,15
64418,84
64419,10
64420,20
64421,8
64422,26
64423,85
64424,78
64425,22
64426,50
64427,92
64428,79
64429,2
64430,15
64431,7
64432,89
64433,41
64434,72
64435,34
64436,70
64437,71
64438,98
64439,47
64440,53
64441,35
64442,5
64443,70
64444,11
64445,58
64446,64
64447,49
64448,42
64449,42
64450,48
64451,88
64452,75
64453,54
64454,90
64455,86
64456,82
64457,84
64458,49
64459,20
64460,87
64461,12
64462,41
64463,99
64464,14
64465,49
64466,0
64467,50
64468,33
64469,41
64470,61
64471,94
64472,31
64473,99
64474,60
64475,92
64476,53
64477,73
64478,57
64479,84
64480,99
64481,23
64482,26
64483,20
64484,17
64485,54
64486,67
64487,46
64488,53
64489,17
64490,72
64491,63
64492,48
64493,93
64494,34
64495,93
64496,38
64497,57
64498,56
64499,5
64500,77
64501,92
64502,95
64503,77
64504,19
64505,49
64506,8
64507,75
64508,13
64509,22
64510,47
64511,97
64512,79
64513,81
64514,55
64515,39
64516,96
64517,68
64518,38
64519,73
64520,85
64521,42
64522,96
64523,30
64524,69
64525,99
64526,2
64527,3
64528,26
64529,88
64530,100
64531,26
64532,99
64533,46
64534,59
64535,35
64536,45
64537,60
64538,41
64539,6
64540,29
64541,49
64542,46
64543,92
64544,39
64545,4
64546,69
64547,57
64548,43
64549,70
64550,31
64551,78
64552,76
64553,81
64554,73
64555,39
64556,56
64557,10
64558,39
64559,46
64560,1
64561,90
64562,51
64563,71
64564,48
64565,58
64566,37
64567,15
64568,87
64569,86
64570,77
64571,26
64572,73
64573,27
64574,88
64575,65
64576,44
64577,32
64578,59
64579,49
64580,45
64581,34
64582,40
64583,57
64584,76
64585,54
64586,4
64587,4
64588,21
64589,33
64590,64
64591,58
64592,16
64593,50
64594,48
64595,8
64596,73
64597,14
64598,28
64599,52
64600,24
64601,84
64602,80
64603,90
64604,27
64605,22
64606,99
64607,2
64608,32
64609,70
64610,68
64611,89
64612,16
64613,80
64614,66
64615,66
64616,33
64617,7
64618,44
64619,59
64620,55
64621,69
64622,100
64623,21
64624,32
64625,49
64626,70
64627,82
64628,45
64629,51
64630,73
64631,86
64632,65
64633,20
64634,23
64635,47
64636,12
64637,63
64638,4
64639,17
64640,74
64641,36
64642,53
64643,31
64644,27
64645,85
64646,44
64647,27
64648,64
64649,69
64650,74
64651,41
64652,32
64653,15
64654,12
64655,20
64656,58
64657,46
64658,38
64659,87
64660,42
64661,26
64662,36
64663,2
64664,75
64665,6
64666,57
64667,19
64668,78
64669,64
64670,73
64671,13
64672,78
64673,97
64674,48
64675,88
64676,94
64677,73
64678,36
64679,5
64680,5
64681,27
64682,77
64683,12
64684,12
64685,9
64686,79
64687,38
64688,98
64689,78
64690,22
64691,36
64692,7
64693,89
64694,59
64695,85
64696,4
64697,97
64698,26
64699,18
64700,42
64701,42
64702,34
64703,83
64704,54
64705,60
64706,46
64707,76
64708,55
64709,81
64710,17
64711,64
64712,95
64713,52
64714,88
64715,84
64716,90
64717,10
64718,0
64719,82
64720,95
64721,7
64722,18
64723,54
64724,15
64725,98
64726,65
64727,11
64728,92
64729,73
64730,61
64731,85
64732,97
64733,57
64734,20
64735,36
64736,4
64737,69
64738,31
64739,66
64740,9
64741,68
64742,87
64743,83
64744,61
64745,36
64746,94
64747,46
64748,80
64749,48
64750,23
64751,81
64752,25
64753,54
64754,6
64755,77
64756,40
64757,1
64758,29
64759,80
64760,19
64761,55
64762,73
64763,23
64764,11
64765,90
64766,14
64767,72
64768,81
64769,47
64770,60
64771,70
64772,27
64773,99
64774,2
64775,15
64776,35
64777,3
64778,98
64779,8
64780,11
64781,73
64782,43
64783,65
64784,18
64785,12
64786,54
64787,96
64788,64
64789,91
64790,69
64791,2
64792,24
64793,51
64794,15
64795,42
64796,55
64797,67
64798,7
64799,79
64800,43
64801,37
64802,22
64803,5
64804,42
64805,43
64806,79
64807,79
64808,22
64809,15
64810,99
64811,75
64812,100
64813,8
64814,81
64815,8
64816,84
64817,57
64818,64
64819,58
64820,22
64821,68
64822,18
64823,34
64824,96
64825,54
64826,81
64827,39
64828,13
64829,83
64830,12
64831,52
64832,79
64833,94
64834,38
64835,98
64836,83
64837,64
64838,55
64839,39
64840,45
64841,76
64842,6
64843,44
64844,21
64845,6
64846,83
64847,51
64848,100
64849,99
64850,67
64851,69
64852,66
64853,2
64854,57
64855,66
64856,99
64857,53
64858,8
64859,53
64860,79
64861,50
64862,15
64863,11
64864,19
64865,52
64866,30
64867,93
64868,20
64869,2
64870,20
64871,91
64872,27
64873,4
64874,70
64875,68
64876,72
64877,46
64878,84
64879,19
64880,37
64881,36
64882,57
64883,16
64884,41
64885,91
64886,94
64887,96
64888,31
64889,61
64890,95
64891,86
64892,20
64893,88
64894,32
64895,66
64896,5
64897,91
64898,65
64899,31
64900,63
64901,25
64902,61
64903,4
64904,10
64905,73
64906,78
64907,81
64908,48
64909,77
64910,91
64911,93
64912,61
64913,59
64914,76
64915,83
64916,1
64917,88
64918,58
64919,75
64920,24
64921,67
64922,41
64923,75
64924,70
64925,54
64926,37
64927,95
64928,42
64929,69
64930,52
64931,90
64932,98
64933,20
64934,19
64935,18
64936,32
64937,62
64938,67
64939,59
64940,18
64941,27
64942,21
64943,50
64944,87
64945,62
64946,61
64947,93
64948,28
64949,73
64950,31
64951,72
64952,24
64953,15
64954,14
64955,58
64956,47
64957,17
64958,22
64959,54
64960,41
64961,2
64962,70
64963,51
64964,10
64965,54
64966,87
64967,98
64968,24
64969,91
64970,75
64971,86
64972,80
64973,40
64974,36
64975,81
64976,54
64977,8
64978,98
64979,35
64980,56
64981,62
64982,81
64983,19
64984,84
64985,46
64986,19
64987,5
64988,72
64989,92
64990,28
64991,76
64992,99
64993,90
64994,48
64995,5
64996,38
64997,31
64998,48
64999,42
65000,27
65001,44
65002,64
65003,49
65004,53
65005,50
65006,42
65007,63
65008,94
65009,29
65010,81
65011,92
65012,41
65013,37
65014,86
65015,85
65016,65
65017,68
65018,14
65019,60
65020,95
65021,5
65022,77
65023,23
65024,84
65025,13
65026,11
65027,54
65028,67
65029,43
65030,84
65031,80
65032,92
65033,50
65034,79
65035,81
65036,37
65037,40
65038,43
65039,74
65040,95
65041,91
65042,15
65043,97
65044,49
65045,93
65046,37
65047,85
65048,4
65049,8
65050,76
65051,38
65052,86
65053,26
65054,31
65055,63
65056,94
65057,32
65058,89
65059,17
65060,75
65061,66
65062,4
65063,77
65064,58
65065,75
65066,3
65067,15
65068,74
65069,99
65070,47
65071,65
65072,76
65073,7
65074,43
65075,20
65076,25
65077,34
65078,14
65079,39
65080,29
65081,65
65082,79
65083,12
65084,0
65085,42
65086,27
65087,0
65088,39
65089,33
65090,12
65091,60
65092,65
65093,3
65094,88
65095,97
65096,12
65097,35
65098,95
65099,60
65100,57
65101,84
65102,89
65103,14
65104,92
65105,89
65106,84
65107,11
65108,75
65109,68
65110,60
65111,41
65112,89
65113,31
65114,1
65115,7
65116,90
65117,100
65118,53
65119,7
65120,87
65121,12
65122,28
65123,12
65124,57
65125,62
65126,86
65127,46
65128,78
65129,87
65130,86
65131,73
65132,37
65133,68
65134,68
65135,94
65136,39
65137,0
65138,1
65139,28
65140,6
65141,92
65142,56
65143,54
65144,72
65145,35
65146,6
65147,91
65148,9
65149,79
65150,73
65151,38
65152,57
65153,89
65154,97
65155,97
65156,39
65157,13
65158,81
65159,0
65160,16
65161,48
65162,85
65163,100
65164,15
65165,6
65166,14
65167,20
65168,65
65169,58
65170,47
65171,88
65172,72
65173,83
65174,49
65175,9
65176,51
65177,84
65178,67
65179,29
65180,33
65181,93
65182,77
65183,85
65184,64
65185,59
65186,7
65187,74
65188,64
65189,68
65190,56
65191,44
65192,48
65193,73
65194,61
65195,38
65196,76
65197,20
65198,99
65199,52
65200,44
65201,96
65202,27
65203,52
65204,8
65205,74
65206,92
65207,70
65208,60
65209,26
65210,21
65211,94
65212,29
65213,91
65214,83
65215,14
65216,14
65217,52
65218,75
65219,80
65220,22
65221,69
65222,15
65223,90
65224,86
65225,64
65226,44
65227,6
65228,44
65229,38
65230,49
65231,48
65232,47
65233,48
65234,39
65235,38
65236,56
65237,81
65238,62
65239,99
65240,55
65241,85
65242,1
65243,25
65244,95
65245,22
65246,17
65247,82
65248,87
65249,67
65250,59
65251,1
65252,93
65253,48
65254,37
65255,30
65256,39
65257,79
65258,52
65259,63
65260,32
65261,57
65262,49
65263,63
65264,2
65265,60
65266,81
65267,9
65268,65
65269,50
65270,93
65271,29
65272,24
65273,42
65274,87
65275,63
65276,58
65277,61
65278,98
65279,9
65280,63
65281,93
65282,59
65283,89
65284,98
65285,87
65286,19
65287,48
65288,98
65289,73
65290,26
65291,50
65292,56
65293,78
65294,78
65295,36
65296,98
65297,2
65298,28
65299,67
65300,46
65301,79
65302,68
65303,20
65304,41
65305,20
65306,1
65307,77
65308,68
65309,6
65310,74
65311,34
65312,29
65313,43
65314,45
65315,54
65316,0
65317,53
65318,79
65319,0
65320,62
65321,54
65322,85
65323,76
65324,26
65325,14
65326,80
65327,8
65328,68
65329,58
65330,22
65331,10
65332,23
65333,71
65334,97
65335,53
65336,30
65337,21
65338,13
65339,4
65340,16
65341,81
65342,82
65343,70
65344,89
65345,88
65346,81
65347,43
65348,78
65349,92
65350,48
65351,64
65352,3
65353,8
65354,35
65355,50
65356,31
65357,87
65358,100
65359,17
65360,14
65361,19
65362,57
65363,39
65364,65
65365,88
65366,12
65367,90
65368,12
65369,61
65370,27
65371,45
65372,14
65373,92
65374,84
65375,43
65376,94
65377,22
65378,100
65379,66
65380,98
65381,77
65382,65
65383,49
65384,12
65385,1
65386,75
65387,90
65388,33
65389,39
65390,68
65391,60
65392,24
65393,74
65394,76
65395,62
65396,27
65397,84
65398,55
65399,25
65400,26
65401,25
65402,14
65403,49
65404,5
65405,67
65406,3
65407,29
65408,76
65409,8
65410,41
65411,13
65412,91
65413,39
65414,2
65415,40
65416,92
65417,32
65418,78
65419,59
65420,63
65421,61
65422,78
65423,6
65424,75
65425,49
65426,38
65427,70
65428,46
65429,69
65430,25
65431,57
65432,72
65433,50
65434,87
65435,51
65436,93
65437,15
65438,47
65439,26
65440,32
65441,22
65442,44
65443,82
65444,99
65445,82
65446,21
65447,41
65448,32
65449,9
65450,46
65451,95
65452,78
65453,38
65454,45
65455,71
65456,50
65457,24
65458,81
65459,14
65460,57
65461,58
65462,25
65463,40
65464,43
65465,84
65466,21
65467,97
65468,36
65469,100
65470,13
65471,3
65472,23
65473,65
65474,62
65475,64
65476,65
65477,12
65478,26
65479,80
65480,16
65481,68
65482,87
65483,56
65484,71
65485,72
65486,17
65487,15
65488,50
65489,95
65490,39
65491,38
65492,55
65493,53
65494,43
65495,45
65496,31
65497,47
65498,60
65499,65
65500,37
65501,42
65502,3
65503,4
65504,100
65505,57
65506,36
65507,25
65508,8
65509,14
65510,87
65511,87
65512,98
65513,88
65514,25
65515,62
65516,86
65517,69
65518,26
65519,53
65520,82
65521,30
65522,31
65523,1
65524,17
65525,27
65526,70
65527,86
65528,99
65529,87
65530,91
65531,24
65532,38
65533,48
65534,3
65535,51
65536,82
65537,67
65538,56
65539,12
65540,64
65541,62
65542,97
65543,70
65544,24
65545,22
65546,29
65547,60
65548,6
65549,53
65550,16
65551,96
65552,59
65553,65
65554,37
65555,12
65556,51
65557,51
65558,31
65559,85
65560,8
65561,16
65562,81
65563,39
65564,90
65565,74
65566,53
65567,53
65568,27
65569,71
65570,49
65571,17
65572,12
65573,32
65574,14
65575,85
65576,37
65577,93
65578,5
65579,44
65580,58
65581,97
65582,82
65583,96
65584,77
65585,47
65586,40
65587,82
65588,78
65589,73
65590,54
65591,60
65592,1
65593,1
65594,84
65595,75
65596,9
65597,75
65598,38
65599,1
65600,64
65601,65
65602,86
65603,91
65604,80
65605,51
65606,84
65607,43
65608,33
65609,72
65610,80
65611,44
65612,31
65613,4
65614,77
65615,88
65616,85
65617,62
65618,68
65619,53
65620,37
65621,8
65622,60
65623,94
65624,20
65625,35
65626,0
65627,21
65628,86
65629,86
65630,14
65631,45
65632,64
65633,5
65634,39
65635,34
65636,80
65637,60
65638,22
65639,19
65640,27
65641,36
65642,81
65643,6
65644,48
65645,83
65646,23
65647,79
65648,12
65649,91
65650,6
65651,14
65652,86
65653,22
65654,94
65655,68
65656,90
65657,59
65658,9
65659,50
65660,63
65661,70
65662,55
65663,31
65664,22
65665,53
65666,72
65667,92
65668,90
65669,84
65670,69
65671,89
65672,83
65673,60
65674,78
65675,19
65676,52
65677,14
65678,28
65679,69
65680,79
65681,64
65682,61
65683,69
65684,15
65685,53
65686,96
65687,6
65688,59
65689,9
65690,52
65691,7
65692,84
65693,89
65694,36
65695,81
65696,3
65697,83
65698,82
65699,96
65700,22
65701,8
65702,37
65703,44
65704,44
65705,17
65706,45
65707,1
65708,47
65709,16
65710,15
65711,44
65712,47
65713,23
65714,94
65715,64
65716,91
65717,32
65718,100
65719,3
65720,0
65721,32
65722,73
65723,61
65724,2
65725,100
65726,44
65727,20
65728,63
65729,72
65730,56
65731,39
65732,61
65733,42
65734,87
65735,45
65736,71
65737,23
65738,23
65739,9
65740,98
65741,67
65742,56
65743,43
65744,72
65745,74
65746,47
65747,76
65748,26
65749,29
65750,45
65751,11
65752,59
65753,18
65754,67
65755,53
65756,33
65757,86
65758,89
65759,6
65760,81
65761,41
65762,67
65763,52
65764,7
65765,21
65766,25
65767,76
65768,62
65769,45
65770,80
65771,43
65772,61
65773,35
65774,40
65775,78
65776,81
65777,26
65778,69
65779,97
65780,40
65781,4
65782,56
65783,75
65784,28
65785,100
65786,11
65787,24
65788,33
65789,74
65790,86
65791,23
65792,81
65793,62
65794,62
65795,9
65796,4
65797,94
65798,88
65799,52
65800,80
65801,27
65802,64
65803,44
65804,65
65805,48
65806,39
65807,65
65808,90
65809,7
65810,26
65811,100
65812,16
65813,67
65814,43
65815,30
65816,4
65817,59
65818,88
65819,91
65820,18
65821,100
65822,41
65823,22
65824,99
65825,76
65826,16
65827,93
65828,57
65829,86
65830,48
65831,2
65832,76
65833,95
65834,44
65835,34
65836,1
65837,46
65838,2
65839,28
65840,73
65841,19
65842,33
65843,78
65844,39
65845,64
65846,89
65847,62
65848,55
65849,31
65850,65
65851,95
65852,40
65853,28
65854,83
65855,86
65856,50
65857,11
65858,43
65859,9
65860,82
65861,73
65862,82
65863,89
65864,87
65865,8
65866,28
65867,28
65868,100
65869,91
65870,60
65871,63
65872,2
65873,86
65874,3
65875,54
65876,13
65877,76
65878,27
65879,62
65880,38
65881,63
65882,59
65883,19
65884,27
65885,95
65886,13
65887,76
65888,74
65889,57
65890,38
65891,57
65892,14
65893,72
65894,2
65895,4
65896,91
65897,41
65898,14
65899,2
65900,34
65901,6
65902,93
65903,23
65904,30
65905,77
65906,79
65907,3
65908,2
65909,98
65910,8
65911,67
65912,82
65913,87
65914,59
65915,10
65916,78
65917,35
65918,94
65919,71
65920,1
65921,49
65922,2
65923,66
65924,84
65925,61
65926,75
65927,13
65928,22
65929,76
65930,15
65931,80
65932,17
65933,12
65934,55
65935,89
65936,44
65937,39
65938,30
65939,80
65940,31
65941,0
65942,34
65943,35
65944,82
65945,91
65946,65
65947,28
65948,42
65949,28
65950,42
65951,18
65952,63
65953,91
65954,97
65955,30
65956,100
65957,18
65958,95
65959,28
65960,72
65961,6
65962,57
65963,75
65964,59
65965,50
65966,94
65967,81
65968,91
65969,49
65970,20
65971,8
65972,33
65973,33
65974,46
65975,23
65976,79
65977,27
65978,45
65979,50
65980,98
65981,5
65982,62
65983,52
65984,63
65985,51
65986,59
65987,40
65988,10
65989,3
65990,13
65991,12
65992,14
65993,7
65994,87
65995,10
65996,98
65997,88
65998,22
65999,6
66000,68
66001,31
66002,91
66003,43
66004,2
66005,93
66006,43
66007,68
66008,50
66009,60
66010,50
66011,32
66012,19
66013,29
66014,43
66015,85
66016,85
66017,28
66018,20
66019,81
66020,52
66021,10
66022,9
66023,34
66024,25
66025,43
66026,3
66027,73
66028,56
66029,38
66030,79
66031,40
66032,93
66033,66
66034,97
66035,88
66036,35
66037,3
66038,73
66039,12
66040,69
66041,6
66042,27
66043,58
66044,36
66045,14
66046,29
66047,73
66048,11
66049,80
66050,29
66051,0
66052,35
66053,87
66054,20
66055,31
66056,62
66057,81
66058,12
66059,36
66060,43
66061,20
66062,17
66063,45
66064,46
66065,25
66066,4
66067,4
66068,30
66069,27
66070,76
66071,74
66072,64
66073,87
66074,12
66075,17
66076,23
66077,28
66078,27
66079,44
66080,85
66081,83
66082,10
66083,50
66084,58
66085,83
66086,12
66087,46
66088,87
66089,42
66090,23
66091,47
66092,62
66093,16
66094,68
66095,53
66096,93
66097,13
66098,14
66099,72
66100,77
66101,9
66102,21
66103,94
66104,12
66105,80
66106,64
66107,13
66108,43
66109,38
66110,34
66111,64
66112,26
66113,44
66114,56
66115,21
66116,33
66117,8
66118,49
66119,53
66120,57
66121,99
66122,95
66123,61
66124,37
66125,83
66126,26
66127,63
66128,2
66129,10
66130,23
66131,28
66132,68
66133,96
66134,7
66135,18
66136,67
66137,98
66138,93
66139,68
66140,47
66141,39
66142,66
66143,15
66144,63
66145,7
66146,4
66147,98
66148,71
66149,99
66150,24
66151,52
66152,48
66153,71
66154,20
66155,50
66156,45
66157,8
66158,63
66159,95
66160,76
66161,22
66162,59
66163,58
66164,7
66165,63
66166,98
66167,53
66168,91
66169,14
66170,51
66171,92
66172,50
66173,3
66174,33
66175,100
66176,23
66177,20
66178,1
66179,6
66180,55
66181,74
66182,75
66183,67
66184,34
66185,25
66186,17
66187,63
66188,55
66189,100
66190,79
66191,54
66192,11
66193,36
66194,51
66195,18
66196,14
66197,85
66198,83
66199,51
66200,76
66201,86
66202,94
66203,25
66204,44
66205,95
66206,20
66207,80
66208,92
66209,52
66210,28
66211,47
66212,85
66213,18
66214,53
66215,77
66216,86
66217,1
66218,31
66219,61
66220,96
66221,6
66222,97
66223,67
66224,86
66225,83
66226,21
66227,28
66228,100
66229,2
66230,21
66231,83
66232,88
66233,97
66234,52
66235,92
66236,56
66237,9
66238,100
66239,39
66240,19
66241,86
66242,10
66243,7
66244,92
66245,35
66246,24
66247,38
66248,97
66249,95
66250,61
66251,86
66252,20
66253,18
66254,24
66255,86
66256,82
66257,4
66258,82
66259,98
66260,11
66261,24
66262,4
66263,75
66264,26
66265,3
66266,82
66267,44
66268,46
66269,87
66270,27
66271,96
66272,34
66273,15
66274,11
66275,79
66276,74
66277,42
66278,27
66279,86
66280,80
66281,18
66282,74
66283,67
66284,73
66285,54
66286,82
66287,35
66288,61
66289,38
66290,40
66291,59
66292,85
66293,65
66294,58
66295,96
66296,39
66297,90
66298,18
66299,54
66300,45
66301,3
66302,82
66303,61
66304,24
66305,62
66306,69
66307,12
66308,85
66309,3
66310,1
66311,66
66312,29
66313,3
66314,47
66315,42
66316,92
66317,44
66318,96
66319,12
66320,46
66321,95
66322,27
66323,36
66324,27
66325,26
66326,88
66327,29
66328,5
66329,93
66330,8
66331,5
66332,28
66333,86
66334,69
66335,85
66336,65
66337,94
66338,52
66339,69
66340,4
66341,19
66342,11
66343,7
66344,57
66345,48
66346,63
66347,49
66348,96
66349,38
66350,39
66351,30
66352,2
66353,82
66354,71
66355,29
66356,94
66357,28
66358,69
66359,55
66360,65
66361,86
66362,62
66363,29
66364,52
66365,45
66366,8
66367,6
66368,62
66369,46
66370,43
66371,48
66372,78
66373,78
66374,84
66375,61
66376,58
66377,77
66378,74
66379,74
66380,83
66381,12
66382,29
66383,83
66384,42
66385,50
66386,7
66387,36
66388,96
66389,89
66390,63
66391,38
66392,7
66393,61
66394,81
66395,38
66396,13
66397,51
66398,81
66399,56
66400,20
66401,22
66402,3
66403,73
66404,42
66405,10
66406,83
66407,18
66408,64
66409,94
66410,1
66411,48
66412,68
66413,33
66414,3
66415,90
66416,38
66417,48
66418,2
66419,25
66420,40
66421,64
66422,15
66423,57
66424,34
66425,82
66426,15
66427,32
66428,30
66429,21
66430,60
66431,83
66432,63
66433,69
66434,34
66435,38
66436,2
66437,95
66438,12
66439,13
66440,40
66441,7
66442,18
66443,13
66444,74
66445,49
66446,98
66447,60
66448,35
66449,66
66450,88
66451,76
66452,79
66453,91
66454,44
66455,90
66456,73
66457,81
66458,71
66459,6
66460,21
66461,8
66462,59
66463,41
66464,58
66465,39
66466,28
66467,54
66468,63
66469,100
66470,41
66471,28
66472,91
66473,20
66474,96
66475,62
66476,62
66477,89
66478,37
66479,78
66480,65
66481,11
66482,32
66483,78
66484,0
66485,96
66486,67
66487,27
66488,61
66489,77
66490,58
66491,48
66492,44
66493,75
66494,5
66495,19
66496,84
66497,15
66498,11
66499,51
66500,19
66501,57
66502,44
66503,96
66504,1
66505,33
66506,25
66507,32
66508,41
66509,93
66510,64
66511,7
66512,64
66513,9
66514,31
66515,50
66516,56
66517,39
66518,65
66519,30
66520,62
66521,67
66522,55
66523,11
66524,30
66525,22
66526,32
66527,7
66528,61
66529,79
66530,14
66531,40
66532,51
66533,25
66534,77
66535,11
66536,26
66537,94
66538,67
66539,29
66540,3
66541,53
66542,94
66543,33
66544,67
66545,83
66546,55
66547,17
66548,46
66549,71
66550,59
66551,58
66552,1
66553,72
66554,15
66555,85
66556,57
66557,11
66558,4
66559,38
66560,14
66561,71
66562,87
66563,18
66564,100
66565,81
66566,84
66567,48
66568,38
66569,77
66570,14
66571,54
66572,66
66573,55
66574,44
66575,74
66576,56
66577,66
66578,93
66579,5
66580,69
66581,30
66582,21
66583,84
66584,37
66585,57
66586,69
66587,28
66588,55
66589,10
66590,47
66591,85
66592,59
66593,50
66594,38
66595,5
66596,29
66597,88
66598,99
66599,0
66600,85
66601,8
66602,44
66603,7
66604,33
66605,79
66606,82
66607,7
66608,11
66609,42
66610,55
66611,30
66612,41
66613,32
66614,18
66615,90
66616,87
66617,91
66618,54
66619,3
66620,11
66621,86
66622,83
66623,27
66624,57
66625,47
66626,0
66627,74
66628,43
66629,62
66630,94
66631,37
66632,8
66633,5
66634,69
66635,51
66636,66
66637,95
66638,98
66639,15
66640,1
66641,35
66642,70
66643,34
66644,29
66645,44
66646,45
66647,92
66648,64
66649,0
66650,56
66651,70
66652,66
66653,99
66654,30
66655,24
66656,46
66657,55
66658,87
66659,0
66660,94
66661,36
66662,74
66663,66
66664,11
66665,19
66666,29
66667,73
66668,63
66669,78
66670,84
66671,63
66672,17
66673,31
66674,18
66675,93
66676,32
66677,61
66678,21
66679,28
66680,87
66681,3
66682,49
66683,75
66684,99
66685,3
66686,4
66687,82
66688,38
66689,56
66690,30
66691,6
66692,11
66693,9
66694,28
66695,84
66696,12
66697,86
66698,69
66699,30
66700,8
66701,50
66702,87
66703,15
66704,58
66705,57
66706,10
66707,35
66708,0
66709,20
66710,43
66711,99
66712,36
66713,5
66714,13
66715,92
66716,0
66717,7
66718,43
66719,82
66720,86
66721,74
66722,26
66723,35
66724,41
66725,19
66726,7
66727,45
66728,99
66729,51
66730,25
66731,34
66732,59
66733,2
66734,3
66735,92
66736,61
66737,63
66738,49
66739,91
66740,18
66741,42
66742,91
66743,81
66744,13
66745,13
66746,53
66747,28
66748,2
66749,97
66750,72
66751,4
66752,92
66753,4
66754,44
66755,63
66756,63
66757,42
66758,42
66759,50
66760,12
66761,89
66762,72
66763,67
66764,94
66765,68
66766,6
66767,91
66768,77
66769,87
66770,41
66771,4
66772,46
66773,47
66774,97
66775,91
66776,46
66777,7
66778,20
66779,87
66780,23
66781,12
66782,14
66783,88
66784,52
66785,91
66786,71
66787,30
66788,70
66789,50
66790,46
66791,38
66792,80
66793,56
66794,49
66795,56
66796,34
66797,85
66798,6
66799,52
66800,9
66801,91
66802,38
66803,57
66804,92
66805,34
66806,58
66807,21
66808,8
66809,99
66810,7
66811,93
66812,93
66813,57
66814,94
66815,21
66816,94
66817,39
66818,27
66819,45
66820,68
66821,80
66822,51
66823,10
66824,21
66825,46
66826,88
66827,12
66828,99
66829,44
66830,74
66831,68
66832,77
66833,21
66834,66
66835,34
66836,31
66837,37
66838,57
66839,39
66840,87
66841,91
66842,20
66843,48
66844,96
66845,91
66846,38
66847,60
66848,99
66849,9
66850,100
66851,39
66852,57
66853,88
66854,44
66855,16
66856,67
66857,9
66858,61
66859,88
66860,31
66861,71
66862,41
66863,44
66864,75
66865,20
66866,26
66867,29
66868,73
66869,84
66870,0
66871,8
66872,2
66873,52
66874,41
66875,18
66876,5
66877,6
66878,42
66879,79
66880,35
66881,67
66882,81
66883,95
66884,95
66885,81
66886,38
66887,42
66888,36
66889,27
66890,49
66891,38
66892,1
66893,36
66894,100
66895,65
66896,18
66897,68
66898,43
66899,12
66900,21
66901,6
66902,1
66903,61
66904,77
66905,88
66906,89
66907,4
66908,19
66909,53
66910,75
66911,62
66912,35
66913,94
66914,80
66915,15
66916,56
66917,63
66918,9
66919,98
66920,96
66921,98
66922,50
66923,26
66924,6
66925,90
66926,40
66927,75
66928,96
66929,12
66930,65
66931,2
66932,10
66933,4
66934,59
66935,1
66936,91
66937,76
66938,98
66939,63
66940,12
66941,53
66942,11
66943,17
66944,17
66945,16
66946,38
66947,85
66948,12
66949,44
66950,18
66951,87
66952,18
66953,20
66954,23
66955,29
66956,91
66957,47
66958,34
66959,58
66960,16
66961,47
66962,97
66963,54
66964,8
66965,76
66966,13
66967,25
66968,51
66969,84
66970,43
66971,83
66972,10
66973,50
66974,41
66975,61
66976,34
66977,63
66978,94
66979,17
66980,13
66981,48
66982,68
66983,16
66984,20
66985,13
66986,2
66987,30
66988,88
66989,46
66990,43
66991,16
66992,89
66993,80
66994,55
66995,82
66996,26
66997,70
66998,89
66999,68
67000,1
67001,79
67002,61
67003,74
67004,86
67005,98
67006,5
67007,100
67008,64
67009,96
67010,17
67011,54
67012,66
67013,56
67014,18
67015,73
67016,83
67017,10
67018,95
67019,83
67020,54
67021,95
67022,36
67023,85
67024,3
67025,12
67026,69
67027,92
67028,57
67029,1
67030,59
67031,88
67032,31
67033,62
67034,59
67035,25
67036,89
67037,21
67038,73
67039,86
67040,3
67041,15
67042,62
67043,41
67044,32
67045,12
67046,45
67047,12
67048,32
67049,13
67050,7
67051,89
67052,85
67053,45
67054,0
67055,58
67056,59
67057,48
67058,79
67059,92
67060,60
67061,22
67062,4
67063,84
67064,49
67065,35
67066,19
67067,42
67068,7
67069,89
67070,40
67071,24
67072,6
67073,85
67074,60
67075,32
67076,68
67077,37
67078,11
67079,43
67080,52
67081,13
67082,70
67083,91
67084,51
67085,51
67086,45
67087,79
67088,40
67089,1
67090,48
67091,94
67092,99
67093,77
67094,27
67095,31
67096,91
67097,75
67098,76
67099,21
67100,41
67101,28
67102,93
67103,78
67104,67
67105,32
67106,45
67107,8
67108,37
67109,79
67110,25
67111,42
67112,52
67113,26
67114,10
67115,25
67116,77
67117,56
67118,0
67119,10
67120,29
67121,87
67122,3
67123,85
67124,71
67125,79
67126,32
67127,32
67128,73
67129,65
67130,3
67131,86
67132,50
67133,26
67134,32
67135,96
67136,83
67137,76
67138,74
67139,82
67140,31
67141,66
67142,76
67143,27
67144,85
67145,56
67146,18
67147,30
67148,83
67149,52
67150,87
67151,31
67152,8
67153,50
67154,82
67155,22
67156,24
67157,96
67158,45
67159,43
67160,65
67161,66
67162,27
67163,100
67164,98
67165,77
67166,23
67167,55
67168,49
67169,100
67170,2
67171,22
67172,33
67173,8
67174,81
67175,58
67176,65
67177,21
67178,34
67179,30
67180,89
67181,77
67182,47
67183,52
67184,91
67185,74
67186,31
67187,84
67188,86
67189,87
67190,11
67191,61
67192,2
67193,5
67194,11
67195,52
67196,19
67197,5
67198,83
67199,13
67200,55
67201,40
67202,48
67203,64
67204,83
67205,85
67206,94
67207,30
67208,27
67209,11
67210,15
67211,96
67212,34
67213,43
67214,67
67215,9
67216,97
67217,2
67218,30
67219,51
67220,94
67221,64
67222,4
67223,4
67224,65
67225,14
67226,64
67227,20
67228,100
67229,70
67230,10
67231,89
67232,41
67233,65
67234,93
67235,60
67236,59
67237,13
67238,4
67239,30
67240,47
67241,31
67242,56
67243,33
67244,73
67245,94
67246,26
67247,81
67248,4
67249,16
67250,74
67251,68
67252,55
67253,37
67254,53
67255,47
67256,100
67257,84
67258,87
67259,93
67260,79
67261,48
67262,40
67263,21
67264,56
67265,65
67266,18
67267,100
67268,1
67269,74
67270,32
67271,72
67272,58
67273,88
67274,5
67275,10
67276,26
67277,71
67278,44
67279,30
67280,90
67281,62
67282,43
67283,40
67284,46
67285,68
67286,78
67287,1
67288,14
67289,94
67290,19
67291,2
67292,38
67293,73
67294,89
67295,9
67296,39
67297,12
67298,84
67299,97
67300,43
67301,31
67302,72
67303,29
67304,0
67305,52
67306,75
67307,43
67308,34
67309,87
67310,39
67311,44
67312,59
67313,62
67314,9
67315,46
67316,23
67317,56
67318,17
67319,56
67320,71
67321,45
67322,42
67323,76
67324,15
67325,13
67326,8
67327,72
67328,68
67329,60
67330,10
67331,18
67332,63
67333,37
67334,9
67335,15
67336,92
67337,68
67338,81
67339,41
67340,43
67341,52
67342,34
67343,35
67344,21
67345,23
67346,75
67347,11
67348,34
67349,49
67350,82
67351,100
67352,77
67353,86
67354,39
67355,21
67356,46
67357,74
67358,65
67359,9
67360,42
67361,68
67362,93
67363,84
67364,96
67365,24
67366,46
67367,6
67368,27
67369,79
67370,44
67371,100
67372,66
67373,82
67374,11
67375,82
67376,10
67377,2
67378,60
67379,65
67380,55
67381,25
67382,85
67383,80
67384,33
67385,54
67386,78
67387,75
67388,15
67389,79
67390,38
67391,5
67392,71
67393,51
67394,24
67395,55
67396,82
67397,18
67398,75
67399,72
67400,92
67401,26
67402,4
67403,25
67404,29
67405,77
67406,96
67407,34
67408,74
67409,52
67410,67
67411,32
67412,69
67413,27
67414,73
67415,35
67416,48
67417,89
67418,93
67419,85
67420,52
67421,68
67422,1
67423,96
67424,79
67425,70
67426,63
67427,20
67428,34
67429,45
67430,85
67431,47
67432,21
67433,5
67434,32
67435,38
67436,42
67437,24
67438,17
67439,40
67440,34
67441,23
67442,54
67443,39
67444,86
67445,96
67446,28
67447,9
67448,78
67449,9
67450,89
67451,63
67452,28
67453,97
67454,17
67455,1
67456,24
67457,84
67458,50
67459,94
67460,21
67461,8
67462,90
67463,88
67464,88
67465,90
67466,73
67467,93
67468,3
67469,20
67470,29
67471,32
67472,42
67473,89
67474,1
67475,86
67476,30
67477,3
67478,46
67479,83
67480,88
67481,44
67482,64
67483,65
67484,5
67485,6
67486,50
67487,67
67488,17
67489,40
67490,68
67491,24
67492,55
67493,0
67494,97
67495,54
67496,2
67497,53
67498,80
67499,31
67500,87
67501,1
67502,64
67503,97
67504,7
67505,57
67506,52
67507,43
67508,72
67509,27
67510,18
67511,55
67512,19
67513,70
67514,55
67515,34
67516,18
67517,80
67518,62
67519,81
67520,6
67521,26
67522,38
67523,29
67524,22
67525,83
67526,22
67527,89
67528,46
67529,77
67530,47
67531,94
67532,90
67533,62
67534,8
67535,22
67536,62
67537,73
67538,46
67539,86
67540,73
67541,65
67542,36
67543,37
67544,0
67545,47
67546,81
67547,34
67548,70
67549,85
67550,52
67551,24
67552,41
67553,22
67554,8
67555,26
67556,74
67557,50
67558,90
67559,91
67560,56
67561,81
67562,35
67563,33
67564,12
67565,54
67566,45
67567,51
67568,93
67569,27
67570,85
67571,87
67572,29
67573,44
67574,37
67575,19
67576,69
67577,96
67578,46
67579,58
67580,78
67581,78
67582,95
67583,13
67584,41
67585,60
67586,58
67587,7
67588,99
67589,56
67590,21
67591,83
67592,87
67593,20
67594,27
67595,48
67596,22
67597,87
67598,53
67599,22
67600,67
67601,45
67602,67
67603,93
67604,27
67605,94
67606,96
67607,49
67608,82
67609,62
67610,9
67611,88
67612,36
67613,12
67614,69
67615,29
67616,86
67617,99
67618,79
67619,71
67620,79
67621,10
67622,0
67623,85
67624,17
67625,99
67626,10
67627,83
67628,9
67629,47
67630,60
67631,9
67632,100
67633,59
67634,21
67635,74
67636,98
67637,8
67638,14
67639,82
67640,36
67641,69
67642,99
67643,43
67644,68
67645,2
67646,9
67647,76
67648,3
67649,55
67650,39
67651,32
67652,97
67653,99
67654,32
67655,59
67656,20
67657,68
67658,44
67659,56
67660,76
67661,39
67662,80
67663,63
67664,9
67665,73
67666,65
67667,84
67668,64
67669,29
67670,81
67671,34
67672,52
67673,38
67674,21
67675,66
67676,69
67677,99
67678,79
67679,66
67680,99
67681,74
67682,16
67683,18
67684,59
67685,71
67686,77
67687,89
67688,88
67689,50
67690,47
67691,56
67692,9
67693,31
67694,78
67695,67
67696,27
67697,3
67698,60
67699,76
67700,11
67701,14
67702,28
67703,86
67704,12
67705,37
67706,57
67707,34
67708,39
67709,75
67710,93
67711,4
67712,1
67713,29
67714,98
67715,9
67716,72
67717,80
67718,37
67719,58
67720,93
67721,34
67722,70
67723,11
67724,41
67725,97
67726,48
67727,66
67728,32
67729,12
67730,74
67731,19
67732,94
67733,32
67734,33
67735,49
67736,49
67737,8
67738,6
67739,8
67740,25
67741,1
67742,4
67743,65
67744,9
67745,30
67746,32
67747,5
67748,13
67749,77
67750,14
67751,96
67752,94
67753,80
67754,42
67755,78
67756,19
67757,20
67758,63
67759,28
67760,58
67761,72
67762,63
67763,92
67764,43
67765,33
67766,46
67767,8
67768,59
67769,29
67770,16
67771,51
67772,58
67773,3
67774,39
67775,95
67776,95
67777,6
67778,37
67779,31
67780,68
67781,66
67782,55
67783,19
67784,63
67785,16
67786,15
67787,10
67788,12
67789,17
67790,13
67791,33
67792,75
67793,85
67794,84
67795,25
67796,41
67797,60
67798,38
67799,1
67800,56
67801,49
67802,15
67803,61
67804,97
67805,10
67806,82
67807,62
67808,29
67809,53
67810,70
67811,26
67812,85
67813,63
67814,80
67815,78
67816,8
67817,75
67818,71
67819,1
67820,48
67821,47
67822,54
67823,79
67824,66
67825,30
67826,25
67827,65
67828,29
67829,76
67830,100
67831,77
67832,0
67833,95
67834,69
67835,21
67836,74
67837,86
67838,53
67839,13
67840,13
67841,83
67842,70
67843,18
67844,25
67845,58
67846,21
67847,5
67848,62
67849,76
67850,73
67851,53
67852,18
67853,94
67854,9
67855,36
67856,76
67857,16
67858,54
67859,4
67860,20
67861,38
67862,19
67863,70
67864,14
67865,78
67866,52
67867,86
67868,32
67869,43
67870,65
67871,49
67872,31
67873,78
67874,70
67875,72
67876,54
67877,27
67878,85
67879,2
67880,52
67881,41
67882,1
67883,21
67884,24
67885,88
67886,31
67887,6
67888,61
67889,30
67890,62
67891,36
67892,67
67893,96
67894,78
67895,8
67896,69
67897,45
67898,94
67899,33
67900,59
67901,12
67902,35
67903,95
67904,85
67905,47
67906,92
67907,74
67908,5
67909,4
67910,64
67911,49
67912,73
67913,73
67914,23
67915,6
67916,85
67917,57
67918,20
67919,85
67920,32
67921,43
67922,24
67923,94
67924,79
67925,14
67926,28
67927,82
67928,51
67929,16
67930,89
67931,99
67932,35
67933,34
67934,39
67935,22
67936,72
67937,33
67938,57
67939,81
67940,79
67941,60
67942,95
67943,27
67944,59
67945,31
67946,57
67947,81
67948,43
67949,33
67950,92
67951,20
67952,0
67953,54
67954,79
67955,48
67956,96
67957,20
67958,98
67959,54
67960,26
67961,19
67962,94
67963,15
67964,77
67965,47
67966,31
67967,31
67968,52
67969,52
67970,1
67971,56
67972,21
67973,100
67974,51
67975,80
67976,95
67977,80
67978,57
67979,33
67980,70
67981,92
67982,16
67983,87
67984,71
67985,22
67986,32
67987,28
67988,18
67989,68
67990,36
67991,86
67992,25
67993,23
67994,53
67995,20
67996,96
67997,89
67998,9
67999,41
68000,28
68001,56
68002,34
68003,27
68004,11
68005,57
68006,43
68007,6
68008,15
68009,83
68010,92
68011,34
68012,91
68013,6
68014,85
68015,13
68016,58
68017,99
68018,61
68019,73
68020,65
68021,21
68022,15
68023,98
68024,74
68025,42
68026,96
68027,97
68028,96
68029,82
68030,19
68031,9
68032,18
68033,11
68034,9
68035,70
68036,55
68037,10
68038,79
68039,96
68040,60
68041,37
68042,16
68043,53
68044,44
68045,24
68046,30
68047,64
68048,38
68049,19
68050,72
68051,42
68052,65
68053,0
68054,54
68055,50
68056,4
68057,11
68058,13
68059,59
68060,95
68061,39
68062,8
68063,41
68064,41
68065,32
68066,24
68067,77
68068,8
68069,90
68070,43
68071,82
68072,57
68073,24
68074,31
68075,21
68076,92
68077,54
68078,91
68079,60
68080,56
68081,76
68082,60
68083,91
68084,66
68085,93
68086,74
68087,1
68088,56
68089,72
68090,32
68091,89
68092,62
68093,15
68094,88
68095,0
68096,84
68097,63
68098,83
68099,68
68100,16
68101,39
68102,0
68103,12
68104,17
68105,67
68106,13
68107,4
68108,61
68109,32
68110,25
68111,60
68112,67
68113,29
68114,61
68115,61
68116,80
68117,91
68118,69
68119,56
68120,90
68121,35
68122,6
68123,64
68124,73
68125,76
68126,40
68127,31
68128,13
68129,32
68130,29
68131,72
68132,5
68133,9
68134,74
68135,19
68136,88
68137,11
68138,21
68139,75
68140,13
68141,47
68142,53
68143,35
68144,60
68145,54
68146,13
68147,1
68148,1
68149,60
68150,5
68151,24
68152,66
68153,22
68154,72
68155,94
68156,27
68157,24
68158,98
68159,64
68160,65
68161,78
68162,42
68163,39
68164,79
68165,22
68166,48
68167,98
68168,7
68169,6
68170,20
68171,34
68172,100
68173,96
68174,100
68175,98
68176,81
68177,60
68178,82
68179,73
68180,67
68181,29
68182,96
68183,67
68184,8
68185,16
68186,42
68187,87
68188,56
68189,12
68190,56
68191,25
68192,60
68193,61
68194,18
68195,80
68196,29
68197,89
68198,12
68199,48
68200,81
68201,84
68202,97
68203,50
68204,8
68205,93
68206,28
68207,92
68208,82
68209,7
68210,80
68211,75
68212,14
68213,68
68214,33
68215,51
68216,49
68217,66
68218,4
68219,97
68220,8
68221,87
68222,4
68223,26
68224,83
68225,46
68226,61
68227,44
68228,65
68229,22
68230,97
68231,60
68232,92
68233,42
68234,34
68235,29
68236,66
68237,9
68238,55
68239,33
68240,64
68241,5
68242,69
68243,42
68244,15
68245,62
68246,64
68247,4
68248,24
68249,26
68250,41
68251,54
68252,25
68253,15
68254,89
68255,100
68256,27
68257,91
68258,29
68259,76
68260,88
68261,44
68262,18
68263,12
68264,74
68265,22
68266,13
68267,73
68268,97
68269,22
68270,39
68271,63
68272,84
68273,58
68274,19
68275,31
68276,77
68277,23
68278,45
68279,17
68280,93
68281,91
68282,47
68283,13
68284,53
68285,20
68286,97
68287,4
68288,30
68289,66
68290,86
68291,58
68292,43
68293,63
68294,93
68295,41
68296,93
68297,99
68298,37
68299,6
68300,58
68301,68
68302,69
68303,48
68304,77
68305,10
68306,100
68307,1
68308,94
68309,26
68310,15
68311,63
68312,65
68313,48
68314,89
68315,15
68316,72
68317,51
68318,72
68319,4
68320,35
68321,6
68322,60
68323,95
68324,28
68325,100
68326,66
68327,29
68328,39
68329,30
68330,47
68331,90
68332,5
68333,61
68334,28
68335,8
68336,53
68337,83
68338,10
68339,18
68340,73
68341,4
68342,86
68343,69
68344,94
68345,17
68346,20
68347,14
68348,58
68349,94
68350,73
68351,5
68352,23
68353,96
68354,59
68355,27
68356,91
68357,73
68358,22
68359,78
68360,45
68361,36
68362,13
68363,47
68364,77
68365,70
68366,35
68367,81
68368,59
68369,53
68370,78
68371,62
68372,96
68373,47
68374,21
68375,42
68376,40
68377,16
68378,62
68379,89
68380,78
68381,17
68382,71
68383,2
68384,53
68385,13
68386,33
68387,96
68388,100
68389,0
68390,47
68391,98
68392,9
68393,82
68394,10
68395,98
68396,65
68397,2
68398,14
68399,58
68400,63
68401,46
68402,91
68403,1
68404,29
68405,37
68406,4
68407,5
68408,4
68409,11
68410,3
68411,23
68412,24
68413,25
68414,54
68415,45
68416,45
68417,42
68418,59
68419,32
68420,20
68421,86
68422,100
68423,36
68424,11
68425,100
68426,20
68427,12
68428,32
68429,69
68430,75
68431,60
68432,29
68433,36
68434,81
68435,15
68436,44
68437,70
68438,0
68439,52
68440,27
68441,52
68442,43
68443,66
68444,38
68445,9
68446,50
68447,13
68448,78
68449,5
68450,38
68451,79
68452,81
68453,98
68454,47
68455,24
68456,96
68457,32
68458,82
68459,74
68460,66
68461,64
68462,39
68463,24
68464,56
68465,31
68466,45
68467,99
68468,3
68469,22
68470,79
68471,74
68472,21
68473,32
68474,40
68475,61
68476,37
68477,55
68478,62
68479,76
68480,84
68481,75
68482,54
68483,50
68484,89
68485,64
68486,56
68487,85
68488,26
68489,56
68490,54
68491,95
68492,71
68493,97
68494,81
68495,3
68496,64
68497,55
68498,52
68499,43
68500,15
68501,93
68502,22
68503,30
68504,27
68505,49
68506,100
68507,15
68508,40
68509,8
68510,1
68511,42
68512,65
68513,95
68514,79
68515,76
68516,48
68517,90
68518,94
68519,96
68520,20
68521,18
68522,56
68523,76
68524,59
68525,18
68526,98
68527,63
68528,34
68529,32
68530,66
68531,84
68532,86
68533,47
68534,59
68535,44
68536,74
68537,67
68538,67
68539,14
68540,91
68541,99
68542,71
68543,87
68544,97
68545,14
68546,22
68547,59
68548,90
68549,13
68550,1
68551,98
68552,42
68553,70
68554,15
68555,85
68556,27
68557,31
68558,70
68559,85
68560,1
68561,71
68562,6
68563,37
68564,47
68565,84
68566,85
68567,98
68568,81
68569,72
68570,1
68571,41
68572,41
68573,80
68574,19
68575,5
68576,10
68577,68
68578,73
68579,86
68580,96
68581,39
68582,35
68583,50
68584,46
68585,97
68586,16
68587,25
68588,52
68589,47
68590,26
68591,45
68592,66
68593,18
68594,71
68595,80
68596,64
68597,70
68598,35
68599,66
68600,82
68601,41
68602,90
68603,66
68604,97
68605,68
68606,48
68607,36
68608,45
68609,79
68610,55
68611,62
68612,77
68613,29
68614,95
68615,62
68616,75
68617,90
68618,25
68619,92
68620,22
68621,85
68622,19
68623,45
68624,79
68625,30
68626,66
68627,20
68628,50
68629,38
68630,62
68631,68
68632,19
68633,22
68634,95
68635,41
68636,72
68637,2
68638,26
68639,90
68640,73
68641,79
68642,23
68643,86
68644,8
68645,1
68646,5
68647,100
68648,98
68649,70
68650,78
68651,20
68652,99
68653,86
68654,28
68655,12
68656,68
68657,41
68658,0
68659,19
68660,42
68661,0
68662,98
68663,39
68664,6
68665,34
68666,51
68667,33
68668,49
68669,68
68670,28
68671,90
68672,70
68673,0
68674,72
68675,57
68676,64
68677,90
68678,16
68679,61
68680,95
68681,93
68682,78
68683,41
68684,27
68685,2
68686,91
68687,4
68688,65
68689,53
68690,37
68691,79
68692,43
68693,80
68694,75
68695,89
68696,56
68697,70
68698,23
68699,79
68700,81
68701,58
68702,7
68703,90
68704,89
68705,94
68706,81
68707,1
68708,40
68709,86
68710,55
68711,47
68712,21
68713,96
68714,17
68715,78
68716,40
68717,66
68718,47
68719,22
68720,1
68721,3
68722,25
68723,18
68724,48
68725,73
68726,85
68727,52
68728,5
68729,61
68730,0
68731,15
68732,51
68733,6
68734,87
68735,34
68736,77
68737,67
68738,14
68739,56
68740,22
68741,82
68742,77
68743,90
68744,99
68745,85
68746,10
68747,3
68748,57
68749,95
68750,39
68751,57
68752,87
68753,97
68754,66
68755,37
68756,1
68757,86
68758,39
68759,83
68760,55
68761,71
68762,34
68763,48
68764,66
68765,95
68766,94
68767,43
68768,30
68769,64
68770,75
68771,17
68772,87
68773,35
68774,61
68775,28
68776,88
68777,22
68778,2
68779,29
68780,80
68781,44
68782,48
68783,93
68784,18
68785,63
68786,4
68787,55
68788,33
68789,72
68790,47
68791,25
68792,4
68793,87
68794,30
68795,23
68796,84
68797,21
68798,21
68799,84
68800,56
68801,29
68802,46
68803,73
68804,66
68805,38
68806,92
68807,88
68808,65
68809,76
68810,90
68811,28
68812,13
68813,3
68814,71
68815,4
68816,43
68817,90
68818,23
68819,97
68820,27
68821,23
68822,4
68823,12
68824,81
68825,54
68826,80
68827,29
68828,82
68829,85
68830,48
68831,81
68832,89
68833,14
68834,91
68835,29
68836,27
68837,83
68838,3
68839,67
68840,100
68841,14
68842,33
68843,74
68844,86
68845,98
68846,42
68847,98
68848,74
68849,60
68850,62
68851,1
68852,51
68853,51
68854,14
68855,39
68856,27
68857,94
68858,95
68859,97
68860,54
68861,49
68862,21
68863,28
68864,71
68865,85
68866,11
68867,86
68868,37
68869,1
68870,11
68871,54
68872,84
68873,11
68874,94
68875,8
68876,78
68877,31
68878,72
68879,87
68880,7
68881,27
68882,55
68883,81
68884,100
68885,35
68886,36
68887,31
68888,84
68889,38
68890,48
68891,92
68892,17
68893,22
68894,32
68895,72
68896,50
68897,42
68898,3
68899,79
68900,66
68901,71
68902,79
68903,1
68904,44
68905,82
68906,87
68907,79
68908,39
68909,1
68910,31
68911,0
68912,17
68913,63
68914,31
68915,8
68916,54
68917,66
68918,23
68919,10
68920,27
68921,15
68922,92
68923,11
68924,67
68925,89
68926,3
68927,74
68928,65
68929,30
68930,55
68931,49
68932,66
68933,88
68934,97
68935,0
68936,68
68937,38
68938,51
68939,94
68940,35
68941,66
68942,11
68943,60
68944,79
68945,71
68946,10
68947,13
68948,90
68949,81
68950,53
68951,7
68952,32
68953,3
68954,29
68955,83
68956,93
68957,90
68958,88
68959,53
68960,5
68961,4
68962,77
68963,50
68964,13
68965,33
68966,40
68967,88
68968,38
68969,17
68970,19
68971,7
68972,25
68973,84
68974,26
68975,31
68976,41
68977,49
68978,80
68979,48
68980,64
68981,62
68982,26
68983,99
68984,74
68985,34
68986,37
68987,37
68988,41
68989,41
68990,48
68991,56
68992,99
68993,53
68994,9
68995,59
68996,39
68997,0
68998,85
68999,63
69000,80
69001,11
69002,56
69003,76
69004,88
69005,25
69006,39
69007,42
69008,96
69009,71
69010,12
69011,89
69012,55
69013,16
69014,87
69015,23
69016,75
69017,94
69018,57
69019,79
69020,60
69021,79
69022,93
69023,27
69024,66
69025,96
69026,50
69027,87
69028,93
69029,91
69030,38
69031,65
69032,76
69033,100
69034,73
69035,39
69036,12
69037,18
69038,5
69039,17
69040,8
69041,80
69042,67
69043,53
69044,49
69045,69
69046,10
69047,54
69048,41
69049,89
69050,10
69051,71
69052,66
69053,1
69054,81
69055,65
69056,25
69057,75
69058,36
69059,89
69060,35
69061,15
69062,77
69063,65
69064,20
69065,6
69066,10
69067,55
69068,43
69069,53
69070,92
69071,56
69072,57
69073,36
69074,47
69075,61
69076,38
69077,91
69078,63
69079,67
69080,67
69081,26
69082,69
69083,97
69084,81
69085,59
69086,43
69087,29
69088,96
69089,57
69090,83
69091,35
69092,4
69093,98
69094,18
69095,11
69096,89
69097,59
69098,82
69099,10
69100,52
69101,19
69102,72
69103,83
69104,26
69105,57
69106,4
69107,73
69108,8
69109,88
69110,76
69111,31
69112,71
69113,53
69114,44
69115,26
69116,85
69117,27
69118,17
69119,86
69120,30
69121,40
69122,33
69123,6
69124,4
69125,20
69126,5
69127,44
69128,34
69129,86
69130,2
69131,32
69132,37
69133,86
69134,79
69135,88
69136,15
69137,88
69138,70
69139,7
69140,2
69141,68
69142,18
69143,6
69144,85
69145,89
69146,49
69147,88
69148,5
69149,4
69150,60
69151,85
69152,94
69153,57
69154,21
69155,56
69156,74
69157,31
69158,16
69159,57
69160,40
69161,21
69162,79
69163,41
69164,78
69165,7
69166,45
69167,47
69168,2
69169,76
69170,29
69171,27
69172,72
69173,75
69174,24
69175,36
69176,84
69177,50
69178,38
69179,82
69180,71
69181,66
69182,85
69183,0
69184,37
69185,51
69186,62
69187,51
69188,82
69189,84
69190,59
69191,12
69192,90
69193,16
69194,83
69195,29
69196,37
69197,10
69198,26
69199,37
69200,27
69201,25
69202,32
69203,31
69204,53
69205,24
69206,23
69207,39
69208,26
69209,45
69210,85
69211,83
69212,96
69213,68
69214,92
69215,68
69216,38
69217,80
69218,28
69219,74
69220,85
69221,30
69222,64
69223,14
69224,82
69225,73
69226,8
69227,12
69228,44
69229,89
69230,5
69231,43
69232,1
69233,28
69234,47
69235,11
69236,86
69237,66
69238,49
69239,10
69240,4
69241,44
69242,73
69243,46
69244,5
69245,79
69246,94
69247,86
69248,93
69249,83
69250,88
69251,98
69252,68
69253,62
69254,66
69255,46
69256,33
69257,11
69258,26
69259,68
69260,85
69261,67
69262,27
69263,70
69264,44
69265,97
69266,1
69267,8
69268,78
69269,30
69270,35
69271,14
69272,96
69273,61
69274,30
69275,26
69276,1
69277,72
69278,42
69279,0
69280,82
69281,8
69282,59
69283,1
69284,100
69285,57
69286,64
69287,11
69288,54
69289,89
69290,9
69291,64
69292,64
69293,60
69294,94
69295,74
69296,68
69297,34
69298,10
69299,67
69300,37
69301,38
69302,20
69303,35
69304,91
69305,71
69306,19
69307,42
69308,20
69309,34
69310,63
69311,31
69312,35
69313,68
69314,51
69315,3
69316,6
69317,97
69318,83
69319,70
69320,23
69321,20
69322,56
69323,72
69324,18
69325,83
69326,27
69327,31
69328,33
69329,15
69330,37
69331,80
69332,74
69333,3
69334,55
69335,39
69336,49
69337,39
69338,81
69339,48
69340,47
69341,5
69342,95
69343,4
69344,78
69345,44
69346,15
69347,16
69348,58
69349,55
69350,100
69351,78
69352,34
69353,7
69354,98
69355,60
69356,99
69357,26
69358,77
69359,86
69360,19
69361,56
69362,69
69363,87
69364,22
69365,99
69366,75
69367,1
69368,26
69369,31
69370,92
69371,49
69372,63
69373,39
69374,32
69375,28
69376,32
69377,99
69378,16
69379,73
69380,64
69381,42
69382,62
69383,80
69384,91
69385,99
69386,57
69387,90
69388,42
69389,36
69390,45
69391,24
69392,97
69393,66
69394,92
69395,98
69396,50
69397,73
69398,37
69399,37
69400,0
69401,53
69402,64
69403,95
69404,21
69405,60
69406,57
69407,53
69408,18
69409,98
69410,69
69411,33
69412,78
69413,43
69414,66
69415,51
69416,100
69417,21
69418,28
69419,13
69420,93
69421,61
69422,14
69423,92
69424,13
69425,66
69426,21
69427,96
69428,86
69429,6
69430,83
69431,6
69432,16
69433,31
69434,78
69435,76
69436,55
69437,61
69438,57
69439,57
69440,2
69441,88
69442,95
69443,79
69444,0
69445,66
69446,19
69447,91
69448,85
69449,99
69450,61
69451,55
69452,52
69453,64
69454,55
69455,77
69456,44
69457,78
69458,95
69459,17
69460,47
69461,37
69462,21
69463,79
69464,74
69465,70
69466,72
69467,0
69468,41
69469,71
69470,74
69471,68
69472,28
69473,5
69474,55
69475,11
69476,38
69477,70
69478,11
69479,32
69480,82
69481,52
69482,99
69483,18
69484,57
69485,84
69486,82
69487,42
69488,72
69489,44
69490,85
69491,18
69492,36
69493,10
69494,55
69495,24
69496,98
69497,68
69498,44
69499,61
69500,94
69501,13
69502,76
69503,33
69504,97
69505,81
69506,59
69507,63
69508,69
69509,50
69510,41
69511,20
69512,4
69513,65
69514,69
69515,60
69516,7
69517,65
69518,86
69519,61
69520,19
69521,3
69522,14
69523,93
69524,55
69525,19
69526,23
69527,8
69528,20
69529,40
69530,12
69531,4
69532,63
69533,45
69534,77
69535,70
69536,69
69537,58
69538,75
69539,50
69540,15
69541,50
69542,95
69543,41
69544,10
69545,67
69546,92
69547,51
69548,97
69549,72
69550,9
69551,71
69552,62
69553,35
69554,95
69555,44
69556,5
69557,5
69558,90
69559,65
69560,72
69561,63
69562,37
69563,68
69564,97
69565,60
69566,77
69567,73
69568,62
69569,70
69570,19
69571,74
69572,76
69573,63
69574,80
69575,36
69576,35
69577,96
69578,9
69579,33
69580,44
69581,62
69582,12
69583,24
69584,43
69585,96
69586,73
69587,23
69588,68
69589,73
69590,46
69591,90
69592,49
69593,35
69594,32
69595,91
69596,2
69597,30
69598,59
69599,28
69600,43
69601,44
69602,41
69603,20
69604,31
69605,27
69606,84
69607,46
69608,98
69609,93
69610,46
69611,16
69612,28
69613,47
69614,1
69615,32
69616,62
69617,67
69618,38
69619,88
69620,4
69621,67
69622,51
69623,51
69624,28
69625,36
69626,7
69627,19
69628,40
69629,69
69630,35
69631,31
69632,4
69633,19
69634,67
69635,21
69636,96
69637,30
69638,40
69639,92
69640,4
69641,9
69642,74
69643,36
69644,55
69645,85
69646,23
69647,84
69648,99
69649,15
69650,1
69651,14
69652,40
69653,62
69654,48
69655,25
69656,93
69657,65
69658,28
69659,69
69660,59
69661,64
69662,39
69663,10
69664,51
69665,86
69666,89
69667,94
69668,78
69669,72
69670,63
69671,97
69672,80
69673,98
69674,99
69675,2
69676,10
69677,27
69678,61
69679,47
69680,27
69681,45
69682,63
69683,54
69684,82
69685,1
69686,95
69687,74
69688,15
69689,10
69690,2
69691,54
69692,41
69693,28
69694,68
69695,91
69696,30
69697,76
69698,24
69699,5
69700,59
69701,66
69702,21
69703,40
69704,52
69705,59
69706,38
69707,54
69708,95
69709,29
69710,70
69711,88
69712,1
69713,7
69714,62
69715,58
69716,96
69717,27
69718,73
69719,37
69720,17
69721,61
69722,76
69723,84
69724,96
69725,22
69726,64
69727,39
69728,59
69729,84
69730,4
69731,98
69732,17
69733,37
69734,99
69735,28
69736,25
69737,59
69738,35
69739,81
69740,28
69741,30
69742,62
69743,12
69744,93
69745,70
69746,39
69747,69
69748,1
69749,7
69750,73
69751,42
69752,48
69753,21
69754,73
69755,34
69756,18
69757,3
69758,18
69759,19
69760,3
69761,48
69762,25
69763,2
69764,51
69765,93
69766,35
69767,40
69768,69
69769,50
69770,90
69771,15
69772,46
69773,79
69774,45
69775,99
69776,54
69777,97
69778,87
69779,38
69780,5
69781,83
69782,60
69783,8
69784,84
69785,10
69786,93
69787,64
69788,90
69789,58
69790,69
69791,6
69792,60
69793,56
69794,85
69795,33
69796,83
69797,44
69798,44
69799,14
69800,8
69801,81
69802,45
69803,45
69804,35
69805,45
69806,41
69807,29
69808,10
69809,32
69810,39
69811,69
69812,42
69813,38
69814,85
69815,38
69816,52
69817,82
69818,85
69819,30
69820,62
69821,24
69822,40
69823,49
69824,58
69825,48
69826,29
69827,44
69828,67
69829,52
69830,25
69831,70
69832,39
69833,11
69834,0
69835,69
69836,0
69837,7
69838,32
69839,67
69840,49
69841,5
69842,59
69843,62
69844,51
69845,2
69846,78
69847,69
69848,5
69849,36
69850,50
69851,26
69852,45
69853,68
69854,16
69855,86
69856,16
69857,22
69858,38
69859,32
69860,65
69861,9
69862,82
69863,39
69864,72
69865,14
69866,42
69867,87
69868,11
69869,21
69870,17
69871,65
69872,61
69873,60
69874,59
69875,78
69876,38
69877,72
69878,21
69879,80
69880,13
69881,94
69882,6
69883,34
69884,33
69885,66
69886,62
69887,1
69888,90
69889,44
69890,62
69891,1
69892,53
69893,50
69894,40
69895,4
69896,84
69897,70
69898,24
69899,0
69900,8
69901,65
69902,66
69903,100
69904,3
69905,20
69906,60
69907,25
69908,43
69909,36
69910,77
69911,9
69912,89
69913,73
69914,100
69915,81
69916,90
69917,80
69918,73
69919,74
69920,46
69921,87
69922,82
69923,79
69924,22
69925,75
69926,53
69927,58
69928,18
69929,24
69930,66
69931,12
69932,20
69933,21
69934,46
69935,62
69936,28
69937,48
69938,24
69939,22
69940,75
69941,48
69942,22
69943,4
69944,28
69945,4
69946,38
69947,98
69948,34
69949,80
69950,29
69951,55
69952,1
69953,14
69954,50
69955,22
69956,25
69957,10
69958,23
69959,8
69960,77
69961,87
69962,70
69963,9
69964,96
69965,96
69966,90
69967,71
69968,77
69969,70
69970,81
69971,56
69972,89
69973,14
69974,32
69975,10
69976,18
69977,41
69978,81
69979,85
69980,57
69981,99
69982,17
69983,17
69984,21
69985,88
69986,51
69987,43
69988,30
69989,8
69990,49
69991,60
69992,18
69993,51
69994,54
69995,24
69996,78
69997,68
69998,74
69999,12
70000,33
70001,71
70002,24
70003,90
70004,74
70005,63
70006,81
70007,9
70008,96
70009,99
70010,16
70011,4
70012,86
70013,66
70014,100
70015,9
70016,26
70017,55
70018,6
70019,28
70020,48
70021,38
70022,69
70023,8
70024,71
70025,60
70026,77
70027,53
70028,8
70029,59
70030,51
70031,74
70032,10
70033,34
70034,74
70035,35
70036,54
70037,2
70038,82
70039,71
70040,52
70041,27
70042,52
70043,53
70044,52
70045,64
70046,52
70047,39
70048,93
70049,40
70050,37
70051,74
70052,28
70053,30
70054,60
70055,73
70056,98
70057,39
70058,92
70059,100
70060,1
70061,47
70062,0
70063,58
70064,31
70065,87
70066,1
70067,58
70068,2
70069,72
70070,48
70071,87
70072,75
70073,33
70074,61
70075,33
70076,22
70077,18
70078,51
70079,59
70080,95
70081,27
70082,89
70083,48
70084,44
70085,75
70086,94
70087,59
70088,74
70089,55
70090,3
70091,17
70092,28
70093,38
70094,54
70095,57
70096,46
70097,30
70098,27
70099,26
70100,29
70101,48
70102,41
70103,74
70104,77
70105,67
70106,99
70107,0
70108,43
70109,36
70110,32
70111,20
70112,87
70113,39
70114,60
70115,12
70116,97
70117,37
70118,28
70119,52
70120,63
70121,35
70122,4
70123,19
70124,92
70125,10
70126,71
70127,27
70128,48
70129,40
70130,17
70131,29
70132,13
70133,55
70134,72
70135,73
70136,88
70137,51
70138,90
70139,65
70140,66
70141,28
70142,100
70143,26
70144,67
70145,34
70146,90
70147,82
70148,9
70149,25
70150,70
70151,90
70152,93
70153,75
70154,60
70155,68
70156,55
70157,76
70158,63
70159,40
70160,3
70161,65
70162,36
70163,33
70164,49
70165,69
70166,89
70167,74
70168,41
70169,0
70170,33
70171,84
70172,9
70173,4
70174,89
70175,43
70176,18
70177,20
70178,33
70179,28
70180,78
70181,39
70182,79
70183,17
70184,48
70185,60
70186,64
70187,74
70188,35
70189,95
70190,91
70191,69
70192,6
70193,60
70194,63
70195,87
70196,73
70197,29
70198,16
70199,43
70200,71
70201,75
70202,25
70203,16
70204,34
70205,45
70206,4
70207,44
70208,74
70209,15
70210,57
70211,41
70212,93
70213,59
70214,55
70215,5
70216,19
70217,83
70218,23
70219,90
70220,66
70221,87
70222,51
70223,9
70224,24
70225,91
70226,81
70227,44
70228,77
70229,0
70230,83
70231,24
70232,75
70233,72
70234,8
70235,41
70236,62
70237,24
70238,93
70239,47
70240,54
70241,91
70242,65
70243,88
70244,81
70245,23
70246,81
70247,90
70248,43
70249,55
70250,34
70251,33
70252,5
70253,48
70254,15
70255,86
70256,91
70257,12
70258,11
70259,10
70260,46
70261,59
70262,48
70263,51
70264,60
70265,85
70266,94
70267,90
70268,90
70269,39
70270,89
70271,70
70272,74
70273,52
70274,60
70275,21
70276,82
70277,37
70278,83
70279,60
70280,82
70281,82
70282,99
70283,46
70284,26
70285,80
70286,17
70287,19
70288,41
70289,40
70290,71
70291,57
70292,39
70293,74
70294,29
70295,11
70296,61
70297,61
70298,86
70299,69
70300,98
70301,14
70302,91
70303,6
70304,5
70305,26
70306,1
70307,5
70308,60
70309,31
70310,28
70311,97
70312,64
70313,14
70314,9
70315,9
70316,9
70317,36
70318,31
70319,35
70320,63
70321,88
70322,14
70323,72
70324,15
70325,82
70326,45
70327,43
70328,75
70329,34
70330,50
70331,57
70332,4
70333,37
70334,5
70335,50
70336,13
70337,47
70338,11
70339,85
70340,51
70341,67
70342,58
70343,17
70344,52
70345,30
70346,34
70347,3
70348,8
70349,14
70350,41
70351,58
70352,84
70353,95
70354,72
70355,31
70356,79
70357,44
70358,4
70359,30
70360,24
70361,55
70362,0
70363,60
70364,66
70365,84
70366,91
70367,66
70368,41
70369,95
70370,95
70371,93
70372,58
70373,49
70374,76
70375,33
70376,67
70377,53
70378,81
70379,95
70380,13
70381,31
70382,69
70383,80
70384,7
70385,34
70386,23
70387,2
70388,80
70389,35
70390,50
70391,80
70392,56
70393,58
70394,93
70395,88
70396,21
70397,36
70398,74
70399,11
70400,20
70401,14
70402,11
70403,85
70404,55
70405,98
70406,15
70407,32
70408,42
70409,48
70410,77
70411,17
70412,15
70413,39
70414,66
70415,61
70416,89
70417,78
70418,99
70419,26
70420,80
70421,13
70422,65
70423,26
70424,53
70425,87
70426,59
70427,39
70428,44
70429,98
70430,67
70431,89
70432,99
70433,67
70434,62
70435,97
70436,76
70437,39
70438,40
70439,60
70440,64
70441,0
70442,8
70443,74
70444,79
70445,92
70446,99
70447,14
70448,58
70449,65
70450,9
70451,48
70452,10
70453,29
70454,22
70455,21
70456,50
70457,41
70458,99
70459,28
70460,44
70461,95
70462,32
70463,38
70464,72
70465,64
70466,81
70467,49
70468,85
70469,47
70470,36
70471,77
70472,85
70473,32
70474,5
70475,90
70476,69
70477,54
70478,43
70479,49
70480,53
70481,62
70482,15
70483,46
70484,56
70485,1
70486,36
70487,92
70488,22
70489,84
70490,12
70491,64
70492,92
70493,47
70494,6
70495,30
70496,62
70497,44
70498,55
70499,63
70500,21
70501,62
70502,79
70503,27
70504,43
70505,88
70506,13
70507,84
70508,18
70509,59
70510,76
70511,1
70512,50
70513,99
70514,77
70515,33
70516,81
70517,87
70518,93
70519,50
70520,18
70521,35
70522,84
70523,82
70524,25
70525,34
70526,62
70527,3
70528,84
70529,2
70530,4
70531,28
70532,18
70533,16
70534,33
70535,19
70536,27
70537,72
70538,66
70539,9
70540,20
70541,3
70542,21
70543,70
70544,61
70545,11
70546,10
70547,21
70548,28
70549,60
70550,60
70551,26
70552,46
70553,83
70554,13
70555,6
70556,14
70557,45
70558,27
70559,42
70560,9
70561,50
70562,2
70563,75
70564,76
70565,43
70566,53
70567,33
70568,64
70569,88
70570,82
70571,24
70572,62
70573,69
70574,44
70575,67
70576,25
70577,25
70578,25
70579,77
70580,61
70581,95
70582,91
70583,60
70584,1
70585,40
70586,44
70587,84
70588,13
70589,36
70590,1
70591,4
70592,1
70593,0
70594,47
70595,21
70596,40
70597,24
70598,45
70599,93
70600,8
70601,60
70602,100
70603,46
70604,73
70605,78
70606,2
70607,7
70608,24
70609,35
70610,42
70611,49
70612,62
70613,84
70614,33
70615,90
70616,72
70617,9
70618,26
70619,88
70620,12
70621,50
70622,67
70623,15
70624,11
70625,24
70626,48
70627,15
70628,1
70629,72
70630,76
70631,77
70632,75
70633,34
70634,21
70635,84
70636,47
70637,63
70638,66
70639,21
70640,72
70641,46
70642,39
70643,52
70644,2
70645,94
70646,100
70647,5
70648,13
70649,82
70650,57
70651,81
70652,6
70653,99
70654,28
70655,2
70656,12
70657,35
70658,88
70659,91
70660,37
70661,74
70662,59
70663,72
70664,21
70665,20
70666,82
70667,32
70668,3
70669,96
70670,79
70671,43
70672,0
70673,61
70674,78
70675,21
70676,95
70677,58
70678,36
70679,22
70680,32
70681,21
70682,63
70683,61
70684,53
70685,57
70686,11
70687,17
70688,95
70689,66
70690,59
70691,99
70692,0
70693,88
70694,19
70695,16
70696,48
70697,21
70698,32
70699,25
70700,26
70701,59
70702,33
70703,86
70704,79
70705,77
70706,51
70707,54
70708,60
70709,49
70710,62
70711,63
70712,13
70713,89
70714,50
70715,26
70716,39
70717,67
70718,8
70719,55
70720,90
70721,38
70722,14
70723,88
70724,17
70725,51
70726,60
70727,93
70728,36
70729,79
70730,52
70731,11
70732,80
70733,24
70734,78
70735,24
70736,20
70737,82
70738,87
70739,6
70740,75
70741,48
70742,38
70743,74
70744,96
70745,48
70746,88
70747,33
70748,74
70749,15
70750,95
70751,14
70752,39
70753,78
70754,6
70755,100
70756,39
70757,65
70758,69
70759,99
70760,91
70761,21
70762,100
70763,58
70764,4
70765,17
70766,10
70767,7
70768,19
70769,74
70770,58
70771,90
70772,92
70773,24
70774,57
70775,18
70776,1
70777,57
70778,65
70779,6
70780,50
70781,94
70782,32
70783,74
70784,12
70785,9
70786,58
70787,37
70788,19
70789,84
70790,13
70791,87
70792,39
70793,6
70794,68
70795,5
70796,39
70797,52
70798,98
70799,8
70800,64
70801,19
70802,5
70803,95
70804,76
70805,38
70806,20
70807,36
70808,11
70809,69
70810,14
70811,20
70812,84
70813,91
70814,99
70815,80
70816,45
70817,70
70818,86
70819,85
70820,9
70821,81
70822,65
70823,75
70824,38
70825,21
70826,85
70827,41
70828,85
70829,5
70830,51
70831,36
70832,83
70833,5
70834,72
70835,28
70836,100
70837,68
70838,50
70839,76
70840,26
70841,86
70842,36
70843,45
70844,97
70845,24
70846,36
70847,22
70848,91
70849,25
70850,75
70851,51
70852,2
70853,72
70854,78
70855,71
70856,27
70857,89
70858,79
70859,33
70860,83
70861,64
70862,87
70863,28
70864,3
70865,67
70866,61
70867,37
70868,66
70869,1
70870,92
70871,91
70872,75
70873,43
70874,78
70875,94
70876,100
70877,31
70878,85
70879,2
70880,16
70881,92
70882,11
70883,63
70884,62
70885,77
70886,71
70887,40
70888,1
70889,52
70890,33
70891,87
70892,83
70893,73
70894,39
70895,70
70896,64
70897,54
70898,73
70899,50
70900,4
70901,55
70902,20
70903,57
70904,72
70905,92
70906,30
70907,45
70908,26
70909,69
70910,30
70911,40
70912,44
70913,35
70914,1
70915,61
70916,20
70917,33
70918,85
70919,12
70920,18
70921,32
70922,48
70923,2
70924,37
70925,82
70926,70
70927,14
70928,37
70929,24
70930,60
70931,85
70932,86
70933,49
70934,9
70935,99
70936,100
70937,49
70938,41
70939,70
70940,51
70941,45
70942,88
70943,39
70944,57
70945,23
70946,68
70947,84
70948,39
70949,19
70950,28
70951,36
70952,19
70953,17
70954,3
70955,10
70956,63
70957,85
70958,51
70959,42
70960,13
70961,44
70962,27
70963,3
70964,15
70965,37
70966,62
70967,22
70968,76
70969,19
70970,68
70971,82
70972,20
70973,41
70974,68
70975,13
70976,99
70977,69
70978,4
70979,23
70980,92
70981,28
70982,1
70983,5
70984,33
70985,75
70986,21
70987,3
70988,5
70989,66
70990,76
70991,62
70992,86
70993,98
70994,89
70995,72
70996,86
70997,67
70998,33
70999,100
71000,71
71001,33
71002,56
71003,36
71004,5
71005,70
71006,44
71007,40
71008,99
71009,4
71010,59
71011,66
71012,16
71013,82
71014,64
71015,100
71016,54
71017,8
71018,3
71019,41
71020,45
71021,73
71022,95
71023,0
71024,86
71025,16
71026,93
71027,90
71028,78
71029,6
71030,96
71031,4
71032,51
71033,97
71034,52
71035,2
71036,61
71037,31
71038,1
71039,79
71040,80
71041,52
71042,11
71043,4
71044,3
71045,55
71046,79
71047,81
71048,63
71049,44
71050,59
71051,19
71052,52
71053,72
71054,15
71055,98
71056,92
71057,29
71058,19
71059,85
71060,86
71061,51
71062,35
71063,21
71064,0
71065,20
71066,47
71067,82
71068,71
71069,4
71070,39
71071,92
71072,81
71073,92
71074,78
71075,44
71076,30
71077,14
71078,57
71079,52
71080,44
71081,66
71082,41
71083,96
71084,23
71085,37
71086,50
71087,23
71088,76
71089,90
71090,32
71091,18
71092,24
71093,69
71094,96
71095,88
71096,86
71097,48
71098,16
71099,20
71100,42
71101,83
71102,75
71103,76
71104,81
71105,21
71106,62
71107,23
71108,32
71109,66
71110,80
71111,95
71112,16
71113,47
71114,43
71115,24
71116,71
71117,98
71118,59
71119,28
71120,11
71121,99
71122,8
71123,89
71124,85
71125,52
71126,60
71127,30
71128,47
71129,93
71130,78
71131,46
71132,32
71133,66
71134,97
71135,63
71136,16
71137,43
71138,4
71139,93
71140,61
71141,62
71142,78
71143,38
71144,71
71145,41
71146,91
71147,20
71148,46
71149,73
71150,27
71151,20
71152,27
71153,85
71154,18
71155,62
71156,51
71157,37
71158,45
71159,23
71160,91
71161,44
71162,76
71163,8
71164,8
71165,20
71166,23
71167,94
71168,63
71169,92
71170,39
71171,73
71172,51
71173,3
71174,2
71175,12
71176,20
71177,7
71178,72
71179,0
71180,13
71181,75
71182,35
71183,21
71184,35
71185,44
71186,15
71187,10
71188,66
71189,97
71190,24
71191,89
71192,66
71193,83
71194,30
71195,64
71196,89
71197,88
71198,10
71199,79
71200,83
71201,37
71202,1
71203,53
71204,92
71205,6
71206,48
71207,39
71208,44
71209,53
71210,88
71211,60
71212,3
71213,33
71214,88
71215,7
71216,31
71217,17
71218,39
71219,74
71220,55
71221,36
71222,54
71223,35
71224,9
71225,69
71226,79
71227,88
71228,62
71229,33
71230,94
71231,71
71232,16
71233,60
71234,77
71235,93
71236,17
71237,60
71238,35
71239,84
71240,52
71241,94
71242,32
71243,22
71244,63
71245,37
71246,68
71247,78
71248,29
71249,15
71250,53
71251,58
71252,92
71253,91
71254,5
71255,4
71256,88
71257,91
71258,0
71259,13
71260,82
71261,30
71262,50
71263,78
71264,18
71265,31
71266,56
71267,30
71268,57
71269,100
71270,25
71271,47
71272,40
71273,24
71274,46
71275,53
71276,56
71277,71
71278,60
71279,3
71280,30
71281,95
71282,97
71283,66
71284,40
71285,25
71286,67
71287,65
71288,18
71289,86
71290,24
71291,46
71292,70
71293,7
71294,2
71295,86
71296,32
71297,27
71298,21
71299,98
71300,97
71301,29
71302,46
71303,35
71304,58
71305,13
71306,72
71307,85
71308,91
71309,13
71310,78
71311,55
71312,100
71313,23
71314,97
71315,48
71316,42
71317,2
71318,22
71319,19
71320,14
71321,42
71322,79
71323,70
71324,32
71325,54
71326,82
71327,81
71328,40
71329,17
71330,2
71331,2
71332,99
71333,15
71334,42
71335,22
71336,86
71337,14
71338,72
71339,57
71340,39
71341,37
71342,81
71343,5
71344,100
71345,45
71346,5
71347,84
71348,93
71349,91
71350,19
71351,18
71352,13
71353,64
71354,90
71355,95
71356,28
71357,30
71358,24
71359,70
71360,45
71361,51
71362,15
71363,10
71364,17
71365,55
71366,55
71367,56
71368,68
71369,65
71370,73
71371,89
71372,87
71373,89
71374,15
71375,88
71376,5
71377,51
71378,54
71379,75
71380,72
71381,48
71382,71
71383,55
71384,94
71385,40
71386,95
71387,70
71388,95
71389,55
71390,88
71391,96
71392,62
71393,27
71394,74
71395,30
71396,54
71397,51
71398,73
71399,65
71400,45
71401,3
71402,21
71403,44
71404,27
71405,9
71406,65
71407,48
71408,94
71409,86
71410,79
71411,72
71412,50
71413,42
71414,5
71415,24
71416,3
71417,75
71418,23
71419,55
71420,90
71421,54
71422,53
71423,2
71424,75
71425,46
71426,29
71427,75
71428,40
71429,54
71430,58
71431,39
71432,44
71433,21
71434,14
71435,91
71436,16
71437,58
71438,24
71439,42
71440,63
71441,50
71442,60
71443,44
71444,2
71445,35
71446,94
71447,78
71448,63
71449,27
71450,94
71451,44
71452,83
71453,20
71454,26
71455,82
71456,99
71457,75
71458,34
71459,47
71460,96
71461,99
71462,22
71463,63
71464,12
71465,29
71466,73
71467,19
71468,5
71469,94
71470,18
71471,66
71472,73
71473,9
71474,55
71475,20
71476,55
71477,56
71478,1
71479,38
71480,60
71481,44
71482,93
71483,27
71484,17
71485,13
71486,54
71487,58
71488,18
71489,99
71490,40
71491,11
71492,19
71493,33
71494,35
71495,20
71496,55
71497,82
71498,40
71499,40
71500,42
71501,98
71502,71
71503,85
71504,37
71505,17
71506,7
71507,65
71508,19
71509,68
71510,56
71511,93
71512,17
71513,59
71514,86
71515,1
71516,41
71517,63
71518,43
71519,50
71520,100
71521,95
71522,64
71523,64
71524,53
71525,94
71526,38
71527,7
71528,66
71529,75
71530,97
71531,48
71532,88
71533,35
71534,6
71535,14
71536,84
71537,24
71538,56
71539,37
71540,36
71541,15
71542,0
71543,46
71544,51
71545,36
71546,44
71547,13
71548,56
71549,33
71550,65
71551,30
71552,82
71553,82
71554,43
71555,22
71556,93
71557,80
71558,65
71559,10
71560,48
71561,77
71562,57
71563,28
71564,82
71565,91
71566,50
71567,0
71568,4
71569,33
71570,77
71571,18
71572,87
71573,39
71574,80
71575,65
71576,94
71577,80
71578,63
71579,71
71580,16
71581,37
71582,89
71583,42
71584,39
71585,44
71586,39
71587,70
71588,87
71589,93
71590,89
71591,29
71592,34
71593,65
71594,43
71595,3
71596,63
71597,4
71598,47
71599,65
71600,94
71601,26
71602,23
71603,55
71604,44
71605,67
71606,27
71607,4
71608,90
71609,46
71610,4
71611,4
71612,47
71613,72
71614,46
71615,61
71616,26
71617,3
71618,48
71619,87
71620,90
71621,64
71622,95
71623,79
71624,86
71625,91
71626,60
71627,19
71628,80
71629,99
71630,7
71631,81
71632,12
71633,72
71634,36
71635,93
71636,42
71637,91
71638,55
71639,49
71640,81
71641,19
71642,47
71643,99
71644,18
71645,68
71646,97
71647,16
71648,27
71649,35
71650,37
71651,93
71652,81
71653,69
71654,25
71655,78
71656,0
71657,80
71658,94
71659,1
71660,35
71661,55
71662,34
71663,26
71664,66
71665,55
71666,45
71667,19
71668,7
71669,92
71670,71
71671,90
71672,25
71673,73
71674,61
71675,93
71676,32
71677,60
71678,99
71679,19
71680,67
71681,86
71682,28
71683,45
71684,95
71685,36
71686,100
71687,89
71688,52
71689,4
71690,87
71691,65
71692,14
71693,45
71694,56
71695,7
71696,36
71697,100
71698,56
71699,13
71700,4
71701,72
71702,85
71703,42
71704,48
71705,43
71706,55
71707,47
71708,29
71709,32
71710,36
71711,49
71712,6
71713,66
71714,42
71715,39
71716,31
71717,99
71718,54
71719,82
71720,94
71721,93
71722,100
71723,88
71724,76
71725,75
71726,8
71727,8
71728,63
71729,44
71730,90
71731,60
71732,94
71733,69
71734,92
71735,93
71736,37
71737,74
71738,45
71739,69
71740,63
71741,94
71742,34
71743,11
71744,47
71745,62
71746,44
71747,5
71748,44
71749,89
71750,100
71751,31
71752,67
71753,2
71754,1
71755,19
71756,82
71757,38
71758,11
71759,60
71760,35
71761,91
71762,8
71763,43
71764,74
71765,52
71766,29
71767,65
71768,37
71769,37
71770,32
71771,70
71772,84
71773,54
71774,75
71775,84
71776,22
71777,69
71778,13
71779,95
71780,48
71781,44
71782,76
71783,26
71784,74
71785,95
71786,66
71787,48
71788,1
71789,93
71790,59
71791,65
71792,58
71793,92
71794,59
71795,21
71796,88
71797,45
71798,52
71799,18
71800,48
71801,79
71802,16
71803,26
71804,18
71805,29
71806,77
71807,45
71808,63
71809,31
71810,52
71811,22
71812,35
71813,9
71814,58
71815,28
71816,10
71817,37
71818,78
71819,31
71820,90
71821,51
71822,0
71823,13
71824,2
71825,29
71826,30
71827,0
71828,45
71829,13
71830,35
71831,45
71832,54
71833,35
71834,42
71835,42
71836,14
71837,37
71838,88
71839,43
71840,54
71841,54
71842,77
71843,87
71844,57
71845,56
71846,55
71847,1
71848,33
71849,48
71850,63
71851,86
71852,7
71853,68
71854,57
71855,92
71856,42
71857,61
71858,51
71859,32
71860,19
71861,79
71862,100
71863,58
71864,59
71865,62
71866,55
71867,36
71868,59
71869,87
71870,50
71871,28
71872,98
71873,8
71874,85
71875,83
71876,39
71877,67
71878,42
71879,99
71880,75
71881,22
71882,7
71883,73
71884,63
71885,22
71886,92
71887,95
71888,55
71889,13
71890,79
71891,16
71892,19
71893,11
71894,72
71895,71
71896,40
71897,100
71898,84
71899,31
71900,36
71901,17
71902,28
71903,6
71904,39
71905,100
71906,5
71907,19
71908,54
71909,55
71910,72
71911,52
71912,72
71913,71
71914,80
71915,87
71916,86
71917,32
71918,21
71919,49
71920,85
71921,26
71922,47
71923,65
71924,94
71925,12
71926,1
71927,45
71928,70
71929,10
71930,25
71931,62
71932,48
71933,62
71934,20
71935,48
71936,78
71937,79
71938,8
71939,20
71940,52
71941,54
71942,40
71943,5
71944,0
71945,94
71946,63
71947,4
71948,100
71949,25
71950,0
71951,0
71952,92
71953,85
71954,37
71955,40
71956,82
71957,27
71958,4
71959,20
71960,62
71961,85
71962,83
71963,11
71964,5
71965,28
71966,60
71967,34
71968,74
71969,51
71970,32
71971,24
71972,13
71973,92
71974,52
71975,60
71976,12
71977,14
71978,54
71979,52
71980,71
71981,46
71982,44
71983,96
71984,74
71985,63
71986,14
71987,20
71988,35
71989,69
71990,24
71991,43
71992,0
71993,41
71994,58
71995,32
71996,31
71997,65
71998,24
71999,39
72000,57
72001,96
72002,74
72003,63
72004,18
72005,88
72006,27
72007,73
72008,94
72009,79
72010,41
72011,81
72012,85
72013,49
72014,98
72015,75
72016,91
72017,47
72018,56
72019,8
72020,29
72021,17
72022,44
72023,87
72024,82
72025,77
72026,65
72027,10
72028,89
72029,71
72030,66
72031,14
72032,39
72033,12
72034,79
72035,85
72036,32
72037,1
72038,92
72039,33
72040,15
72041,13
72042,45
72043,49
72044,4
72045,42
72046,17
72047,47
72048,63
72049,25
72050,73
72051,69
72052,13
72053,65
72054,60
72055,90
72056,72
72057,76
72058,20
72059,54
72060,1
72061,2
72062,12
72063,20
72064,32
72065,19
72066,99
72067,17
72068,88
72069,37
72070,24
72071,37
72072,14
72073,80
72074,99
72075,28
72076,96
72077,63
72078,31
72079,71
72080,42
72081,12
72082,80
72083,84
72084,77
72085,24
72086,48
72087,87
72088,96
72089,7
72090,27
72091,82
72092,10
72093,54
72094,9
72095,58
72096,64
72097,4
72098,79
72099,83
72100,19
72101,91
72102,4
72103,66
72104,29
72105,86
72106,33
72107,91
72108,0
72109,26
72110,62
72111,33
72112,94
72113,31
72114,70
72115,97
72116,45
72117,67
72118,82
72119,56
72120,21
72121,28
72122,97
72123,97
72124,44
72125,44
72126,66
72127,20
72128,20
72129,59
72130,80
72131,28
72132,32
72133,38
72134,61
72135,89
72136,70
72137,44
72138,57
72139,72
72140,81
72141,0
72142,10
72143,85
72144,31
72145,73
72146,48
72147,90
72148,75
72149,29
72150,59
72151,9
72152,75
72153,20
72154,90
72155,5
72156,37
72157,57
72158,7
72159,100
72160,69
72161,62
72162,33
72163,48
72164,39
72165,85
72166,28
72167,8
72168,20
72169,31
72170,71
72171,54
72172,42
72173,9
72174,48
72175,86
72176,83
72177,12
72178,85
72179,40
72180,78
72181,30
72182,31
72183,44
72184,12
72185,24
72186,84
72187,67
72188,14
72189,63
72190,84
72191,59
72192,7
72193,94
72194,73
72195,84
72196,16
72197,4
72198,12
72199,20
72200,43
72201,75
72202,88
72203,52
72204,27
72205,65
72206,20
72207,85
72208,56
72209,54
72210,1
72211,93
72212,64
72213,76
72214,2
72215,58
72216,83
72217,62
72218,4
72219,65
72220,89
72221,92
72222,17
72223,8
72224,21
72225,27
72226,59
72227,11
72228,36
72229,81
72230,97
72231,41
72232,53
72233,41
72234,66
72235,55
72236,45
72237,4
72238,55
72239,22
72240,61
72241,12
72242,58
72243,87
72244,27
72245,80
72246,5
72247,60
72248,60
72249,90
72250,44
72251,92
72252,11
72253,34
72254,61
72255,4
72256,65
72257,74
72258,67
72259,85
72260,64
72261,79
72262,65
72263,40
72264,26
72265,75
72266,4
72267,4
72268,85
72269,12
72270,79
72271,89
72272,8
72273,47
72274,31
72275,82
72276,35
72277,91
72278,14
72279,8
72280,15
72281,5
72282,71
72283,32
72284,95
72285,99
72286,41
72287,58
72288,35
72289,33
72290,1
72291,12
72292,42
72293,73
72294,56
72295,6
72296,58
72297,58
72298,50
72299,2
72300,26
72301,77
72302,53
72303,93
72304,63
72305,33
72306,22
72307,47
72308,54
72309,16
72310,78
72311,61
72312,60
72313,60
72314,43
72315,70
72316,2
72317,72
72318,66
72319,98
72320,7
72321,25
72322,14
72323,4
72324,12
72325,78
72326,11
72327,98
72328,62
72329,7
72330,73
72331,33
72332,71
72333,21
72334,49
72335,11
72336,21
72337,90
72338,57
72339,81
72340,18
72341,4
72342,15
72343,40
72344,73
72345,18
72346,64
72347,21
72348,16
72349,34
72350,38
72351,72
72352,54
72353,4
72354,72
72355,10
72356,77
72357,39
72358,87
72359,83
72360,96
72361,3
72362,79
72363,88
72364,57
72365,64
72366,87
72367,63
72368,66
72369,95
72370,33
72371,88
72372,57
72373,66
72374,6
72375,34
72376,28
72377,24
72378,27
72379,87
72380,68
72381,26
72382,73
72383,75
72384,81
72385,7
72386,37
72387,93
72388,8
72389,42
72390,24
72391,93
72392,65
72393,16
72394,6
72395,21
72396,9
72397,89
72398,12
72399,41
72400,27
72401,99
72402,58
72403,10
72404,8
72405,79
72406,80
72407,54
72408,4
72409,68
72410,37
72411,94
72412,65
72413,90
72414,82
72415,63
72416,24
72417,51
72418,37
72419,76
72420,92
72421,18
72422,98
72423,24
72424,47
72425,72
72426,60
72427,34
72428,50
72429,14
72430,85
72431,76
72432,48
72433,29
72434,20
72435,88
72436,88
72437,85
72438,40
72439,2
72440,72
72441,23
72442,95
72443,16
72444,87
72445,7
72446,5
72447,8
72448,14
72449,63
72450,87
72451,49
72452,10
72453,94
72454,45
72455,44
72456,76
72457,93
72458,58
72459,24
72460,11
72461,84
72462,87
72463,25
72464,75
72465,36
72466,84
72467,22
72468,64
72469,44
72470,73
72471,34
72472,47
72473,27
72474,0
72475,71
72476,40
72477,22
72478,83
72479,31
72480,86
72481,6
72482,74
72483,54
72484,71
72485,42
72486,13
72487,13
72488,99
72489,40
72490,90
72491,83
72492,88
72493,92
72494,13
72495,27
72496,29
72497,78
72498,53
72499,58
72500,84
72501,11
72502,74
72503,38
72504,69
72505,66
72506,14
72507,97
72508,3
72509,97
72510,43
72511,38
72512,69
72513,85
72514,36
72515,57
72516,31
72517,27
72518,89
72519,3
72520,9
72521,26
72522,83
72523,35
72524,4
72525,80
72526,49
72527,31
72528,98
72529,22
72530,76
72531,60
72532,0
72533,30
72534,18
72535,86
72536,53
72537,33
72538,3
72539,47
72540,47
72541,48
72542,59
72543,43
72544,33
72545,93
72546,55
72547,73
72548,5
72549,75
72550,75
72551,81
72552,35
72553,34
72554,24
72555,48
72556,54
72557,40
72558,56
72559,21
72560,93
72561,43
72562,28
72563,70
72564,47
72565,2
72566,84
72567,44
72568,19
72569,72
72570,35
72571,59
72572,77
72573,17
72574,96
72575,65
72576,100
72577,30
72578,85
72579,8
72580,19
72581,19
72582,46
72583,0
72584,93
72585,82
72586,99
72587,13
72588,0
72589,68
72590,9
72591,72
72592,48
72593,13
72594,59
72595,81
72596,41
72597,58
72598,24
72599,35
72600,94
72601,34
72602,90
72603,85
72604,10
72605,9
72606,7
72607,91
72608,22
72609,5
72610,77
72611,87
72612,63
72613,72
72614,45
72615,37
72616,24
72617,93
72618,85
72619,1
72620,88
72621,23
72622,100
72623,66
72624,89
72625,93
72626,92
72627,70
72628,60
72629,8
72630,44
72631,93
72632,15
72633,13
72634,25
72635,45
72636,100
72637,57
72638,73
72639,29
72640,85
72641,55
72642,93
72643,31
72644,77
72645,22
72646,16
72647,99
72648,92
72649,23
72650,46
72651,10
72652,40
72653,14
72654,85
72655,90
72656,51
72657,33
72658,59
72659,56
72660,32
72661,20
72662,23
72663,19
72664,67
72665,100
72666,100
72667,59
72668,45
72669,32
72670,30
72671,33
72672,21
72673,29
72674,4
72675,40
72676,44
72677,86
72678,60
72679,12
72680,8
72681,77
72682,80
72683,34
72684,17
72685,11
72686,40
72687,15
72688,93
72689,12
72690,17
72691,75
72692,97
72693,50
72694,32
72695,69
72696,81
72697,66
72698,53
72699,5
72700,35
72701,54
72702,49
72703,85
72704,70
72705,93
72706,65
72707,95
72708,14
72709,21
72710,48
72711,37
72712,7
72713,7
72714,99
72715,83
72716,36
72717,71
72718,77
72719,83
72720,98
72721,24
72722,81
72723,53
72724,20
72725,100
72726,58
72727,30
72728,5
72729,41
72730,51
72731,46
72732,83
72733,27
72734,35
72735,39
72736,89
72737,12
72738,48
72739,3
72740,97
72741,100
72742,63
72743,97
72744,79
72745,22
72746,57
72747,86
72748,14
72749,88
72750,92
72751,99
72752,78
72753,100
72754,98
72755,45
72756,38
72757,46
72758,36
72759,40
72760,91
72761,44
72762,29
72763,70
72764,67
72765,6
72766,96
72767,46
72768,46
72769,81
72770,78
72771,98
72772,100
72773,59
72774,4
72775,47
72776,86
72777,73
72778,88
72779,21
72780,94
72781,22
72782,91
72783,44
72784,78
72785,51
72786,70
72787,45
72788,37
72789,39
72790,14
72791,68
72792,11
72793,76
72794,66
72795,56
72796,18
72797,89
72798,29
72799,91
72800,78
72801,17
72802,62
72803,6
72804,59
72805,77
72806,87
72807,62
72808,56
72809,87
72810,74
72811,38
72812,42
72813,55
72814,9
72815,96
72816,19
72817,63
72818,38
72819,85
72820,98
72821,27
72822,99
72823,29
72824,57
72825,69
72826,61
72827,0
72828,67
72829,24
72830,38
72831,10
72832,58
72833,36
72834,75
72835,28
72836,97
72837,81
72838,8
72839,45
72840,75
72841,8
72842,64
72843,70
72844,41
72845,33
72846,95
72847,27
72848,89
72849,99
72850,60
72851,39
72852,53
72853,58
72854,77
72855,44
72856,94
72857,79
72858,38
72859,41
72860,10
72861,74
72862,37
72863,56
72864,11
72865,41
72866,62
72867,8
72868,21
72869,37
72870,72
72871,56
72872,66
72873,98
72874,29
72875,25
72876,71
72877,53
72878,31
72879,21
72880,7
72881,65
72882,13
72883,4
72884,12
72885,86
72886,76
72887,82
72888,23
72889,34
72890,77
72891,67
72892,25
72893,73
72894,37
72895,33
72896,33
72897,18
72898,2
72899,35
72900,3
72901,25
72902,74
72903,2
72904,48
72905,8
72906,45
72907,65
72908,13
72909,2
72910,1
72911,85
72912,92
72913,32
72914,99
72915,9
72916,52
72917,43
72918,37
72919,20
72920,94
72921,34
72922,66
72923,82
72924,21
72925,19
72926,99
72927,82
72928,67
72929,95
72930,7
72931,50
72932,25
72933,50
72934,64
72935,25
72936,46
72937,42
72938,8
72939,34
72940,81
72941,18
72942,47
72943,79
72944,27
72945,2
72946,17
72947,12
72948,26
72949,39
72950,38
72951,57
72952,56
72953,23
72954,92
72955,21
72956,50
72957,89
72958,83
72959,87
72960,75
72961,81
72962,75
72963,37
72964,95
72965,60
72966,48
72967,22
72968,3
72969,75
72970,80
72971,84
72972,36
72973,92
72974,5
72975,27
72976,7
72977,94
72978,19
72979,15
72980,12
72981,78
72982,61
72983,76
72984,65
72985,52
72986,83
72987,27
72988,17
72989,6
72990,20
72991,40
72992,38
72993,72
72994,9
72995,30
72996,41
72997,76
72998,68
72999,58
73000,37
73001,42
73002,99
73003,1
73004,5
73005,76
73006,28
73007,77
73008,29
73009,88
73010,39
73011,98
73012,36
73013,6
73014,49
73015,17
73016,7
73017,70
73018,97
73019,99
73020,54
73021,47
73022,73
73023,57
73024,92
73025,15
73026,24
73027,28
73028,7
73029,83
73030,99
73031,54
73032,51
73033,90
73034,76
73035,25
73036,24
73037,91
73038,72
73039,25
73040,75
73041,89
73042,46
73043,85
73044,0
73045,63
73046,11
73047,23
73048,29
73049,13
73050,22
73051,1
73052,2
73053,5
73054,82
73055,20
73056,19
73057,20
73058,39
73059,67
73060,24
73061,70
73062,70
73063,32
73064,50
73065,89
73066,80
73067,71
73068,89
73069,78
73070,19
73071,18
73072,70
73073,55
73074,55
73075,0
73076,38
73077,36
73078,17
73079,71
73080,78
73081,5
73082,100
73083,21
73084,10
73085,89
73086,71
73087,8
73088,12
73089,2
73090,66
73091,6
73092,66
73093,74
73094,45
73095,57
73096,27
73097,30
73098,51
73099,8
73100,90
73101,75
73102,7
73103,85
73104,17
73105,93
73106,48
73107,10
73108,1
73109,28
73110,54
73111,52
73112,25
73113,50
73114,77
73115,91
73116,98
73117,5
73118,99
73119,11
73120,33
73121,69
73122,63
73123,36
73124,36
73125,7
73126,36
73127,96
73128,45
73129,30
73130,97
73131,10
73132,35
73133,67
73134,16
73135,15
73136,29
73137,38
73138,43
73139,68
73140,36
73141,25
73142,91
73143,82
73144,20
73145,91
73146,18
73147,99
73148,10
73149,18
73150,68
73151,1
73152,24
73153,89
73154,29
73155,16
73156,84
73157,83
73158,17
73159,79
73160,91
73161,75
73162,39
73163,5
73164,87
73165,42
73166,69
73167,16
73168,41
73169,18
73170,54
73171,91
73172,28
73173,53
73174,70
73175,82
73176,7
73177,7
73178,68
73179,42
73180,97
73181,49
73182,84
73183,3
73184,35
73185,4
73186,86
73187,18
73188,41
73189,14
73190,57
73191,13
73192,47
73193,71
73194,72
73195,74
73196,81
73197,62
73198,54
73199,31
73200,35
73201,84
73202,90
73203,84
73204,74
73205,56
73206,43
73207,33
73208,50
73209,68
73210,91
73211,9
73212,11
73213,40
73214,2
73215,64
73216,100
73217,39
73218,64
73219,76
73220,78
73221,70
73222,29
73223,87
73224,71
73225,66
73226,78
73227,99
73228,42
73229,52
73230,77
73231,90
73232,29
73233,40
73234,43
73235,36
73236,5
73237,82
73238,36
73239,0
73240,88
73241,9
73242,25
73243,86
73244,16
73245,63
73246,93
73247,26
73248,74
73249,67
73250,17
73251,82
73252,99
73253,49
73254,89
73255,64
73256,19
73257,61
73258,74
73259,58
73260,24
73261,82
73262,95
73263,64
73264,64
73265,66
73266,57
73267,39
73268,95
73269,46
73270,99
73271,42
73272,7
73273,93
73274,61
73275,33
73276,7
73277,24
73278,25
73279,90
73280,53
73281,82
73282,86
73283,40
73284,79
73285,71
73286,62
73287,93
73288,71
73289,74
73290,6
73291,84
73292,97
73293,84
73294,68
73295,49
73296,42
73297,16
73298,20
73299,5
73300,70
73301,74
73302,81
73303,37
73304,62
73305,11
73306,21
73307,2
73308,18
73309,42
73310,86
73311,97
73312,66
73313,86
73314,4
73315,28
73316,97
73317,4
73318,92
73319,44
73320,53
73321,23
73322,20
73323,31
73324,4
73325,61
73326,17
73327,34
73328,79
73329,98
73330,87
73331,99
73332,4
73333,8
73334,3
73335,32
73336,90
73337,21
73338,58
73339,10
73340,68
73341,9
73342,2
73343,14
73344,36
73345,39
73346,16
73347,19
73348,3
73349,97
73350,33
73351,94
73352,33
73353,66
73354,27
73355,100
73356,92
73357,78
73358,35
73359,34
73360,40
73361,58
73362,73
73363,16
73364,29
73365,53
73366,51
73367,71
73368,22
73369,18
73370,36
73371,58
73372,35
73373,67
73374,25
73375,26
73376,76
73377,61
73378,61
73379,51
73380,43
73381,97
73382,32
73383,89
73384,83
73385,62
73386,71
73387,79
73388,68
73389,33
73390,26
73391,35
73392,3
73393,52
73394,70
73395,36
73396,99
73397,87
73398,78
73399,49
73400,69
73401,25
73402,89
73403,24
73404,32
73405,66
73406,72
73407,36
73408,37
73409,93
73410,26
73411,12
73412,22
73413,66
73414,86
73415,98
73416,87
73417,54
73418,36
73419,11
73420,53
73421,19
73422,17
73423,6
73424,89
73425,75
73426,97
73427,95
73428,93
73429,1
73430,53
73431,7
73432,32
73433,45
73434,41
73435,93
73436,62
73437,91
73438,76
73439,87
73440,32
73441,68
73442,69
73443,3
73444,57
73445,97
73446,28
73447,20
73448,25
73449,95
73450,85
73451,40
73452,77
73453,33
73454,100
73455,43
73456,0
73457,31
73458,31
73459,50
73460,23
73461,43
73462,84
73463,75
73464,83
73465,36
73466,83
73467,65
73468,13
73469,16
73470,87
73471,93
73472,14
73473,60
73474,48
73475,97
73476,7
73477,2
73478,74
73479,26
73480,8
73481,14
73482,31
73483,10
73484,2
73485,25
73486,6
73487,91
73488,54
73489,38
73490,3
73491,29
73492,37
73493,50
73494,77
73495,35
73496,94
73497,82
73498,59
73499,50
73500,75
73501,48
73502,14
73503,72
73504,90
73505,83
73506,27
73507,24
73508,79
73509,81
73510,35
73511,3
73512,20
73513,90
73514,64
73515,68
73516,9
73517,49
73518,84
73519,9
73520,89
73521,15
73522,37
73523,66
73524,19
73525,68
73526,69
73527,24
73528,88
73529,53
73530,11
73531,64
73532,53
73533,66
73534,20
73535,4
73536,57
73537,78
73538,3
73539,18
73540,80
73541,54
73542,60
73543,71
73544,100
73545,23
73546,67
73547,87
73548,18
73549,23
73550,53
73551,20
73552,80
73553,71
73554,94
73555,18
73556,74
73557,52
73558,49
73559,22
73560,36
73561,27
73562,86
73563,75
73564,79
73565,79
73566,77
73567,70
73568,20
73569,20
73570,40
73571,34
73572,87
73573,0
73574,77
73575,83
73576,91
73577,81
73578,66
73579,90
73580,69
73581,3
73582,0
73583,20
73584,98
73585,91
73586,81
73587,51
73588,98
73589,52
73590,84
73591,79
73592,55
73593,89
73594,72
73595,86
73596,65
73597,66
73598,32
73599,87
73600,22
73601,5
73602,84
73603,46
73604,57
73605,4
73606,76
73607,76
73608,82
73609,8
73610,2
73611,60
73612,94
73613,63
73614,45
73615,55
73616,38
73617,12
73618,40
73619,10
73620,40
73621,74
73622,46
73623,48
73624,64
73625,34
73626,34
73627,66
73628,3
73629,23
73630,93
73631,95
73632,83
73633,35
73634,76
73635,55
73636,3
73637,91
73638,39
73639,42
73640,57
73641,61
73642,6
73643,8
73644,21
73645,3
73646,35
73647,96
73648,69
73649,66
73650,34
73651,32
73652,6
73653,98
73654,54
73655,46
73656,61
73657,66
73658,63
73659,42
73660,17
73661,2
73662,58
73663,61
73664,38
73665,90
73666,63
73667,72
73668,80
73669,59
73670,41
73671,4
73672,45
73673,3
73674,13
73675,92
73676,10
73677,59
73678,21
73679,4
73680,52
73681,11
73682,20
73683,78
73684,23
73685,12
73686,95
73687,25
73688,39
73689,25
73690,99
73691,44
73692,29
73693,63
73694,72
73695,87
73696,37
73697,17
73698,8
73699,85
73700,55
73701,37
73702,20
73703,70
73704,11
73705,35
73706,10
73707,66
73708,26
73709,62
73710,70
73711,65
73712,73
73713,66
73714,80
73715,64
73716,33
73717,76
73718,77
73719,80
73720,33
73721,63
73722,16
73723,50
73724,55
73725,88
73726,93
73727,47
73728,99
73729,61
73730,55
73731,10
73732,84
73733,19
73734,92
73735,67
73736,33
73737,41
73738,40
73739,61
73740,16
73741,11
73742,67
73743,40
73744,13
73745,3
73746,97
73747,81
73748,76
73749,73
73750,13
73751,8
73752,42
73753,19
73754,0
73755,92
73756,80
73757,71
73758,16
73759,84
73760,88
73761,19
73762,58
73763,88
73764,84
73765,12
73766,76
73767,46
73768,49
73769,93
73770,76
73771,39
73772,6
73773,54
73774,50
73775,75
73776,1
73777,13
73778,16
73779,76
73780,0
73781,0
73782,25
73783,45
73784,12
73785,33
73786,61
73787,72
73788,50
73789,82
73790,86
73791,40
73792,54
73793,27
73794,93
73795,60
73796,6
73797,77
73798,1
73799,75
73800,1
73801,27
73802,53
73803,91
73804,75
73805,93
73806,57
73807,46
73808,60
73809,39
73810,85
73811,17
73812,13
73813,24
73814,9
73815,99
73816,47
73817,47
73818,60
73819,52
73820,8
73821,10
73822,26
73823,58
73824,57
73825,12
73826,64
73827,10
73828,56
73829,66
73830,65
73831,23
73832,83
73833,48
73834,39
73835,78
73836,69
73837,83
73838,85
73839,1
73840,53
73841,14
73842,47
73843,97
73844,53
73845,45
73846,56
73847,54
73848,59
73849,94
73850,29
73851,27
73852,51
73853,96
73854,40
73855,20
73856,86
73857,41
73858,12
73859,44
73860,89
73861,53
73862,18
73863,26
73864,39
73865,6
73866,24
73867,48
73868,35
73869,70
73870,83
73871,23
73872,60
73873,91
73874,68
73875,51
73876,35
73877,94
73878,50
73879,32
73880,52
73881,87
73882,73
73883,37
73884,43
73885,4
73886,30
73887,8
73888,31
73889,40
73890,4
73891,50
73892,53
73893,90
73894,27
73895,42
73896,11
73897,68
73898,71
73899,16
73900,7
73901,97
73902,86
73903,17
73904,9
73905,38
73906,40
73907,43
73908,68
73909,42
73910,80
73911,46
73912,74
73913,47
73914,18
73915,20
73916,2
73917,55
73918,42
73919,0
73920,87
73921,35
73922,5
73923,73
73924,45
73925,97
73926,87
73927,22
73928,19
73929,52
73930,37
73931,34
73932,33
73933,49
73934,46
73935,35
73936,15
73937,86
73938,48
73939,64
73940,62
73941,51
73942,72
73943,75
73944,59
73945,100
73946,16
73947,66
73948,37
73949,28
73950,30
73951,98
73952,58
73953,53
73954,52
73955,25
73956,12
73957,56
73958,18
73959,95
73960,26
73961,12
73962,51
73963,97
73964,63
73965,57
73966,18
73967,82
73968,2
73969,66
73970,25
73971,5
73972,12
73973,26
73974,87
73975,9
73976,15
73977,22
73978,46
73979,11
73980,27
73981,76
73982,17
73983,57
73984,1
73985,45
73986,16
73987,86
73988,63
73989,86
73990,64
73991,53
73992,42
73993,77
73994,75
73995,54
73996,13
73997,43
73998,37
73999,57
74000,48
74001,15
74002,97
74003,81
74004,73
74005,82
74006,29
74007,67
74008,70
74009,79
74010,36
74011,68
74012,54
74013,38
74014,56
74015,48
74016,96
74017,62
74018,98
74019,33
74020,56
74021,96
74022,61
74023,38
74024,73
74025,66
74026,61
74027,28
74028,98
74029,30
74030,59
74031,38
74032,78
74033,0
74034,55
74035,82
74036,100
74037,57
74038,90
74039,20
74040,53
74041,70
74042,42
74043,96
74044,53
74045,1
74046,13
74047,2
74048,13
74049,4
74050,80
74051,38
74052,0
74053,42
74054,91
74055,58
74056,77
74057,80
74058,14
74059,45
74060,6
74061,41
74062,6
74063,46
74064,87
74065,89
74066,77
74067,18
74068,52
74069,89
74070,15
74071,97
74072,61
74073,65
74074,64
74075,50
74076,35
74077,34
74078,23
74079,68
74080,28
74081,0
74082,56
74083,8
74084,99
74085,79
74086,14
74087,73
74088,100
74089,15
74090,47
74091,35
74092,52
74093,78
74094,2
74095,18
74096,40
74097,36
74098,58
74099,66
74100,7
74101,87
74102,13
74103,60
74104,34
74105,15
74106,70
74107,34
74108,7
74109,59
74110,11
74111,48
74112,79
74113,67
74114,34
74115,44
74116,40
74117,60
74118,95
74119,75
74120,84
74121,14
74122,98
74123,66
74124,58
74125,1
74126,5
74127,56
74128,15
74129,22
74130,94
74131,40
74132,29
74133,66
74134,54
74135,79
74136,3
74137,99
74138,27
74139,49
74140,27
74141,52
74142,66
74143,25
74144,38
74145,12
74146,70
74147,53
74148,12
74149,58
74150,3
74151,79
74152,56
74153,91
74154,59
74155,46
74156,76
74157,73
74158,4
74159,35
74160,18
74161,29
74162,40
74163,47
74164,27
74165,30
74166,99
74167,56
74168,42
74169,64
74170,8
74171,11
74172,86
74173,11
74174,41
74175,72
74176,52
74177,89
74178,93
74179,56
74180,83
74181,15
74182,76
74183,98
74184,49
74185,3
74186,88
74187,12
74188,59
74189,27
74190,11
74191,23
74192,91
74193,0
74194,33
74195,2
74196,21
74197,84
74198,26
74199,20
74200,85
74201,12
74202,43
74203,79
74204,23
74205,45
74206,16
74207,4
74208,37
74209,58
74210,26
74211,53
74212,95
74213,89
74214,70
74215,99
74216,54
74217,70
74218,42
74219,90
74220,37
74221,87
74222,87
74223,60
74224,44
74225,57
74226,28
74227,53
74228,90
74229,33
74230,20
74231,44
74232,0
74233,9
74234,57
74235,93
74236,27
74237,60
74238,29
74239,27
74240,28
74241,30
74242,67
74243,82
74244,73
74245,30
74246,97
74247,40
74248,63
74249,41
74250,43
74251,30
74252,10
74253,35
74254,31
74255,86
74256,38
74257,66
74258,59
74259,91
74260,24
74261,27
74262,18
74263,82
74264,28
74265,49
74266,18
74267,55
74268,17
74269,44
74270,87
74271,79
74272,81
74273,40
74274,12
74275,67
74276,76
74277,98
74278,67
74279,82
74280,23
74281,32
74282,96
74283,72
74284,54
74285,2
74286,2
74287,29
74288,17
74289,65
74290,95
74291,42
74292,72
74293,65
74294,83
74295,26
74296,99
74297,18
74298,15
74299,25
74300,13
74301,46
74302,17
74303,27
74304,18
74305,29
74306,20
74307,20
74308,47
74309,54
74310,29
74311,41
74312,36
74313,40
74314,45
74315,95
74316,93
74317,85
74318,59
74319,87
74320,73
74321,87
74322,0
74323,53
74324,34
74325,15
74326,4
74327,30
74328,36
74329,24
74330,61
74331,24
74332,66
74333,37
74334,95
74335,47
74336,83
74337,93
74338,63
74339,1
74340,63
74341,68
74342,82
74343,19
74344,85
74345,10
74346,81
74347,90
74348,30
74349,34
74350,43
74351,54
74352,44
74353,20
74354,51
74355,19
74356,8
74357,94
74358,8
74359,57
74360,70
74361,32
74362,0
74363,82
74364,2
74365,38
74366,11
74367,93
74368,15
74369,76
74370,49
74371,87
74372,80
74373,26
74374,28
74375,77
74376,68
74377,51
74378,5
74379,23
74380,39
74381,32
74382,8
74383,48
74384,66
74385,22
74386,84
74387,21
74388,71
74389,83
74390,77
74391,93
74392,7
74393,18
74394,37
74395,99
74396,5
74397,51
74398,33
74399,73
74400,94
74401,10
74402,42
74403,34
74404,10
74405,39
74406,31
74407,48
74408,89
74409,85
74410,56
74411,64
74412,47
74413,92
74414,51
74415,38
74416,85
74417,53
74418,95
74419,24
74420,44
74421,28
74422,100
74423,31
74424,93
74425,81
74426,66
74427,11
74428,57
74429,19
74430,49
74431,7
74432,30
74433,23
74434,12
74435,71
74436,41
74437,77
74438,78
74439,84
74440,78
74441,25
74442,37
74443,37
74444,54
74445,96
74446,9
74447,82
74448,10
74449,2
74450,22
74451,61
74452,69
74453,40
74454,40
74455,92
74456,3
74457,2
74458,83
74459,50
74460,54
74461,62
74462,48
74463,71
74464,69
74465,68
74466,7
74467,7
74468,98
74469,18
74470,73
74471,54
74472,98
74473,72
74474,71
74475,7
74476,56
74477,71
74478,83
74479,6
74480,45
74481,21
74482,80
74483,43
74484,4
74485,97
74486,24
74487,46
74488,42
74489,14
74490,63
74491,30
74492,82
74493,43
74494,94
74495,46
74496,11
74497,63
74498,22
74499,49
74500,86
74501,35
74502,10
74503,85
74504,46
74505,55
74506,93
74507,68
74508,36
74509,83
74510,9
74511,55
74512,85
74513,41
74514,29
74515,93
74516,21
74517,54
74518,37
74519,55
74520,70
74521,35
74522,77
74523,10
74524,6
74525,95
74526,81
74527,33
74528,62
74529,1
74530,61
74531,6
74532,42
74533,94
74534,17
74535,19
74536,6
74537,85
74538,51
74539,36
74540,97
74541,45
74542,41
74543,59
74544,79
74545,77
74546,31
74547,37
74548,38
74549,25
74550,29
74551,40
74552,8
74553,31
74554,55
74555,52
74556,6
74557,75
74558,22
74559,80
74560,51
74561,20
74562,75
74563,85
74564,22
74565,68
74566,17
74567,100
74568,36
74569,6
74570,60
74571,2
74572,0
74573,59
74574,5
74575,70
74576,90
74577,57
74578,30
74579,7
74580,77
74581,14
74582,6
74583,6
74584,32
74585,40
74586,56
74587,6
74588,58
74589,19
74590,70
74591,49
74592,13
74593,14
74594,81
74595,9
74596,98
74597,90
74598,64
74599,54
74600,27
74601,97
74602,47
74603,2
74604,59
74605,2
74606,74
74607,67
74608,93
74609,38
74610,53
74611,31
74612,15
74613,16
74614,10
74615,99
74616,31
74617,98
74618,26
74619,97
74620,4
74621,88
74622,91
74623,17
74624,2
74625,27
74626,65
74627,33
74628,85
74629,21
74630,29
74631,97
74632,47
74633,64
74634,92
74635,60
74636,18
74637,82
74638,51
74639,40
74640,92
74641,96
74642,80
74643,64
74644,49
74645,40
74646,32
74647,99
74648,85
74649,81
74650,16
74651,95
74652,83
74653,54
74654,86
74655,91
74656,45
74657,89
74658,58
74659,70
74660,56
74661,19
74662,40
74663,74
74664,70
74665,37
74666,26
74667,8
74668,67
74669,37
74670,92
74671,89
74672,24
74673,13
74674,36
74675,49
74676,91
74677,71
74678,41
74679,74
74680,53
74681,34
74682,30
74683,97
74684,45
74685,99
74686,16
74687,84
74688,89
74689,91
74690,52
74691,21
74692,57
74693,40
74694,2
74695,91
74696,62
74697,99
74698,65
74699,45
74700,83
74701,99
74702,7
74703,38
74704,24
74705,78
74706,93
74707,46
74708,33
74709,67
74710,56
74711,85
74712,24
74713,72
74714,86
74715,61
74716,38
74717,75
74718,77
74719,6
74720,94
74721,5
74722,86
74723,53
74724,82
74725,84
74726,18
74727,46
74728,18
74729,33
74730,42
74731,12
74732,35
74733,24
74734,96
74735,55
74736,20
74737,33
74738,24
74739,81
74740,10
74741,18
74742,48
74743,48
74744,33
74745,1
74746,29
74747,37
74748,14
74749,74
74750,87
74751,59
74752,3
74753,82
74754,92
74755,13
74756,80
74757,7
74758,76
74759,86
74760,92
74761,10
74762,79
74763,49
74764,86
74765,75
74766,37
74767,23
74768,94
74769,37
74770,99
74771,61
74772,55
74773,64
74774,89
74775,16
74776,99
74777,16
74778,100
74779,26
74780,88
74781,93
74782,24
74783,95
74784,75
74785,48
74786,57
74787,84
74788,97
74789,0
74790,12
74791,52
74792,20
74793,0
74794,76
74795,30
74796,60
74797,86
74798,2
74799,74
74800,28
74801,47
74802,81
74803,61
74804,24
74805,33
74806,17
74807,64
74808,27
74809,3
74810,20
74811,69
74812,20
74813,100
74814,93
74815,19
74816,40
74817,95
74818,52
74819,61
74820,30
74821,99
74822,24
74823,68
74824,71
74825,16
74826,78
74827,19
74828,44
74829,92
74830,99
74831,49
74832,50
74833,91
74834,71
74835,77
74836,32
74837,97
74838,28
74839,21
74840,66
74841,86
74842,2
74843,5
74844,39
74845,86
74846,75
74847,68
74848,4
74849,2
74850,3
74851,62
74852,87
74853,4
74854,60
74855,94
74856,56
74857,98
74858,41
74859,82
74860,55
74861,71
74862,27
74863,54
74864,37
74865,22
74866,6
74867,37
74868,76
74869,56
74870,84
74871,36
74872,5
74873,9
74874,26
74875,89
74876,56
74877,91
74878,15
74879,58
74880,27
74881,2
74882,56
74883,64
74884,66
74885,29
74886,18
74887,96
74888,7
74889,61
74890,18
74891,35
74892,100
74893,68
74894,59
74895,33
74896,54
74897,26
74898,38
74899,41
74900,41
74901,87
74902,47
74903,30
74904,21
74905,86
74906,40
74907,23
74908,39
74909,31
74910,50
74911,32
74912,27
74913,80
74914,89
74915,81
74916,78
74917,62
74918,21
74919,17
74920,84
74921,82
74922,1
74923,93
74924,88
74925,25
74926,38
74927,16
74928,15
74929,26
74930,48
74931,2
74932,41
74933,62
74934,28
74935,1
74936,13
74937,11
74938,23
74939,27
74940,17
74941,88
74942,100
74943,5
74944,29
74945,94
74946,33
74947,82
74948,57
74949,27
74950,71
74951,74
74952,52
74953,15
74954,25
74955,64
74956,56
74957,30
74958,26
74959,48
74960,8
74961,25
74962,5
74963,6
74964,12
74965,48
74966,9
74967,42
74968,48
74969,94
74970,100
74971,17
74972,10
74973,9
74974,27
74975,84
74976,52
74977,53
74978,24
74979,5
74980,10
74981,32
74982,68
74983,97
74984,95
74985,45
74986,87
74987,76
74988,54
74989,69
74990,97
74991,50
74992,24
74993,22
74994,49
74995,45
74996,76
74997,91
74998,43
74999,12
75000,70
75001,47
75002,16
75003,72
75004,13
75005,29
75006,29
75007,32
75008,53
75009,56
75010,88
75011,30
75012,22
75013,51
75014,90
75015,96
75016,53
75017,46
75018,48
75019,83
75020,55
75021,91
75022,7
75023,21
75024,61
75025,53
75026,34
75027,94
75028,87
75029,14
75030,94
75031,4
75032,85
75033,16
75034,91
75035,2
75036,18
75037,90
75038,80
75039,95
75040,36
75041,20
75042,100
75043,50
75044,53
75045,10
75046,64
75047,29
75048,89
75049,42
75050,35
75051,89
75052,56
75053,90
75054,25
75055,81
75056,96
75057,99
75058,100
75059,97
75060,59
75061,89
75062,21
75063,23
75064,11
75065,74
75066,59
75067,20
75068,79
75069,35
75070,6
75071,60
75072,52
75073,27
75074,23
75075,52
75076,12
75077,77
75078,94
75079,71
75080,0
75081,80
75082,40
75083,58
75084,12
75085,53
75086,46
75087,26
75088,76
75089,39
75090,90
75091,31
75092,57
75093,75
75094,42
75095,51
75096,76
75097,79
75098,33
75099,5
75100,47
75101,17
75102,80
75103,38
75104,77
75105,6
75106,5
75107,75
75108,97
75109,52
75110,0
75111,28
75112,91
75113,68
75114,84
75115,97
75116,84
75117,87
75118,48
75119,58
75120,12
75121,44
75122,45
75123,22
75124,31
75125,71
75126,74
75127,12
75128,52
75129,19
75130,0
75131,56
75132,65
75133,10
75134,45
75135,29
75136,68
75137,6
75138,23
75139,94
75140,47
75141,93
75142,42
75143,78
75144,35
75145,73
75146,0
75147,6
75148,43
75149,60
75150,25
75151,29
75152,0
75153,62
75154,14
75155,62
75156,54
75157,56
75158,19
75159,21
75160,88
75161,49
75162,35
75163,36
75164,45
75165,26
75166,18
75167,82
75168,15
75169,53
75170,84
75171,96
75172,94
75173,33
75174,78
75175,50
75176,35
75177,52
75178,89
75179,93
75180,61
75181,30
75182,88
75183,3
75184,11
75185,52
75186,60
75187,18
75188,55
75189,8
75190,24
75191,53
75192,46
75193,40
75194,50
75195,49
75196,6
75197,26
75198,47
75199,54
75200,62
75201,5
75202,34
75203,31
75204,77
75205,5
75206,62
75207,17
75208,30
75209,51
75210,15
75211,55
75212,66
75213,94
75214,61
75215,80
75216,51
75217,4
75218,52
75219,79
75220,16
75221,30
75222,15
75223,56
75224,20
75225,40
75226,38
75227,36
75228,40
75229,52
75230,73
75231,31
75232,24
75233,52
75234,63
75235,32
75236,100
75237,37
75238,91
75239,78
75240,7
75241,0
75242,73
75243,58
75244,34
75245,96
75246,15
75247,13
75248,4
75249,79
75250,20
75251,57
75252,56
75253,10
75254,70
75255,7
75256,80
75257,93
75258,13
75259,48
75260,32
75261,23
75262,70
75263,37
75264,78
75265,49
75266,88
75267,63
75268,80
75269,96
75270,1
75271,38
75272,73
75273,13
75274,11
75275,80
75276,77
75277,50
75278,9
75279,43
75280,39
75281,92
75282,59
75283,69
75284,30
75285,36
75286,72
75287,57
75288,42
75289,96
75290,70
75291,37
75292,7
75293,33
75294,16
75295,16
75296,93
75297,81
75298,52
75299,14
75300,63
75301,56
75302,19
75303,60
75304,24
75305,77
75306,26
75307,46
75308,98
75309,27
75310,5
75311,40
75312,58
75313,94
75314,77
75315,60
75316,79
75317,48
75318,99
75319,4
75320,95
75321,10
75322,85
75323,39
75324,91
75325,69
75326,38
75327,69
75328,19
75329,3
75330,88
75331,12
75332,48
75333,75
75334,8
75335,58
75336,2
75337,95
75338,10
75339,4
75340,34
75341,23
75342,69
75343,81
75344,5
75345,85
75346,41
75347,42
75348,13
75349,75
75350,24
75351,83
75352,17
75353,23
75354,62
75355,78
75356,94
75357,0
75358,14
75359,53
75360,33
75361,51
75362,1
75363,35
75364,22
75365,23
75366,31
75367,50
75368,45
75369,12
75370,96
75371,13
75372,16
75373,15
75374,31
75375,78
75376,94
75377,11
75378,96
75379,2
75380,74
75381,52
75382,42
75383,4
75384,46
75385,26
75386,51
75387,55
75388,79
75389,98
75390,79
75391,79
75392,85
75393,67
75394,95
75395,90
75396,14
75397,18
75398,25
75399,78
75400,44
75401,9
75402,97
75403,25
75404,7
75405,79
75406,92
75407,31
75408,20
75409,95
75410,44
75411,54
75412,11
75413,47
75414,58
75415,73
75416,69
75417,36
75418,81
75419,30
75420,98
75421,2
75422,68
75423,97
75424,58
75425,32
75426,35
75427,73
75428,2
75429,74
75430,2
75431,91
75432,58
75433,53
75434,27
75435,8
75436,25
75437,28
75438,9
75439,26
75440,62
75441,61
75442,95
75443,17
75444,52
75445,81
75446,85
75447,16
75448,48
75449,88
75450,25
75451,4
75452,72
75453,43
75454,23
75455,56
75456,6
75457,19
75458,55
75459,71
75460,18
75461,98
75462,63
75463,42
75464,43
75465,24
75466,16
75467,38
75468,24
75469,98
75470,38
75471,38
75472,58
75473,65
75474,15
75475,52
75476,77
75477,28
75478,65
75479,9
75480,1
75481,90
75482,12
75483,53
75484,1
75485,41
75486,13
75487,80
75488,50
75489,48
75490,37
75491,99
75492,33
75493,28
75494,63
75495,22
75496,22
75497,15
75498,43
75499,59
75500,70
75501,64
75502,18
75503,44
75504,96
75505,97
75506,0
75507,11
75508,24
75509,86
75510,88
75511,94
75512,87
75513,9
75514,65
75515,32
75516,100
75517,86
75518,1
75519,3
75520,22
75521,40
75522,37
75523,86
75524,55
75525,75
75526,43
75527,63
75528,23
75529,92
75530,40
75531,27
75532,61
75533,14
75534,61
75535,9
75536,97
75537,28
75538,30
75539,62
75540,86
75541,17
75542,6
75543,26
75544,8
75545,19
75546,84
75547,91
75548,49
75549,60
75550,66
75551,73
75552,16
75553,98
75554,20
75555,72
75556,80
75557,31
75558,47
75559,37
75560,27
75561,81
75562,59
75563,69
75564,57
75565,69
75566,80
75567,52
75568,9
75569,1
75570,96
75571,24
75572,37
75573,0
75574,79
75575,89
75576,75
75577,72
75578,12
75579,70
75580,0
75581,30
75582,98
75583,87
75584,66
75585,55
75586,18
75587,3
75588,27
75589,43
75590,29
75591,35
75592,52
75593,58
75594,67
75595,86
75596,74
75597,3
75598,10
75599,52
75600,87
75601,53
75602,83
75603,44
75604,16
75605,63
75606,57
75607,12
75608,80
75609,50
75610,51
75611,14
75612,3
75613,81
75614,8
75615,66
75616,90
75617,81
75618,80
75619,73
75620,56
75621,100
75622,28
75623,46
75624,4
75625,69
75626,63
75627,58
75628,34
75629,4
75630,49
75631,59
75632,14
75633,90
75634,96
75635,23
75636,20
75637,1
75638,82
75639,44
75640,81
75641,9
75642,44
75643,36
75644,22
75645,44
75646,40
75647,64
75648,60
75649,5
75650,64
75651,17
75652,90
75653,39
75654,37
75655,44
75656,16
75657,89
75658,12
75659,9
75660,89
75661,30
75662,86
75663,49
75664,83
75665,22
75666,44
75667,90
75668,78
75669,37
75670,10
75671,7
75672,77
75673,12
75674,85
75675,33
75676,64
75677,100
75678,95
75679,74
75680,9
75681,93
75682,75
75683,97
75684,88
75685,35
75686,3
75687,20
75688,60
75689,93
75690,37
75691,75
75692,38
75693,88
75694,53
75695,61
75696,18
75697,1
75698,21
75699,93
75700,56
75701,99
75702,2
75703,22
75704,3
75705,27
75706,77
75707,69
75708,69
75709,40
75710,36
75711,6
75712,76
75713,0
75714,87
75715,33
75716,51
75717,9
75718,59
75719,5
75720,67
75721,71
75722,47
75723,78
75724,44
75725,11
75726,69
75727,20
75728,95
75729,95
75730,90
75731,74
75732,85
75733,35
75734,86
75735,100
75736,22
75737,54
75738,26
75739,97
75740,19
75741,14
75742,41
75743,3
75744,28
75745,54
75746,74
75747,48
75748,70
75749,74
75750,53
75751,32
75752,93
75753,95
75754,36
75755,76
75756,6
75757,23
75758,54
75759,10
75760,94
75761,77
75762,43
75763,89
75764,64
75765,5
75766,30
75767,42
75768,11
75769,64
75770,51
75771,69
75772,92
75773,29
75774,76
75775,93
75776,75
75777,73
75778,54
75779,38
75780,73
75781,81
75782,5
75783,55
75784,7
75785,83
75786,54
75787,15
75788,1
75789,63
75790,10
75791,87
75792,82
75793,3
75794,2
75795,14
75796,67
75797,42
75798,80
75799,8
75800,24
75801,64
75802,65
75803,54
75804,44
75805,32
75806,21
75807,41
75808,75
75809,26
75810,10
75811,41
75812,77
75813,77
75814,21
75815,8
75816,78
75817,96
75818,56
75819,82
75820,30
75821,17
75822,11
75823,39
75824,100
75825,44
75826,48
75827,0
75828,97
75829,6
75830,1
75831,85
75832,3
75833,44
75834,45
75835,83
75836,66
75837,8
75838,81
75839,56
75840,15
75841,50
75842,51
75843,8
75844,82
75845,5
75846,43
75847,78
75848,5
75849,4
75850,92
75851,45
75852,26
75853,44
75854,40
75855,89
75856,27
75857,53
75858,31
75859,88
75860,52
75861,70
75862,29
75863,52
75864,30
75865,11
75866,8
75867,97
75868,66
75869,36
75870,27
75871,85
75872,25
75873,82
75874,20
75875,100
75876,9
75877,79
75878,23
75879,24
75880,51
75881,89
75882,0
75883,52
75884,67
75885,100
75886,77
75887,23
75888,26
75889,26
75890,87
75891,64
75892,38
75893,76
75894,83
75895,35
75896,75
75897,68
75898,4
75899,80
75900,9
75901,15
75902,87
75903,92
75904,52
75905,13
75906,73
75907,28
75908,27
75909,16
75910,68
75911,65
75912,35
75913,45
75914,44
75915,8
75916,35
75917,4
75918,78
75919,72
75920,88
75921,49
75922,27
75923,26
75924,46
75925,32
75926,96
75927,37
75928,7
75929,3
75930,35
75931,30
75932,73
75933,48
75934,40
75935,7
75936,29
75937,13
75938,44
75939,98
75940,45
75941,66
75942,92
75943,15
75944,9
75945,67
75946,51
75947,49
75948,67
75949,1
75950,74
75951,78
75952,74
75953,86
75954,93
75955,59
75956,49
75957,0
75958,96
75959,36
75960,22
75961,48
75962,81
75963,73
75964,63
75965,16
75966,70
75967,14
75968,50
75969,26
75970,8
75971,63
75972,62
75973,84
75974,52
75975,100
75976,92
75977,41
75978,96
75979,69
75980,88
75981,34
75982,16
75983,43
75984,90
75985,42
75986,88
75987,75
75988,100
75989,43
75990,37
75991,40
75992,24
75993,48
75994,59
75995,1
75996,64
75997,2
75998,92
75999,13
76000,44
76001,33
76002,85
76003,35
76004,14
76005,36
76006,9
76007,8
76008,49
76009,34
76010,45
76011,80
76012,46
76013,17
76014,24
76015,34
76016,79
76017,50
76018,88
76019,54
76020,15
76021,87
76022,11
76023,98
76024,58
76025,72
76026,36
76027,31
76028,56
76029,82
76030,21
76031,44
76032,97
76033,82
76034,11
76035,81
76036,4
76037,25
76038,90
76039,19
76040,60
76041,7
76042,61
76043,53
76044,79
76045,57
76046,65
76047,44
76048,64
76049,4
76050,30
76051,22
76052,20
76053,11
76054,3
76055,36
76056,74
76057,8
76058,25
76059,26
76060,92
76061,61
76062,49
76063,88
76064,81
76065,93
76066,71
76067,1
76068,85
76069,84
76070,25
76071,92
76072,68
76073,45
76074,77
76075,62
76076,98
76077,69
76078,22
76079,16
76080,87
76081,63
76082,28
76083,51
76084,93
76085,23
76086,34
76087,46
76088,100
76089,50
76090,1
76091,20
76092,39
76093,68
76094,34
76095,43
76096,34
76097,82
76098,79
76099,24
76100,79
76101,30
76102,96
76103,80
76104,84
76105,51
76106,34
76107,22
76108,48
76109,15
76110,57
76111,49
76112,77
76113,63
76114,51
76115,39
76116,53
76117,96
76118,84
76119,16
76120,3
76121,79
76122,55
76123,29
76124,33
76125,85
76126,43
76127,92
76128,68
76129,64
76130,52
76131,88
76132,69
76133,86
76134,32
76135,77
76136,35
76137,17
76138,50
76139,56
76140,43
76141,9
76142,38
76143,55
76144,48
76145,57
76146,75
76147,22
76148,6
76149,44
76150,88
76151,54
76152,54
76153,76
76154,37
76155,18
76156,21
76157,10
76158,2
76159,18
76160,90
76161,6
76162,100
76163,90
76164,33
76165,10
76166,4
76167,70
76168,35
76169,4
76170,55
76171,4
76172,26
76173,92
76174,26
76175,31
76176,88
76177,97
76178,14
76179,97
76180,98
76181,53
76182,19
76183,87
76184,33
76185,33
76186,45
76187,90
76188,20
76189,96
76190,38
76191,39
76192,43
76193,35
76194,54
76195,88
76196,70
76197,49
76198,57
76199,73
76200,73
76201,37
76202,23
76203,73
76204,58
76205,44
76206,25
76207,93
76208,90
76209,82
76210,64
76211,96
76212,10
76213,49
76214,57
76215,33
76216,15
76217,58
76218,0
76219,40
76220,27
76221,14
76222,79
76223,45
76224,31
76225,38
76226,64
76227,72
76228,92
76229,88
76230,74
76231,10
76232,69
76233,33
76234,49
76235,43
76236,13
76237,71
76238,24
76239,67
76240,49
76241,94
76242,84
76243,31
76244,54
76245,77
76246,91
76247,24
76248,91
76249,78
76250,51
76251,55
76252,21
76253,46
76254,69
76255,50
76256,65
76257,69
76258,86
76259,89
76260,74
76261,64
76262,91
76263,21
76264,40
76265,76
76266,46
76267,59
76268,99
76269,21
76270,3
76271,43
76272,40
76273,81
76274,37
76275,16
76276,88
76277,16
76278,92
76279,44
76280,45
76281,7
76282,92
76283,14
76284,32
76285,48
76286,9
76287,61
76288,54
76289,57
76290,100
76291,62
76292,10
76293,34
76294,97
76295,95
76296,85
76297,3
76298,65
76299,32
76300,72
76301,34
76302,37
76303,94
76304,77
76305,56
76306,94
76307,32
76308,43
76309,52
76310,79
76311,19
76312,62
76313,50
76314,13
76315,34
76316,44
76317,32
76318,60
76319,92
76320,71
76321,52
76322,97
76323,77
76324,77
76325,49
76326,14
76327,41
76328,19
76329,91
76330,67
76331,6
76332,65
76333,72
76334,22
76335,35
76336,11
76337,22
76338,94
76339,10
76340,0
76341,76
76342,38
76343,92
76344,69
76345,30
76346,8
76347,55
76348,17
76349,58
76350,66
76351,95
76352,2
76353,29
76354,63
76355,69
76356,90
76357,1
76358,19
76359,80
76360,96
76361,80
76362,100
76363,28
76364,8
76365,3
76366,39
76367,54
76368,12
76369,5
76370,72
76371,25
76372,40
76373,41
76374,77
76375,60
76376,61
76377,97
76378,67
76379,20
76380,30
76381,42
76382,20
76383,28
76384,54
76385,57
76386,23
76387,44
76388,79
76389,8
76390,84
76391,65
76392,1
76393,36
76394,36
76395,68
76396,45
76397,5
76398,47
76399,7
76400,31
76401,100
76402,76
76403,66
76404,72
76405,67
76406,27
76407,39
76408,15
76409,56
76410,74
76411,54
76412,82
76413,85
76414,38
76415,75
76416,54
76417,29
76418,41
76419,4
76420,100
76421,44
76422,63
76423,31
76424,97
76425,11
76426,65
76427,51
76428,70
76429,31
76430,34
76431,5
76432,21
76433,88
76434,46
76435,12
76436,22
76437,43
76438,8
76439,58
76440,100
76441,100
76442,29
76443,83
76444,43
76445,48
76446,15
76447,85
76448,73
76449,83
76450,52
76451,1
76452,66
76453,41
76454,63
76455,7
76456,72
76457,91
76458,20
76459,96
76460,59
76461,33
76462,3
76463,88
76464,61
76465,95
76466,75
76467,1
76468,49
76469,75
76470,25
76471,84
76472,36
76473,54
76474,99
76475,17
76476,23
76477,29
76478,16
76479,79
76480,41
76481,80
76482,11
76483,26
76484,54
76485,3
76486,34
76487,64
76488,75
76489,28
76490,71
76491,71
76492,75
76493,35
76494,33
76495,35
76496,54
76497,3
76498,10
76499,58
76500,2
76501,73
76502,11
76503,72
76504,20
76505,97
76506,21
76507,17
76508,5
76509,88
76510,78
76511,64
76512,54
76513,39
76514,81
76515,51
76516,43
76517,94
76518,61
76519,83
76520,88
76521,96
76522,73
76523,28
76524,18
76525,27
76526,90
76527,18
76528,30
76529,53
76530,98
76531,61
76532,13
76533,49
76534,58
76535,69
76536,57
76537,8
76538,56
76539,40
76540,26
76541,57
76542,80
76543,99
76544,67
76545,57
76546,23
76547,79
76548,61
76549,80
76550,66
76551,100
76552,2
76553,50
76554,98
76555,66
76556,79
76557,56
76558,19
76559,44
76560,5
76561,32
76562,42
76563,49
76564,26
76565,29
76566,98
76567,17
76568,29
76569,89
76570,14
76571,95
76572,98
76573,75
76574,61
76575,20
76576,11
76577,48
76578,0
76579,74
76580,54
76581,24
76582,46
76583,72
76584,38
76585,26
76586,92
76587,49
76588,90
76589,54
76590,27
76591,56
76592,81
76593,78
76594,15
76595,86
76596,93
76597,99
76598,55
76599,34
76600,27
76601,45
76602,66
76603,15
76604,78
76605,82
76606,73
76607,48
76608,67
76609,21
76610,17
76611,21
76612,15
76613,55
76614,2
76615,52
76616,34
76617,79
76618,84
76619,20
76620,64
76621,56
76622,93
76623,46
76624,33
76625,47
76626,38
76627,86
76628,97
76629,29
76630,49
76631,96
76632,15
76633,93
76634,2
76635,60
76636,1
76637,25
76638,17
76639,65
76640,39
76641,2
76642,16
76643,23
76644,1
76645,69
76646,39
76647,25
76648,56
76649,48
76650,56
76651,55
76652,69
76653,75
76654,20
76655,15
76656,5
76657,33
76658,58
76659,66
76660,40
76661,18
76662,28
76663,31
76664,9
76665,63
76666,90
76667,92
76668,76
76669,19
76670,27
76671,26
76672,76
76673,24
76674,28
76675,14
76676,44
76677,44
76678,29
76679,37
76680,59
76681,31
76682,49
76683,70
76684,34
76685,96
76686,75
76687,86
76688,4
76689,30
76690,79
76691,96
76692,52
76693,0
76694,85
76695,91
76696,68
76697,67
76698,64
76699,14
76700,100
76701,51
76702,37
76703,23
76704,22
76705,46
76706,6
76707,30
76708,6
76709,76
76710,3
76711,53
76712,81
76713,82
76714,79
76715,51
76716,81
76717,79
76718,47
76719,94
76720,88
76721,65
76722,53
76723,91
76724,79
76725,53
76726,99
76727,44
76728,39
76729,34
76730,23
76731,34
76732,93
76733,36
76734,74
76735,33
76736,23
76737,92
76738,3
76739,49
76740,93
76741,77
76742,23
76743,97
76744,35
76745,78
76746,34
76747,28
76748,35
76749,67
76750,78
76751,10
76752,54
76753,48
76754,78
76755,56
76756,84
76757,98
76758,86
76759,54
76760,55
76761,73
76762,3
76763,24
76764,1
76765,18
76766,87
76767,7
76768,63
76769,5
76770,83
76771,13
76772,69
76773,75
76774,70
76775,56
76776,29
76777,79
76778,7
76779,13
76780,47
76781,83
76782,27
76783,5
76784,29
76785,3
76786,99
76787,66
76788,9
76789,26
76790,81
76791,44
76792,74
76793,99
76794,34
76795,12
76796,54
76797,86
76798,42
76799,72
76800,67
76801,42
76802,39
76803,30
76804,2
76805,99
76806,16
76807,79
76808,38
76809,65
76810,68
76811,96
76812,76
76813,75
76814,18
76815,21
76816,7
76817,67
76818,70
76819,85
76820,17
76821,5
76822,3
76823,40
76824,50
76825,11
76826,36
76827,1
76828,2
76829,44
76830,84
76831,38
76832,76
76833,53
76834,77
76835,93
76836,17
76837,12
76838,13
76839,40
76840,39
76841,88
76842,100
76843,90
76844,86
76845,70
76846,47
76847,9
76848,88
76849,53
76850,34
76851,23
76852,48
76853,41
76854,74
76855,83
76856,73
76857,49
76858,20
76859,27
76860,91
76861,54
76862,26
76863,96
76864,67
76865,98
76866,83
76867,5
76868,57
76869,5
76870,59
76871,80
76872,18
76873,60
76874,16
76875,48
76876,2
76877,33
76878,61
76879,59
76880,67
76881,86
76882,81
76883,33
76884,28
76885,59
76886,43
76887,14
76888,44
76889,74
76890,8
76891,34
76892,9
76893,37
76894,28
76895,45
76896,69
76897,82
76898,89
76899,72
76900,44
76901,76
76902,89
76903,52
76904,83
76905,1
76906,3
76907,70
76908,18
76909,98
76910,10
76911,82
76912,31
76913,13
76914,48
76915,68
76916,24
76917,13
76918,38
76919,11
76920,48
76921,83
76922,17
76923,0
76924,3
76925,11
76926,25
76927,31
76928,100
76929,78
76930,51
76931,98
76932,89
76933,14
76934,7
76935,91
76936,29
76937,53
76938,66
76939,69
76940,94
76941,89
76942,7
76943,62
76944,92
76945,16
76946,15
76947,44
76948,67
76949,9
76950,79
76951,18
76952,38
76953,49
76954,76
76955,59
76956,67
76957,31
76958,81
76959,79
76960,88
76961,63
76962,79
76963,85
76964,23
76965,27
76966,22
76967,62
76968,55
76969,84
76970,72
76971,65
76972,37
76973,27
76974,25
76975,59
76976,59
76977,90
76978,54
76979,24
76980,20
76981,24
76982,57
76983,37
76984,45
76985,74
76986,91
76987,99
76988,3
76989,18
76990,61
76991,23
76992,85
76993,54
76994,24
76995,71
76996,83
76997,64
76998,67
76999,11
77000,24
77001,20
77002,18
77003,97
77004,69
77005,51
77006,53
77007,34
77008,2
77009,32
77010,72
77011,6
77012,26
77013,0
77014,39
77015,17
77016,34
77017,80
77018,38
77019,10
77020,100
77021,44
77022,74
77023,2
77024,76
77025,51
77026,59
77027,91
77028,57
77029,53
77030,33
77031,27
77032,60
77033,65
77034,65
77035,36
77036,15
77037,71
77038,74
77039,44
77040,14
77041,3
77042,22
77043,71
77044,79
77045,15
77046,87
77047,52
77048,9
77049,33
77050,17
77051,52
77052,15
77053,99
77054,61
77055,51
77056,56
77057,71
77058,63
77059,83
77060,22
77061,39
77062,13
77063,79
77064,17
77065,93
77066,35
77067,99
77068,38
77069,40
77070,0
77071,80
77072,91
77073,70
77074,83
77075,41
77076,23
77077,64
77078,17
77079,89
77080,13
77081,18
77082,81
77083,6
77084,63
77085,1
77086,6
77087,27
77088,91
77089,80
77090,29
77091,84
77092,100
77093,72
77094,35
77095,21
77096,78
77097,77
77098,26
77099,81
77100,9
77101,21
77102,22
77103,51
77104,41
77105,40
77106,47
77107,68
77108,50
77109,88
77110,0
77111,87
77112,96
77113,55
77114,100
77115,70
77116,23
77117,14
77118,74
77119,43
77120,80
77121,48
77122,86
77123,48
77124,67
77125,94
77126,97
77127,73
77128,36
77129,73
77130,41
77131,58
77132,74
77133,94
77134,9
77135,52
77136,41
77137,7
77138,74
77139,83
77140,23
77141,50
77142,70
77143,59
77144,20
77145,52
77146,5
77147,30
77148,11
77149,100
77150,12
77151,48
77152,30
77153,8
77154,26
77155,52
77156,80
77157,50
77158,71
77159,26
77160,39
77161,61
77162,57
77163,14
77164,38
77165,69
77166,95
77167,7
77168,34
77169,62
77170,30
77171,89
77172,41
77173,87
77174,65
77175,40
77176,0
77177,73
77178,86
77179,32
77180,36
77181,56
77182,10
77183,83
77184,89
77185,46
77186,65
77187,88
77188,3
77189,82
77190,76
77191,82
77192,76
77193,54
77194,11
77195,65
77196,36
77197,22
77198,54
77199,18
77200,66
77201,87
77202,22
77203,3
77204,17
77205,11
77206,34
77207,26
77208,42
77209,77
77210,94
77211,66
77212,68
77213,63
77214,92
77215,51
77216,16
77217,82
77218,98
77219,32
77220,71
77221,51
77222,100
77223,34
77224,19
77225,80
77226,44
77227,76
77228,67
77229,49
77230,57
77231,29
77232,69
77233,1
77234,78
77235,33
77236,51
77237,83
77238,15
77239,42
77240,63
77241,92
77242,26
77243,64
77244,12
77245,39
77246,31
77247,66
77248,13
77249,57
77250,91
77251,45
77252,89
77253,84
77254,74
77255,90
77256,58
77257,64
77258,32
77259,45
77260,81
77261,53
77262,65
77263,3
77264,53
77265,3
77266,16
77267,79
77268,72
77269,89
77270,73
77271,70
77272,72
77273,54
77274,47
77275,90
77276,95
77277,48
77278,22
77279,26
77280,24
77281,92
77282,23
77283,79
77284,79
77285,91
77286,19
77287,52
77288,82
77289,73
77290,25
77291,59
77292,1
77293,2
77294,55
77295,65
77296,24
77297,67
77298,14
77299,81
77300,6
77301,90
77302,81
77303,70
77304,92
77305,40
77306,59
77307,43
77308,32
77309,65
77310,81
77311,22
77312,63
77313,5
77314,62
77315,42
77316,24
77317,82
77318,7
77319,36
77320,89
77321,92
77322,58
77323,27
77324,52
77325,70
77326,54
77327,35
77328,61
77329,14
77330,53
77331,60
77332,96
77333,53
77334,68
77335,28
77336,80
77337,26
77338,80
77339,67
77340,11
77341,22
77342,49
77343,74
77344,99
77345,75
77346,72
77347,87
77348,81
77349,26
77350,58
77351,8
77352,32
77353,69
77354,50
77355,96
77356,39
77357,5
77358,3
77359,2
77360,12
77361,25
77362,33
77363,76
77364,52
77365,46
77366,7
77367,75
77368,7
77369,18
77370,73
77371,31
77372,20
77373,63
77374,22
77375,90
77376,88
77377,70
77378,41
77379,34
77380,1
77381,91
77382,70
77383,75
77384,51
77385,16
77386,85
77387,8
77388,51
77389,2
77390,21
77391,53
77392,35
77393,38
77394,17
77395,80
77396,26
77397,98
77398,95
77399,66
77400,12
77401,16
77402,60
77403,17
77404,16
77405,55
77406,47
77407,15
77408,85
77409,24
77410,64
77411,26
77412,13
77413,91
77414,99
77415,49
77416,95
77417,28
77418,80
77419,27
77420,20
77421,23
77422,45
77423,59
77424,98
77425,19
77426,51
77427,21
77428,67
77429,15
77430,20
77431,43
77432,61
77433,20
77434,10
77435,59
77436,36
77437,43
77438,21
77439,83
77440,65
77441,42
77442,74
77443,20
77444,32
77445,16
77446,35
77447,13
77448,36
77449,30
77450,3
77451,5
77452,49
77453,84
77454,76
77455,37
77456,78
77457,4
77458,37
77459,23
77460,17
77461,92
77462,31
77463,70
77464,93
77465,89
77466,71
77467,88
77468,29
77469,87
77470,29
77471,4
77472,3
77473,50
77474,8
77475,54
77476,32
77477,92
77478,30
77479,82
77480,53
77481,60
77482,65
77483,19
77484,75
77485,84
77486,60
77487,94
77488,35
77489,83
77490,19
77491,44
77492,99
77493,45
77494,17
77495,69
77496,96
77497,73
77498,17
77499,63
77500,33
77501,78
77502,2
77503,71
77504,10
77505,45
77506,95
77507,41
77508,16
77509,46
77510,29
77511,42
77512,7
77513,39
77514,70
77515,19
77516,75
77517,84
77518,27
77519,27
77520,58
77521,61
77522,79
77523,73
77524,53
77525,85
77526,6
77527,67
77528,23
77529,97
77530,40
77531,53
77532,13
77533,43
77534,48
77535,62
77536,80
77537,44
77538,71
77539,76
77540,6
77541,2
77542,87
77543,46
77544,87
77545,60
77546,70
77547,29
77548,4
77549,84
77550,71
77551,6
77552,38
77553,1
77554,42
77555,11
77556,27
77557,18
77558,27
77559,98
77560,75
77561,91
77562,89
77563,69
77564,18
77565,63
77566,90
77567,8
77568,40
77569,49
77570,9
77571,73
77572,96
77573,81
77574,53
77575,9
77576,6
77577,31
77578,53
77579,69
77580,82
77581,62
77582,33
77583,42
77584,4
77585,18
77586,53
77587,13
77588,9
77589,48
77590,10
77591,30
77592,65
77593,9
77594,20
77595,0
77596,45
77597,94
77598,74
77599,73
77600,19
77601,20
77602,36
77603,100
77604,13
77605,57
77606,56
77607,56
77608,68
77609,69
77610,23
77611,79
77612,59
77613,22
77614,46
77615,37
77616,79
77617,51
77618,12
77619,7
77620,31
77621,85
77622,16
77623,4
77624,71
77625,49
77626,93
77627,82
77628,11
77629,88
77630,43
77631,76
77632,67
77633,58
77634,9
77635,47
77636,27
77637,4
77638,91
77639,43
77640,30
77641,15
77642,22
77643,92
77644,20
77645,1
77646,22
77647,79
77648,10
77649,72
77650,1
77651,81
77652,12
77653,44
77654,71
77655,9
77656,90
77657,80
77658,87
77659,20
77660,0
77661,15
77662,42
77663,96
77664,5
77665,75
77666,95
77667,10
77668,81
77669,65
77670,95
77671,48
77672,19
77673,20
77674,35
77675,37
77676,55
77677,90
77678,10
77679,17
77680,80
77681,97
77682,44
77683,25
77684,58
77685,5
77686,42
77687,93
77688,51
77689,61
77690,95
77691,16
77692,76
77693,45
77694,40
77695,12
77696,5
77697,85
77698,96
77699,32
77700,3
77701,77
77702,49
77703,47
77704,98
77705,26
77706,5
77707,57
77708,62
77709,0
77710,27
77711,28
77712,95
77713,27
77714,90
77715,73
77716,81
77717,67
77718,40
77719,54
77720,31
77721,68
77722,21
77723,56
77724,21
77725,65
77726,40
77727,42
77728,33
77729,1
77730,58
77731,35
77732,7
77733,32
77734,32
77735,67
77736,17
77737,63
77738,60
77739,82
77740,9
77741,49
77742,93
77743,21
77744,38
77745,64
77746,29
77747,4
77748,25
77749,62
77750,45
77751,30
77752,40
77753,11
77754,16
77755,17
77756,65
77757,87
77758,91
77759,38
77760,73
77761,32
77762,87
77763,74
77764,7
77765,90
77766,25
77767,75
77768,34
77769,56
77770,78
77771,20
77772,36
77773,93
77774,4
77775,16
77776,89
77777,97
77778,96
77779,81
77780,24
77781,60
77782,93
77783,36
77784,83
77785,65
77786,12
77787,39
77788,41
77789,83
77790,69
77791,74
77792,24
77793,41
77794,9
77795,94
77796,42
77797,67
77798,88
77799,27
77800,23
77801,98
77802,40
77803,60
77804,4
77805,96
77806,10
77807,7
77808,20
77809,95
77810,63
77811,4
77812,33
77813,8
77814,37
77815,42
77816,95
77817,9
77818,11
77819,98
77820,17
77821,86
77822,11
77823,30
77824,10
77825,97
77826,26
77827,20
77828,73
77829,12
77830,44
77831,46
77832,24
77833,76
77834,63
77835,69
77836,98
77837,27
77838,19
77839,83
77840,40
77841,3
77842,83
77843,68
77844,85
77845,23
77846,16
77847,4
77848,56
77849,25
77850,99
77851,71
77852,72
77853,16
77854,55
77855,7
77856,63
77857,68
77858,9
77859,49
77860,54
77861,13
77862,90
77863,26
77864,4
77865,78
77866,27
77867,4
77868,85
77869,11
77870,7
77871,58
77872,64
77873,98
77874,59
77875,79
77876,54
77877,93
77878,42
77879,40
77880,9
77881,97
77882,74
77883,83
77884,6
77885,20
77886,74
77887,100
77888,86
77889,43
77890,94
77891,81
77892,87
77893,85
77894,36
77895,43
77896,64
77897,5
77898,37
77899,92
77900,42
77901,56
77902,74
77903,79
77904,69
77905,64
77906,54
77907,34
77908,23
77909,37
77910,2
77911,50
77912,60
77913,39
77914,53
77915,65
77916,59
77917,14
77918,85
77919,45
77920,54
77921,3
77922,23
77923,82
77924,93
77925,85
77926,39
77927,26
77928,78
77929,51
77930,36
77931,0
77932,75
77933,8
77934,82
77935,17
77936,38
77937,74
77938,74
77939,29
77940,19
77941,14
77942,63
77943,24
77944,48
77945,66
77946,25
77947,44
77948,91
77949,5
77950,31
77951,74
77952,76
77953,16
77954,45
77955,52
77956,99
77957,93
77958,3
77959,77
77960,27
77961,70
77962,15
77963,77
77964,100
77965,38
77966,90
77967,29
77968,78
77969,56
77970,55
77971,38
77972,41
77973,17
77974,74
77975,21
77976,3
77977,2
77978,60
77979,23
77980,77
77981,51
77982,66
77983,30
77984,52
77985,60
77986,57
77987,34
77988,30
77989,56
77990,75
77991,9
77992,83
77993,17
77994,55
77995,35
77996,50
77997,60
77998,18
77999,80
78000,10
78001,4
78002,100
78003,44
78004,99
78005,44
78006,47
78007,13
78008,27
78009,8
78010,58
78011,37
78012,92
78013,24
78014,71
78015,47
78016,18
78017,1
78018,5
78019,29
78020,60
78021,1
78022,50
78023,82
78024,12
78025,48
78026,7
78027,8
78028,22
78029,100
78030,71
78031,72
78032,15
78033,15
78034,11
78035,88
78036,10
78037,81
78038,12
78039,34
78040,81
78041,93
78042,42
78043,100
78044,29
78045,59
78046,66
78047,28
78048,24
78049,65
78050,4
78051,94
78052,4
78053,84
78054,48
78055,25
78056,70
78057,29
78058,97
78059,27
78060,13
78061,17
78062,56
78063,80
78064,24
78065,69
78066,4
78067,52
78068,84
78069,38
78070,56
78071,83
78072,10
78073,68
78074,98
78075,98
78076,24
78077,29
78078,1
78079,83
78080,35
78081,36
78082,1
78083,46
78084,90
78085,95
78086,58
78087,3
78088,90
78089,93
78090,66
78091,45
78092,90
78093,35
78094,64
78095,98
78096,55
78097,75
78098,34
78099,81
78100,100
78101,22
78102,96
78103,77
78104,43
78105,0
78106,90
78107,87
78108,65
78109,11
78110,12
78111,26
78112,19
78113,100
78114,97
78115,5
78116,7
78117,20
78118,20
78119,44
78120,69
78121,43
78122,58
78123,29
78124,9
78125,74
78126,0
78127,9
78128,24
78129,79
78130,82
78131,73
78132,13
78133,2
78134,67
78135,39
78136,32
78137,83
78138,78
78139,6
78140,2
78141,90
78142,36
78143,92
78144,25
78145,90
78146,24
78147,39
78148,42
78149,93
78150,43
78151,83
78152,70
78153,28
78154,97
78155,89
78156,90
78157,56
78158,8
78159,21
78160,75
78161,69
78162,5
78163,26
78164,82
78165,51
78166,69
78167,48
78168,80
78169,92
78170,22
78171,80
78172,20
78173,73
78174,7
78175,53
78176,13
78177,30
78178,50
78179,61
78180,17
78181,46
78182,93
78183,81
78184,51
78185,88
78186,36
78187,88
78188,29
78189,29
78190,99
78191,74
78192,47
78193,38
78194,26
78195,15
78196,31
78197,28
78198,51
78199,73
78200,93
78201,74
78202,14
78203,43
78204,22
78205,47
78206,22
78207,70
78208,13
78209,72
78210,53
78211,91
78212,69
78213,42
78214,44
78215,21
78216,60
78217,17
78218,43
78219,85
78220,72
78221,17
78222,56
78223,84
78224,14
78225,72
78226,57
78227,1
78228,13
78229,20
78230,42
78231,44
78232,33
78233,70
78234,78
78235,11
78236,6
78237,68
78238,86
78239,27
78240,97
78241,24
78242,65
78243,50
78244,72
78245,33
78246,45
78247,46
78248,31
78249,11
78250,18
78251,46
78252,37
78253,9
78254,9
78255,98
78256,40
78257,54
78258,100
78259,95
78260,70
78261,73
78262,42
78263,37
78264,26
78265,31
78266,70
78267,47
78268,25
78269,85
78270,57
78271,75
78272,23
78273,53
78274,45
78275,57
78276,92
78277,31
78278,15
78279,89
78280,69
78281,64
78282,12
78283,5
78284,11
78285,8
78286,83
78287,58
78288,90
78289,66
78290,23
78291,14
78292,97
78293,62
78294,49
78295,95
78296,20
78297,0
78298,96
78299,10
78300,66
78301,21
78302,73
78303,87
78304,6
78305,48
78306,99
78307,0
78308,64
78309,62
78310,63
78311,25
78312,16
78313,10
78314,66
78315,9
78316,65
78317,31
78318,15
78319,25
78320,73
78321,55
78322,99
78323,93
78324,8
78325,4
78326,6
78327,99
78328,64
78329,90
78330,11
78331,79
78332,47
78333,71
78334,24
78335,12
78336,40
78337,9
78338,39
78339,32
78340,34
78341,36
78342,91
78343,15
78344,71
78345,32
78346,52
78347,34
78348,54
78349,75
78350,78
78351,16
78352,26
78353,20
78354,20
78355,16
78356,26
78357,75
78358,47
78359,43
78360,35
78361,27
78362,24
78363,72
78364,46
78365,100
78366,22
78367,74
78368,49
78369,64
78370,15
78371,49
78372,12
78373,83
78374,79
78375,79
78376,34
78377,31
78378,86
78379,24
78380,42
78381,27
78382,65
78383,66
78384,94
78385,96
78386,32
78387,46
78388,34
78389,99
78390,63
78391,89
78392,11
78393,52
78394,43
78395,45
78396,10
78397,69
78398,88
78399,45
78400,58
78401,58
78402,33
78403,98
78404,20
78405,81
78406,71
78407,97
78408,51
78409,47
78410,77
78411,18
78412,83
78413,3
78414,31
78415,89
78416,27
78417,75
78418,57
78419,73
78420,40
78421,98
78422,32
78423,13
78424,86
78425,81
78426,52
78427,75
78428,41
78429,35
78430,24
78431,51
78432,100
78433,39
78434,85
78435,69
78436,79
78437,61
78438,86
78439,8
78440,98
78441,92
78442,77
78443,68
78444,20
78445,52
78446,69
78447,0
78448,30
78449,44
78450,27
78451,2
78452,86
78453,39
78454,3
78455,69
78456,75
78457,11
78458,61
78459,70
78460,91
78461,89
78462,47
78463,6
78464,56
78465,55
78466,66
78467,12
78468,51
78469,62
78470,40
78471,74
78472,22
78473,46
78474,64
78475,97
78476,30
78477,96
78478,99
78479,35
78480,13
78481,36
78482,31
78483,52
78484,27
78485,64
78486,46
78487,70
78488,79
78489,31
78490,23
78491,13
78492,46
78493,78
78494,0
78495,91
78496,18
78497,57
78498,6
78499,81
78500,76
78501,63
78502,17
78503,62
78504,67
78505,49
78506,67
78507,90
78508,15
78509,13
78510,61
78511,77
78512,6
78513,55
78514,13
78515,41
78516,69
78517,61
78518,42
78519,56
78520,90
78521,74
78522,30
78523,50
78524,66
78525,0
78526,79
78527,43
78528,90
78529,49
78530,59
78531,2
78532,71
78533,79
78534,53
78535,1
78536,28
78537,15
78538,92
78539,94
78540,58
78541,10
78542,95
78543,23
78544,82
78545,31
78546,73
78547,53
78548,55
78549,95
78550,86
78551,96
78552,93
78553,93
78554,70
78555,79
78556,42
78557,52
78558,0
78559,93
78560,97
78561,60
78562,33
78563,60
78564,60
78565,94
78566,7
78567,53
78568,52
78569,19
78570,45
78571,92
78572,30
78573,84
78574,25
78575,94
78576,62
78577,19
78578,21
78579,56
78580,56
78581,25
78582,16
78583,88
78584,100
78585,26
78586,66
78587,55
78588,23
78589,24
78590,9
78591,35
78592,81
78593,44
78594,16
78595,77
78596,57
78597,82
78598,81
78599,22
78600,7
78601,49
78602,15
78603,88
78604,42
78605,95
78606,82
78607,81
78608,95
78609,45
78610,48
78611,14
78612,48
78613,20
78614,74
78615,92
78616,95
78617,5
78618,54
78619,82
78620,79
78621,75
78622,14
78623,10
78624,38
78625,73
78626,50
78627,36
78628,48
78629,56
78630,87
78631,99
78632,64
78633,16
78634,62
78635,13
78636,37
78637,24
78638,36
78639,98
78640,85
78641,55
78642,6
78643,10
78644,73
78645,77
78646,34
78647,35
78648,69
78649,51
78650,68
78651,41
78652,70
78653,14
78654,20
78655,81
78656,0
78657,67
78658,10
78659,9
78660,44
78661,55
78662,18
78663,41
78664,93
78665,40
78666,19
78667,26
78668,11
78669,77
78670,97
78671,63
78672,37
78673,65
78674,57
78675,95
78676,81
78677,84
78678,10
78679,29
78680,63
78681,82
78682,47
78683,39
78684,93
78685,98
78686,67
78687,20
78688,4
78689,35
78690,90
78691,6
78692,59
78693,55
78694,30
78695,83
78696,24
78697,55
78698,88
78699,80
78700,100
78701,78
78702,73
78703,33
78704,43
78705,6
78706,50
78707,24
78708,27
78709,41
78710,26
78711,36
78712,54
78713,37
78714,55
78715,91
78716,33
78717,28
78718,47
78719,71
78720,76
78721,45
78722,36
78723,2
78724,77
78725,95
78726,86
78727,86
78728,76
78729,49
78730,20
78731,47
78732,57
78733,30
78734,6
78735,56
78736,35
78737,82
78738,85
78739,23
78740,23
78741,55
78742,84
78743,60
78744,76
78745,69
78746,27
78747,31
78748,76
78749,97
78750,95
78751,77
78752,95
78753,44
78754,68
78755,98
78756,67
78757,77
78758,17
78759,74
78760,82
78761,1
78762,97
78763,2
78764,28
78765,86
78766,47
78767,64
78768,41
78769,5
78770,58
78771,80
78772,18
78773,51
78774,60
78775,1
78776,78
78777,22
78778,18
78779,96
78780,69
78781,49
78782,60
78783,18
78784,93
78785,21
78786,2
78787,4
78788,93
78789,66
78790,59
78791,38
78792,27
78793,0
78794,21
78795,44
78796,50
78797,80
78798,50
78799,27
78800,29
78801,7
78802,90
78803,40
78804,24
78805,58
78806,76
78807,33
78808,38
78809,70
78810,85
78811,96
78812,45
78813,37
78814,94
78815,32
78816,21
78817,26
78818,62
78819,26
78820,20
78821,52
78822,34
78823,46
78824,49
78825,9
78826,27
78827,36
78828,40
78829,96
78830,60
78831,50
78832,7
78833,100
78834,57
78835,60
78836,32
78837,18
78838,29
78839,77
78840,13
78841,35
78842,6
78843,33
78844,49
78845,31
78846,41
78847,32
78848,13
78849,88
78850,27
78851,38
78852,93
78853,30
78854,23
78855,3
78856,77
78857,8
78858,99
78859,69
78860,23
78861,89
78862,97
78863,64
78864,86
78865,16
78866,99
78867,36
78868,49
78869,44
78870,19
78871,58
78872,58
78873,89
78874,10
78875,54
78876,83
78877,64
78878,76
78879,57
78880,99
78881,43
78882,76
78883,13
78884,75
78885,51
78886,33
78887,62
78888,26
78889,11
78890,37
78891,99
78892,55
78893,64
78894,89
78895,39
78896,20
78897,31
78898,88
78899,11
78900,88
78901,25
78902,35
78903,15
78904,77
78905,33
78906,23
78907,71
78908,90
78909,38
78910,63
78911,76
78912,28
78913,30
78914,62
78915,42
78916,18
78917,9
78918,55
78919,59
78920,42
78921,47
78922,39
78923,33
78924,0
78925,18
78926,0
78927,87
78928,24
78929,67
78930,87
78931,83
78932,96
78933,27
78934,44
78935,98
78936,23
78937,43
78938,1
78939,22
78940,96
78941,77
78942,61
78943,14
78944,31
78945,86
78946,3
78947,83
78948,30
78949,58
78950,70
78951,0
78952,68
78953,13
78954,93
78955,22
78956,70
78957,15
78958,8
78959,97
78960,30
78961,60
78962,44
78963,6
78964,56
78965,63
78966,1
78967,5
78968,60
78969,33
78970,16
78971,25
78972,75
78973,19
78974,40
78975,57
78976,98
78977,98
78978,53
78979,28
78980,47
78981,94
78982,76
78983,89
78984,21
78985,71
78986,70
78987,4
78988,51
78989,0
78990,44
78991,39
78992,63
78993,10
78994,51
78995,95
78996,6
78997,50
78998,92
78999,93
79000,20
79001,38
79002,43
79003,56
79004,40
79005,38
79006,19
79007,21
79008,28
79009,45
79010,67
79011,2
79012,72
79013,4
79014,55
79015,66
79016,88
79017,31
79018,96
79019,81
79020,99
79021,40
79022,28
79023,65
79024,10
79025,58
79026,94
79027,3
79028,92
79029,53
79030,66
79031,1
79032,99
79033,77
79034,47
79035,67
79036,43
79037,61
79038,93
79039,82
79040,18
79041,43
79042,30
79043,61
79044,14
79045,28
79046,66
79047,82
79048,85
79049,46
79050,83
79051,6
79052,67
79053,0
79054,70
79055,21
79056,100
79057,56
79058,93
79059,72
79060,57
79061,26
79062,37
79063,86
79064,75
79065,12
79066,96
79067,14
79068,79
79069,97
79070,72
79071,90
79072,47
79073,14
79074,98
79075,97
79076,39
79077,29
79078,22
79079,8
79080,31
79081,34
79082,48
79083,95
79084,44
79085,15
79086,31
79087,24
79088,93
79089,36
79090,36
79091,34
79092,44
79093,7
79094,46
79095,35
79096,88
79097,81
79098,9
79099,0
79100,67
79101,89
79102,74
79103,14
79104,95
79105,78
79106,91
79107,86
79108,2
79109,31
79110,19
79111,55
79112,77
79113,98
79114,41
79115,72
79116,59
79117,55
79118,46
79119,23
79120,40
79121,3
79122,75
79123,50
79124,87
79125,0
79126,13
79127,94
79128,9
79129,96
79130,35
79131,41
79132,98
79133,47
79134,17
79135,88
79136,75
79137,59
79138,27
79139,52
79140,8
79141,23
79142,19
79143,89
79144,68
79145,26
79146,91
79147,100
79148,39
79149,70
79150,82
79151,53
79152,85
79153,81
79154,14
79155,96
79156,50
79157,68
79158,39
79159,100
79160,68
79161,100
79162,42
79163,63
79164,6
79165,1
79166,29
79167,74
79168,51
79169,100
79170,32
79171,8
79172,10
79173,75
79174,9
79175,53
79176,74
79177,96
79178,19
79179,4
79180,23
79181,31
79182,30
79183,43
79184,77
79185,18
79186,23
79187,95
79188,11
79189,49
79190,84
79191,99
79192,24
79193,50
79194,13
79195,71
79196,28
79197,24
79198,86
79199,58
79200,99
79201,56
79202,11
79203,49
79204,11
79205,81
79206,99
79207,47
79208,49
79209,18
79210,52
79211,34
79212,26
79213,66
79214,76
79215,50
79216,18
79217,42
79218,34
79219,14
79220,15
79221,98
79222,68
79223,70
79224,84
79225,40
79226,53
79227,64
79228,88
79229,29
79230,18
79231,87
79232,45
79233,59
79234,78
79235,98
79236,23
79237,35
79238,48
79239,58
79240,13
79241,85
79242,38
79243,7
79244,47
79245,79
79246,80
79247,68
79248,40
79249,34
79250,63
79251,52
79252,53
79253,36
79254,51
79255,17
79256,20
79257,41
79258,64
79259,80
79260,7
79261,92
79262,83
79263,100
79264,38
79265,60
79266,59
79267,68
79268,58
79269,9
79270,62
79271,69
79272,6
79273,34
79274,90
79275,41
79276,84
79277,87
79278,28
79279,26
79280,37
79281,1
79282,24
79283,65
79284,37
79285,58
79286,81
79287,6
79288,48
79289,67
79290,40
79291,73
79292,50
79293,91
79294,93
79295,23
79296,35
79297,79
79298,96
79299,9
79300,20
79301,26
79302,54
79303,84
79304,90
79305,95
79306,4
79307,98
79308,85
79309,58
79310,35
79311,73
79312,33
79313,51
79314,5
79315,13
79316,58
79317,56
79318,36
79319,57
79320,82
79321,31
79322,19
79323,84
79324,78
79325,80
79326,60
79327,56
79328,51
79329,87
79330,84
79331,47
79332,78
79333,10
79334,100
79335,29
79336,59
79337,17
79338,91
79339,76
79340,73
79341,46
79342,11
79343,49
79344,39
79345,89
79346,63
79347,18
79348,86
79349,99
79350,26
79351,51
79352,79
79353,6
79354,62
79355,76
79356,54
79357,75
79358,90
79359,96
79360,30
79361,10
79362,16
79363,65
79364,66
79365,97
79366,31
79367,23
79368,87
79369,12
79370,21
79371,18
79372,52
79373,93
79374,38
79375,20
79376,86
79377,15
79378,6
79379,83
79380,77
79381,25
79382,85
79383,99
79384,89
79385,75
79386,30
79387,67
79388,39
79389,26
79390,8
79391,75
79392,92
79393,91
79394,15
79395,71
79396,12
79397,77
79398,59
79399,78
79400,59
79401,8
79402,52
79403,31
79404,85
79405,54
79406,24
79407,40
79408,25
79409,28
79410,81
79411,35
79412,83
79413,96
79414,83
79415,2
79416,58
79417,33
79418,5
79419,30
79420,98
79421,31
79422,41
79423,56
79424,72
79425,45
79426,90
79427,87
79428,55
79429,49
79430,85
79431,29
79432,35
79433,25
79434,49
79435,1
79436,6
79437,26
79438,79
79439,48
79440,45
79441,92
79442,84
79443,25
79444,81
79445,64
79446,1
79447,77
79448,78
79449,63
79450,63
79451,99
79452,87
79453,59
79454,88
79455,8
79456,14
79457,36
79458,5
79459,42
79460,44
79461,75
79462,90
79463,70
79464,27
79465,51
79466,75
79467,34
79468,65
79469,25
79470,19
79471,88
79472,61
79473,84
79474,0
79475,91
79476,52
79477,76
79478,29
79479,59
79480,9
79481,21
79482,28
79483,68
79484,7
79485,52
79486,10
79487,25
79488,18
79489,18
79490,29
79491,35
79492,41
79493,55
79494,8
79495,6
79496,17
79497,8
79498,5
79499,69
79500,44
79501,21
79502,80
79503,78
79504,72
79505,69
79506,86
79507,80
79508,95
79509,31
79510,100
79511,66
79512,15
79513,1
79514,66
79515,40
79516,50
79517,13
79518,77
79519,93
79520,48
79521,48
79522,26
79523,80
79524,38
79525,72
79526,35
79527,9
79528,92
79529,3
79530,84
79531,100
79532,1
79533,78
79534,27
79535,88
79536,25
79537,72
79538,29
79539,8
79540,0
79541,55
79542,55
79543,75
79544,60
79545,44
79546,12
79547,13
79548,9
79549,16
79550,16
79551,30
79552,45
79553,48
79554,89
79555,98
79556,99
79557,74
79558,79
79559,92
79560,17
79561,74
79562,10
79563,72
79564,88
79565,54
79566,95
79567,97
79568,2
79569,77
79570,88
79571,15
79572,99
79573,8
79574,67
79575,44
79576,1
79577,88
79578,21
79579,68
79580,48
79581,20
79582,73
79583,86
79584,90
79585,93
79586,54
79587,3
79588,57
79589,69
79590,58
79591,25
79592,73
79593,68
79594,38
79595,100
79596,0
79597,56
79598,97
79599,47
79600,71
79601,20
79602,30
79603,57
79604,46
79605,22
79606,74
79607,79
79608,90
79609,6
79610,48
79611,87
79612,95
79613,98
79614,30
79615,46
79616,92
79617,67
79618,34
79619,74
79620,33
79621,57
79622,14
79623,77
79624,84
79625,70
79626,80
79627,41
79628,17
79629,77
79630,37
79631,63
79632,28
79633,9
79634,16
79635,31
79636,60
79637,83
79638,80
79639,45
79640,70
79641,55
79642,60
79643,43
79644,93
79645,37
79646,49
79647,73
79648,31
79649,89
79650,52
79651,47
79652,80
79653,0
79654,89
79655,29
79656,8
79657,32
79658,25
79659,41
79660,73
79661,41
79662,95
79663,38
79664,60
79665,46
79666,41
79667,47
79668,51
79669,32
79670,26
79671,42
79672,28
79673,18
79674,81
79675,98
79676,27
79677,9
79678,66
79679,92
79680,15
79681,99
79682,0
79683,81
79684,3
79685,68
79686,84
79687,3
79688,19
79689,62
79690,82
79691,34
79692,44
79693,56
79694,23
79695,19
79696,27
79697,37
79698,23
79699,83
79700,23
79701,69
79702,24
79703,95
79704,80
79705,80
79706,68
79707,16
79708,57
79709,72
79710,19
79711,1
79712,82
79713,8
79714,62
79715,82
79716,67
79717,5
79718,99
79719,10
79720,20
79721,62
79722,88
79723,29
79724,81
79725,88
79726,20
79727,22
79728,60
79729,29
79730,45
79731,59
79732,17
79733,61
79734,96
79735,44
79736,60
79737,58
79738,34
79739,21
79740,23
79741,86
79742,50
79743,64
79744,14
79745,27
79746,41
79747,19
79748,99
79749,42
79750,79
79751,68
79752,62
79753,42
79754,78
79755,1
79756,87
79757,76
79758,22
79759,11
79760,45
79761,32
79762,43
79763,24
79764,34
79765,34
79766,64
79767,42
79768,67
79769,61
79770,30
79771,27
79772,10
79773,31
79774,65
79775,59
79776,50
79777,58
79778,76
79779,16
79780,67
79781,94
79782,37
79783,63
79784,2
79785,53
79786,75
79787,43
79788,81
79789,29
79790,74
79791,87
79792,84
79793,53
79794,47
79795,34
79796,67
79797,25
79798,71
79799,87
79800,55
79801,75
79802,68
79803,79
79804,63
79805,95
79806,28
79807,96
79808,77
79809,58
79810,24
79811,71
79812,26
79813,98
79814,21
79815,70
79816,99
79817,46
79818,75
79819,54
79820,8
79821,53
79822,63
79823,98
79824,38
79825,82
79826,91
79827,92
79828,7
79829,26
79830,68
79831,92
79832,98
79833,32
79834,95
79835,84
79836,9
79837,15
79838,10
79839,18
79840,63
79841,51
79842,76
79843,14
79844,41
79845,99
79846,95
79847,82
79848,78
79849,37
79850,85
79851,48
79852,76
79853,83
79854,48
79855,78
79856,70
79857,54
79858,21
79859,42
79860,49
79861,83
79862,18
79863,90
79864,71
79865,17
79866,9
79867,49
79868,48
79869,40
79870,98
79871,14
79872,22
79873,75
79874,26
79875,5
79876,23
79877,85
79878,8
79879,73
79880,61
79881,66
79882,69
79883,89
79884,77
79885,99
79886,41
79887,59
79888,82
79889,47
79890,55
79891,86
79892,4
79893,78
79894,93
79895,96
79896,53
79897,37
79898,18
79899,68
79900,72
79901,70
79902,23
79903,79
79904,100
79905,9
79906,84
79907,20
79908,14
79909,63
79910,12
79911,70
79912,39
79913,7
79914,37
79915,51
79916,1
79917,100
79918,21
79919,3
79920,51
79921,6
79922,0
79923,82
79924,57
79925,61
79926,93
79927,65
79928,54
79929,12
79930,27
79931,13
79932,2
79933,15
79934,88
79935,45
79936,2
79937,97
79938,2
79939,40
79940,28
79941,39
79942,18
79943,19
79944,20
79945,19
79946,91
79947,46
79948,90
79949,43
79950,88
79951,1
79952,42
79953,56
79954,87
79955,96
79956,18
79957,89
79958,63
79959,45
79960,40
79961,66
79962,90
79963,13
79964,19
79965,34
79966,86
79967,24
79968,3
79969,56
79970,1
79971,65
79972,88
79973,86
79974,20
79975,88
79976,90
79977,51
79978,74
79979,77
79980,80
79981,14
79982,45
79983,30
79984,61
79985,33
79986,35
79987,43
79988,62
79989,76
79990,17
79991,80
79992,44
79993,38
79994,91
79995,25
79996,77
79997,100
79998,74
79999,95
80000,23
80001,57
80002,94
80003,49
80004,71
80005,38
80006,71
80007,30
80008,82
80009,35
80010,38
80011,95
80012,20
80013,22
80014,53
80015,35
80016,14
80017,1
80018,75
80019,69
80020,37
80021,64
80022,49
80023,89
80024,86
80025,0
80026,20
80027,56
80028,18
80029,28
80030,49
80031,89
80032,33
80033,80
80034,81
80035,53
80036,31
80037,3
80038,29
80039,94
80040,17
80041,68
80042,95
80043,28
80044,11
80045,14
80046,78
80047,98
80048,52
80049,34
80050,51
80051,52
80052,13
80053,17
80054,37
80055,85
80056,37
80057,54
80058,10
80059,66
80060,52
80061,77
80062,43
80063,24
80064,61
80065,13
80066,46
80067,94
80068,88
80069,54
80070,82
80071,11
80072,6
80073,48
80074,13
80075,28
80076,46
80077,13
80078,86
80079,50
80080,13
80081,86
80082,7
80083,76
80084,99
80085,64
80086,36
80087,89
80088,67
80089,15
80090,88
80091,82
80092,19
80093,89
80094,95
80095,66
80096,70
80097,31
80098,68
80099,84
80100,29
80101,19
80102,57
80103,28
80104,23
80105,0
80106,88
80107,26
80108,88
80109,20
80110,16
80111,91
80112,31
80113,43
80114,97
80115,21
80116,41
80117,82
80118,61
80119,47
80120,7
80121,1
80122,4
80123,27
80124,3
80125,52
80126,99
80127,0
80128,78
80129,76
80130,94
80131,80
80132,5
80133,87
80134,54
80135,51
80136,76
80137,84
80138,23
80139,61
80140,55
80141,85
80142,92
80143,23
80144,75
80145,19
80146,33
80147,14
80148,50
80149,3
80150,52
80151,13
80152,64
80153,32
80154,49
80155,62
80156,49
80157,92
80158,73
80159,35
80160,77
80161,85
80162,96
80163,91
80164,70
80165,99
80166,99
80167,49
80168,40
80169,97
80170,100
80171,69
80172,98
80173,26
80174,29
80175,31
80176,82
80177,21
80178,84
80179,68
80180,20
80181,55
80182,83
80183,30
80184,100
80185,58
80186,69
80187,94
80188,42
80189,87
80190,53
80191,17
80192,54
80193,28
80194,60
80195,50
80196,75
80197,11
80198,92
80199,60
80200,70
80201,15
80202,11
80203,61
80204,84
80205,67
80206,59
80207,80
80208,27
80209,63
80210,94
80211,71
80212,49
80213,25
80214,39
80215,54
80216,30
80217,82
80218,70
80219,4
80220,12
80221,17
80222,81
80223,49
80224,83
80225,86
80226,35
80227,51
80228,32
80229,63
80230,70
80231,68
80232,95
80233,72
80234,29
80235,95
80236,67
80237,88
80238,21
80239,58
80240,7
80241,65
80242,36
80243,98
80244,100
80245,55
80246,60
80247,85
80248,64
80249,41
80250,96
80251,48
80252,67
80253,8
80254,7
80255,57
80256,85
80257,53
80258,84
80259,47
80260,53
80261,27
80262,100
80263,65
80264,80
80265,30
80266,12
80267,58
80268,81
80269,87
80270,30
80271,32
80272,52
80273,94
80274,90
80275,35
80276,84
80277,68
80278,74
80279,97
80280,33
80281,60
80282,59
80283,2
80284,5
80285,19
80286,3
80287,100
80288,52
80289,70
80290,61
80291,80
80292,37
80293,35
80294,33
80295,5
80296,65
80297,17
80298,26
80299,38
80300,50
80301,18
80302,95
80303,87
80304,33
80305,88
80306,23
80307,24
80308,75
80309,93
80310,69
80311,29
80312,96
80313,78
80314,92
80315,53
80316,77
80317,24
80318,4
80319,1
80320,79
80321,62
80322,53
80323,37
80324,16
80325,30
80326,0
80327,5
80328,94
80329,69
80330,35
80331,7
80332,92
80333,72
80334,85
80335,9
80336,23
80337,62
80338,39
80339,1
80340,19
80341,80
80342,32
80343,13
80344,95
80345,53
80346,54
80347,36
80348,87
80349,83
80350,5
80351,32
80352,49
80353,91
80354,74
80355,99
80356,83
80357,69
80358,71
80359,82
80360,78
80361,85
80362,50
80363,65
80364,60
80365,27
80366,99
80367,99
80368,43
80369,81
80370,11
80371,82
80372,56
80373,25
80374,24
80375,91
80376,14
80377,73
80378,97
80379,76
80380,79
80381,52
80382,94
80383,64
80384,53
80385,86
80386,77
80387,38
80388,93
80389,50
80390,19
80391,63
80392,88
80393,10
80394,89
80395,51
80396,84
80397,53
80398,68
80399,6
80400,11
80401,1
80402,20
80403,95
80404,68
80405,90
80406,94
80407,75
80408,35
80409,20
80410,52
80411,18
80412,2
80413,59
80414,80
80415,93
80416,99
80417,72
80418,33
80419,28
80420,73
80421,56
80422,72
80423,39
80424,49
80425,74
80426,18
80427,21
80428,50
80429,48
80430,51
80431,21
80432,61
80433,59
80434,79
80435,80
80436,6
80437,52
80438,30
80439,3
80440,92
80441,6
80442,93
80443,2
80444,24
80445,33
80446,32
80447,94
80448,87
80449,37
80450,3
80451,47
80452,73
80453,88
80454,100
80455,60
80456,64
80457,80
80458,70
80459,77
80460,60
80461,0
80462,5
80463,73
80464,20
80465,66
80466,82
80467,27
80468,65
80469,26
80470,31
80471,11
80472,64
80473,45
80474,39
80475,92
80476,8
80477,81
80478,61
80479,99
80480,15
80481,98
80482,99
80483,67
80484,39
80485,34
80486,82
80487,59
80488,69
80489,94
80490,90
80491,2
80492,52
80493,99
80494,58
80495,35
80496,65
80497,36
80498,78
80499,100
80500,86
80501,43
80502,63
80503,50
80504,5
80505,96
80506,68
80507,20
80508,56
80509,27
80510,84
80511,23
80512,91
80513,74
80514,62
80515,21
80516,33
80517,36
80518,40
80519,80
80520,78
80521,92
80522,97
80523,42
80524,21
80525,90
80526,14
80527,20
80528,51
80529,3
80530,46
80531,17
80532,70
80533,79
80534,34
80535,75
80536,6
80537,40
80538,9
80539,61
80540,64
80541,11
80542,90
80543,27
80544,57
80545,55
80546,17
80547,64
80548,56
80549,49
80550,86
80551,80
80552,44
80553,61
80554,64
80555,54
80556,37
80557,3
80558,14
80559,20
80560,20
80561,50
80562,85
80563,77
80564,34
80565,3
80566,98
80567,31
80568,91
80569,11
80570,53
80571,29
80572,8
80573,18
80574,79
80575,29
80576,64
80577,44
80578,22
80579,75
80580,4
80581,83
80582,66
80583,65
80584,42
80585,83
80586,1
80587,47
80588,57
80589,39
80590,98
80591,52
80592,58
80593,67
80594,62
80595,35
80596,39
80597,5
80598,13
80599,78
80600,100
80601,32
80602,18
80603,75
80604,42
80605,53
80606,72
80607,82
80608,95
80609,91
80610,91
80611,94
80612,60
80613,99
80614,12
80615,41
80616,96
80617,17
80618,92
80619,71
80620,85
80621,64
80622,47
80623,94
80624,83
80625,35
80626,86
80627,80
80628,44
80629,9
80630,8
80631,45
80632,16
80633,66
80634,32
80635,64
80636,19
80637,65
80638,15
80639,72
80640,13
80641,0
80642,34
80643,81
80644,0
80645,42
80646,68
80647,74
80648,87
80649,95
80650,54
80651,15
80652,66
80653,62
80654,71
80655,95
80656,21
80657,55
80658,51
80659,80
80660,26
80661,63
80662,44
80663,66
80664,25
80665,98
80666,12
80667,80
80668,29
80669,92
80670,77
80671,29
80672,100
80673,43
80674,47
80675,8
80676,47
80677,95
80678,55
80679,67
80680,5
80681,64
80682,88
80683,66
80684,20
80685,77
80686,29
80687,56
80688,54
80689,1
80690,47
80691,21
80692,12
80693,88
80694,42
80695,74
80696,73
80697,48
80698,36
80699,88
80700,34
80701,18
80702,27
80703,56
80704,60
80705,42
80706,59
80707,9
80708,78
80709,95
80710,66
80711,23
80712,73
80713,43
80714,29
80715,96
80716,44
80717,88
80718,59
80719,52
80720,24
80721,75
80722,3
80723,91
80724,83
80725,73
80726,30
80727,18
80728,1
80729,3
80730,78
80731,37
80732,32
80733,17
80734,31
80735,95
80736,76
80737,79
80738,32
80739,33
80740,50
80741,62
80742,77
80743,46
80744,65
80745,12
80746,51
80747,92
80748,51
80749,42
80750,97
80751,60
80752,80
80753,2
80754,93
80755,67
80756,94
80757,58
80758,53
80759,68
80760,1
80761,67
80762,43
80763,37
80764,59
80765,26
80766,90
80767,14
80768,38
80769,37
80770,53
80771,62
80772,57
80773,61
80774,77
80775,17
80776,28
80777,70
80778,56
80779,23
80780,37
80781,5
80782,19
80783,41
80784,99
80785,73
80786,21
80787,32
80788,86
80789,45
80790,53
80791,41
80792,50
80793,67
80794,84
80795,55
80796,76
80797,41
80798,12
80799,53
80800,11
80801,87
80802,34
80803,82
80804,8
80805,12
80806,21
80807,39
80808,35
80809,91
80810,40
80811,6
80812,93
80813,94
80814,54
80815,74
80816,93
80817,78
80818,12
80819,98
80820,98
80821,19
80822,57
80823,22
80824,52
80825,36
80826,19
80827,18
80828,17
80829,67
80830,60
80831,71
80832,45
80833,93
80834,47
80835,19
80836,71
80837,68
80838,33
80839,6
80840,49
80841,52
80842,85
80843,72
80844,10
80845,75
80846,7
80847,31
80848,62
80849,54
80850,58
80851,62
80852,16
80853,25
80854,50
80855,32
80856,25
80857,21
80858,66
80859,94
80860,77
80861,81
80862,97
80863,62
80864,16
80865,40
80866,75
80867,38
80868,32
80869,31
80870,20
80871,52
80872,63
80873,77
80874,65
80875,48
80876,70
80877,78
80878,30
80879,91
80880,40
80881,71
80882,70
80883,35
80884,73
80885,38
80886,93
80887,40
80888,40
80889,4
80890,84
80891,5
80892,61
80893,15
80894,79
80895,87
80896,18
80897,82
80898,36
80899,63
80900,58
80901,96
80902,68
80903,72
80904,84
80905,6
80906,41
80907,24
80908,55
80909,46
80910,84
80911,76
80912,49
80913,84
80914,73
80915,87
80916,90
80917,32
80918,25
80919,99
80920,16
80921,20
80922,1
80923,78
80924,43
80925,65
80926,70
80927,35
80928,45
80929,49
80930,95
80931,66
80932,2
80933,32
80934,44
80935,24
80936,36
80937,35
80938,34
80939,18
80940,44
80941,82
80942,96
80943,17
80944,26
80945,93
80946,30
80947,38
80948,66
80949,21
80950,51
80951,9
80952,7
80953,33
80954,52
80955,17
80956,11
80957,63
80958,56
80959,95
80960,1
80961,16
80962,51
80963,75
80964,70
80965,78
80966,1
80967,26
80968,25
80969,24
80970,11
80971,16
80972,64
80973,94
80974,39
80975,4
80976,91
80977,27
80978,71
80979,51
80980,13
80981,5
80982,17
80983,36
80984,73
80985,63
80986,98
80987,34
80988,16
80989,90
80990,87
80991,9
80992,50
80993,80
80994,51
80995,63
80996,32
80997,96
80998,16
80999,81
81000,48
81001,6
81002,89
81003,64
81004,61
81005,74
81006,9
81007,30
81008,24
81009,56
81010,64
81011,42
81012,2
81013,54
81014,47
81015,64
81016,70
81017,59
81018,13
81019,86
81020,80
81021,13
81022,8
81023,84
81024,44
81025,1
81026,31
81027,7
81028,35
81029,89
81030,36
81031,14
81032,33
81033,20
81034,86
81035,8
81036,39
81037,25
81038,21
81039,12
81040,24
81041,70
81042,90
81043,14
81044,75
81045,44
81046,96
81047,20
81048,88
81049,39
81050,46
81051,85
81052,60
81053,13
81054,71
81055,87
81056,66
81057,75
81058,46
81059,85
81060,15
81061,70
81062,17
81063,44
81064,22
81065,25
81066,65
81067,1
81068,21
81069,37
81070,41
81071,27
81072,62
81073,16
81074,81
81075,58
81076,1
81077,98
81078,78
81079,78
81080,97
81081,49
81082,14
81083,17
81084,76
81085,37
81086,7
81087,79
81088,19
81089,59
81090,25
81091,34
81092,80
81093,25
81094,17
81095,43
81096,6
81097,34
81098,11
81099,43
81100,40
81101,53
81102,0
81103,24
81104,79
81105,14
81106,74
81107,100
81108,2
81109,44
81110,44
81111,50
81112,41
81113,38
81114,19
81115,86
81116,78
81117,17
81118,38
81119,98
81120,28
81121,19
81122,41
81123,78
81124,95
81125,11
81126,55
81127,11
81128,88
81129,52
81130,97
81131,7
81132,57
81133,23
81134,60
81135,0
81136,88
81137,97
81138,77
81139,99
81140,69
81141,44
81142,8
81143,0
81144,72
81145,23
81146,59
81147,81
81148,47
81149,38
81150,17
81151,91
81152,51
81153,1
81154,100
81155,35
81156,47
81157,87
81158,34
81159,69
81160,80
81161,93
81162,71
81163,41
81164,73
81165,79
81166,37
81167,25
81168,30
81169,51
81170,59
81171,7
81172,60
81173,34
81174,33
81175,9
81176,39
81177,51
81178,11
81179,26
81180,18
81181,56
81182,89
81183,53
81184,14
81185,94
81186,36
81187,60
81188,17
81189,92
81190,43
81191,90
81192,83
81193,20
81194,28
81195,14
81196,85
81197,86
81198,67
81199,87
81200,63
81201,13
81202,36
81203,53
81204,58
81205,58
81206,84
81207,54
81208,42
81209,51
81210,38
81211,76
81212,18
81213,55
81214,89
81215,35
81216,51
81217,43
81218,45
81219,96
81220,39
81221,79
81222,52
81223,56
81224,18
81225,100
81226,77
81227,43
81228,93
81229,94
81230,19
81231,43
81232,42
81233,6
81234,41
81235,61
81236,100
81237,1
81238,85
81239,76
81240,45
81241,37
81242,94
81243,0
81244,46
81245,12
81246,59
81247,80
81248,63
81249,67
81250,54
81251,30
81252,96
81253,13
81254,84
81255,85
81256,4
81257,53
81258,52
81259,36
81260,95
81261,56
81262,2
81263,76
81264,10
81265,41
81266,54
81267,37
81268,23
81269,8
81270,12
81271,85
81272,17
81273,9
81274,11
81275,93
81276,46
81277,82
81278,82
81279,9
81280,0
81281,56
81282,70
81283,10
81284,52
81285,3
81286,99
81287,60
81288,84
81289,85
81290,9
81291,86
81292,4
81293,60
81294,75
81295,29
81296,56
81297,32
81298,36
81299,81
81300,67
81301,90
81302,22
81303,69
81304,6
81305,18
81306,14
81307,85
81308,31
81309,78
81310,58
81311,69
81312,69
81313,5
81314,75
81315,65
81316,88
81317,3
81318,69
81319,56
81320,60
81321,55
81322,100
81323,13
81324,82
81325,6
81326,53
81327,81
81328,57
81329,60
81330,71
81331,27
81332,84
81333,54
81334,98
81335,73
81336,52
81337,91
81338,82
81339,43
81340,98
81341,27
81342,45
81343,48
81344,66
81345,26
81346,80
81347,78
81348,38
81349,85
81350,83
81351,26
81352,34
81353,46
81354,51
81355,68
81356,65
81357,40
81358,49
81359,44
81360,19
81361,70
81362,35
81363,71
81364,90
81365,69
81366,23
81367,35
81368,4
81369,83
81370,19
81371,52
81372,39
81373,97
81374,49
81375,73
81376,66
81377,97
81378,34
81379,63
81380,36
81381,44
81382,37
81383,86
81384,100
81385,84
81386,26
81387,64
81388,72
81389,2
81390,58
81391,99
81392,97
81393,29
81394,94
81395,93
81396,15
81397,28
81398,69
81399,77
81400,73
81401,87
81402,99
81403,23
81404,6
81405,48
81406,62
81407,100
81408,45
81409,47
81410,24
81411,42
81412,54
81413,33
81414,64
81415,27
81416,40
81417,28
81418,31
81419,68
81420,33
81421,58
81422,60
81423,51
81424,62
81425,25
81426,76
81427,11
81428,21
81429,72
81430,55
81431,5
81432,35
81433,73
81434,100
81435,58
81436,58
81437,95
81438,67
81439,51
81440,67
81441,76
81442,79
81443,50
81444,89
81445,96
81446,67
81447,25
81448,72
81449,40
81450,74
81451,4
81452,52
81453,37
81454,95
81455,92
81456,91
81457,52
81458,87
81459,55
81460,18
81461,64
81462,68
81463,86
81464,52
81465,18
81466,65
81467,47
81468,65
81469,72
81470,17
81471,79
81472,38
81473,72
81474,50
81475,22
81476,32
81477,59
81478,58
81479,97
81480,25
81481,16
81482,52
81483,77
81484,76
81485,85
81486,42
81487,47
81488,81
81489,19
81490,93
81491,34
81492,32
81493,80
81494,98
81495,75
81496,1
81497,33
81498,75
81499,89
81500,31
81501,20
81502,4
81503,27
81504,86
81505,47
81506,95
81507,68
81508,98
81509,69
81510,82
81511,39
81512,5
81513,13
81514,66
81515,10
81516,38
81517,40
81518,23
81519,42
81520,81
81521,94
81522,73
81523,25
81524,28
81525,1
81526,29
81527,73
81528,75
81529,83
81530,56
81531,58
81532,18
81533,53
81534,69
81535,22
81536,82
81537,94
81538,32
81539,65
81540,78
81541,10
81542,89
81543,17
81544,64
81545,31
81546,3
81547,85
81548,35
81549,92
81550,99
81551,56
81552,32
81553,13
81554,47
81555,36
81556,4
81557,49
81558,60
81559,85
81560,68
81561,100
81562,37
81563,45
81564,97
81565,14
81566,36
81567,26
81568,0
81569,28
81570,71
81571,96
81572,6
81573,28
81574,30
81575,37
81576,7
81577,94
81578,36
81579,58
81580,78
81581,53
81582,57
81583,95
81584,25
81585,47
81586,10
81587,22
81588,33
81589,32
81590,80
81591,96
81592,1
81593,60
81594,3
81595,11
81596,28
81597,41
81598,82
81599,56
81600,49
81601,65
81602,6
81603,56
81604,45
81605,21
81606,10
81607,32
81608,53
81609,19
81610,4
81611,67
81612,13
81613,2
81614,81
81615,57
81616,26
81617,3
81618,66
81619,63
81620,90
81621,91
81622,85
81623,41
81624,28
81625,79
81626,34
81627,18
81628,93
81629,78
81630,68
81631,30
81632,42
81633,94
81634,72
81635,76
81636,20
81637,94
81638,64
81639,76
81640,33
81641,60
81642,35
81643,79
81644,73
81645,40
81646,33
81647,24
81648,56
81649,64
81650,75
81651,21
81652,59
81653,53
81654,21
81655,60
81656,65
81657,44
81658,71
81659,96
81660,68
81661,63
81662,9
81663,66
81664,10
81665,93
81666,27
81667,4
81668,11
81669,43
81670,92
81671,89
81672,92
81673,28
81674,77
81675,35
81676,34
81677,7
81678,15
81679,42
81680,68
81681,15
81682,55
81683,40
81684,76
81685,7
81686,53
81687,89
81688,4
81689,8
81690,65
81691,70
81692,29
81693,80
81694,94
81695,64
81696,91
81697,29
81698,46
81699,94
81700,87
81701,30
81702,59
81703,74
81704,79
81705,8
81706,93
81707,75
81708,53
81709,60
81710,63
81711,79
81712,96
81713,5
81714,44
81715,64
81716,76
81717,36
81718,98
81719,89
81720,72
81721,16
81722,98
81723,24
81724,49
81725,70
81726,30
81727,31
81728,47
81729,82
81730,16
81731,60
81732,56
81733,56
81734,69
81735,88
81736,32
81737,18
81738,14
81739,34
81740,48
81741,95
81742,35
81743,95
81744,95
81745,53
81746,35
81747,52
81748,59
81749,97
81750,73
81751,43
81752,32
81753,43
81754,54
81755,73
81756,43
81757,50
81758,98
81759,85
81760,50
81761,86
81762,6
81763,84
81764,0
81765,12
81766,72
81767,47
81768,83
81769,46
81770,46
81771,9
81772,25
81773,49
81774,46
81775,43
81776,0
81777,62
81778,16
81779,16
81780,38
81781,42
81782,75
81783,40
81784,14
81785,0
81786,57
81787,53
81788,95
81789,74
81790,4
81791,61
81792,81
81793,81
81794,86
81795,70
81796,45
81797,89
81798,64
81799,27
81800,83
81801,40
81802,22
81803,31
81804,57
81805,38
81806,81
81807,32
81808,57
81809,88
81810,31
81811,49
81812,50
81813,91
81814,76
81815,18
81816,2
81817,90
81818,16
81819,42
81820,28
81821,43
81822,51
81823,96
81824,27
81825,83
81826,33
81827,79
81828,53
81829,1
81830,91
81831,16
81832,83
81833,17
81834,27
81835,27
81836,51
81837,15
81838,32
81839,84
81840,4
81841,44
81842,36
81843,81
81844,51
81845,63
81846,61
81847,4
81848,10
81849,85
81850,86
81851,89
81852,90
81853,2
81854,50
81855,59
81856,65
81857,56
81858,16
81859,2
81860,2
81861,39
81862,79
81863,75
81864,62
81865,50
81866,0
81867,50
81868,3
81869,80
81870,82
81871,3
81872,46
81873,38
81874,83
81875,48
81876,56
81877,38
81878,67
81879,16
81880,14
81881,27
81882,15
81883,5
81884,91
81885,31
81886,80
81887,24
81888,38
81889,16
81890,45
81891,78
81892,52
81893,50
81894,17
81895,19
81896,86
81897,4
81898,61
81899,11
81900,80
81901,29
81902,82
81903,95
81904,15
81905,1
81906,75
81907,2
81908,7
81909,36
81910,52
81911,54
81912,87
81913,48
81914,88
81915,58
81916,59
81917,88
81918,77
81919,45
81920,99
81921,62
81922,78
81923,31
81924,65
81925,84
81926,3
81927,28
81928,48
81929,92
81930,22
81931,2
81932,53
81933,20
81934,79
81935,43
81936,19
81937,98
81938,56
81939,68
81940,89
81941,70
81942,51
81943,79
81944,16
81945,65
81946,11
81947,57
81948,76
81949,4
81950,79
81951,91
81952,71
81953,55
81954,91
81955,45
81956,71
81957,92
81958,17
81959,43
81960,42
81961,79
81962,89
81963,85
81964,78
81965,76
81966,21
81967,59
81968,84
81969,62
81970,23
81971,64
81972,28
81973,0
81974,0
81975,72
81976,20
81977,77
81978,27
81979,17
81980,96
81981,51
81982,65
81983,97
81984,87
81985,61
81986,18
81987,1
81988,69
81989,54
81990,78
81991,56
81992,10
81993,15
81994,84
81995,61
81996,26
81997,21
81998,2
81999,2
82000,20
82001,42
82002,69
82003,88
82004,36
82005,93
82006,55
82007,38
82008,19
82009,64
82010,34
82011,42
82012,89
82013,20
82014,9
82015,44
82016,92
82017,2
82018,42
82019,51
82020,40
82021,40
82022,76
82023,8
82024,45
82025,15
82026,46
82027,27
82028,27
82029,74
82030,93
82031,10
82032,28
82033,55
82034,75
82035,71
82036,56
82037,52
82038,73
82039,58
82040,34
82041,51
82042,35
82043,76
82044,57
82045,90
82046,1
82047,27
82048,97
82049,84
82050,69
82051,62
82052,51
82053,59
82054,89
82055,35
82056,81
82057,61
82058,42
82059,38
82060,4
82061,89
82062,74
82063,49
82064,15
82065,82
82066,51
82067,68
82068,70
82069,2
82070,88
82071,9
82072,50
82073,68
82074,31
82075,95
82076,4
82077,42
82078,82
82079,11
82080,30
82081,80
82082,21
82083,58
82084,51
82085,46
82086,85
82087,48
82088,55
82089,89
82090,30
82091,58
82092,69
82093,75
82094,42
82095,90
82096,80
82097,73
82098,4
82099,3
82100,14
82101,1
82102,48
82103,55
82104,7
82105,15
82106,63
82107,83
82108,23
82109,98
82110,54
82111,53
82112,80
82113,68
82114,77
82115,77
82116,59
82117,30
82118,19
82119,76
82120,53
82121,8
82122,33
82123,75
82124,79
82125,64
82126,15
82127,69
82128,83
82129,5
82130,34
82131,2
82132,20
82133,6
82134,77
82135,29
82136,21
82137,13
82138,54
82139,88
82140,66
82141,4
82142,68
82143,58
82144,8
82145,47
82146,36
82147,67
82148,19
82149,84
82150,49
82151,23
82152,70
82153,48
82154,7
82155,74
82156,72
82157,5
82158,39
82159,80
82160,53
82161,76
82162,16
82163,50
82164,1
82165,29
82166,31
82167,49
82168,99
82169,70
82170,15
82171,82
82172,78
82173,54
82174,56
82175,77
82176,44
82177,51
82178,70
82179,46
82180,32
82181,97
82182,23
82183,34
82184,63
82185,84
82186,87
82187,100
82188,79
82189,59
82190,80
82191,28
82192,17
82193,57
82194,47
82195,10
82196,2
82197,41
82198,17
82199,15
82200,40
82201,64
82202,42
82203,42
82204,90
82205,30
82206,27
82207,50
82208,26
82209,8
82210,37
82211,35
82212,59
82213,90
82214,56
82215,46
82216,89
82217,90
82218,67
82219,50
82220,57
82221,47
82222,58
82223,75
82224,46
82225,14
82226,93
82227,77
82228,71
82229,91
82230,94
82231,1
82232,78
82233,60
82234,39
82235,42
82236,47
82237,71
82238,68
82239,56
82240,67
82241,11
82242,73
82243,67
82244,50
82245,73
82246,28
82247,91
82248,28
82249,82
82250,12
82251,56
82252,97
82253,45
82254,19
82255,81
82256,58
82257,35
82258,0
82259,89
82260,2
82261,43
82262,54
82263,59
82264,2
82265,84
82266,62
82267,81
82268,30
82269,99
82270,60
82271,48
82272,43
82273,51
82274,30
82275,71
82276,88
82277,48
82278,45
82279,53
82280,83
82281,10
82282,64
82283,84
82284,16
82285,27
82286,81
82287,92
82288,73
82289,8
82290,33
82291,19
82292,94
82293,2
82294,0
82295,59
82296,96
82297,49
82298,7
82299,17
82300,29
82301,96
82302,21
82303,80
82304,8
82305,21
82306,9
82307,96
82308,66
82309,80
82310,8
82311,46
82312,39
82313,35
82314,18
82315,97
82316,1
82317,44
82318,90
82319,82
82320,32
82321,63
82322,25
82323,33
82324,62
82325,27
82326,79
82327,85
82328,91
82329,77
82330,5
82331,10
82332,45
82333,19
82334,35
82335,15
82336,69
82337,71
82338,44
82339,99
82340,47
82341,3
82342,47
82343,97
82344,83
82345,87
82346,66
82347,27
82348,29
82349,28
82350,20
82351,41
82352,90
82353,49
82354,88
82355,2
82356,64
82357,22
82358,4
82359,94
82360,24
82361,34
82362,64
82363,78
82364,38
82365,87
82366,97
82367,17
82368,24
82369,99
82370,0
82371,61
82372,8
82373,40
82374,94
82375,21
82376,65
82377,44
82378,51
82379,19
82380,86
82381,11
82382,73
82383,63
82384,31
82385,61
82386,4
82387,43
82388,28
82389,32
82390,86
82391,99
82392,12
82393,49
82394,1
82395,74
82396,27
82397,88
82398,99
82399,17
82400,72
82401,65
82402,99
82403,45
82404,16
82405,32
82406,98
82407,32
82408,95
82409,83
82410,29
82411,21
82412,52
82413,88
82414,45
82415,43
82416,74
82417,33
82418,27
82419,34
82420,67
82421,8
82422,21
82423,60
82424,88
82425,84
82426,24
82427,80
82428,78
82429,40
82430,6
82431,58
82432,95
82433,71
82434,66
82435,32
82436,99
82437,80
82438,64
82439,99
82440,59
82441,80
82442,57
82443,43
82444,47
82445,36
82446,24
82447,24
82448,56
82449,12
82450,76
82451,11
82452,95
82453,98
82454,91
82455,62
82456,61
82457,83
82458,27
82459,54
82460,94
82461,87
82462,74
82463,41
82464,60
82465,79
82466,37
82467,80
82468,4
82469,83
82470,47
82471,34
82472,47
82473,13
82474,53
82475,25
82476,42
82477,41
82478,87
82479,94
82480,17
82481,54
82482,49
82483,85
82484,20
82485,33
82486,88
82487,39
82488,29
82489,69
82490,24
82491,68
82492,28
82493,85
82494,66
82495,56
82496,46
82497,93
82498,87
82499,16
82500,48
82501,49
82502,83
82503,89
82504,4
82505,12
82506,62
82507,38
82508,67
82509,44
82510,16
82511,58
82512,98
82513,94
82514,79
82515,97
82516,58
82517,95
82518,96
82519,7
82520,29
82521,2
82522,16
82523,50
82524,23
82525,79
82526,63
82527,83
82528,73
82529,87
82530,70
82531,48
82532,19
82533,76
82534,28
82535,9
82536,8
82537,70
82538,62
82539,32
82540,23
82541,79
82542,31
82543,3
82544,61
82545,77
82546,92
82547,21
82548,22
82549,89
82550,25
82551,48
82552,43
82553,21
82554,66
82555,41
82556,51
82557,16
82558,13
82559,63
82560,44
82561,63
82562,29
82563,12
82564,25
82565,31
82566,45
82567,97
82568,50
82569,86
82570,33
82571,75
82572,86
82573,27
82574,18
82575,47
82576,97
82577,71
82578,33
82579,15
82580,70
82581,26
82582,50
82583,83
82584,53
82585,98
82586,16
82587,91
82588,71
82589,67
82590,96
82591,85
82592,94
82593,0
82594,13
82595,6
82596,63
82597,71
82598,7
82599,53
82600,23
82601,54
82602,0
82603,98
82604,71
82605,68
82606,31
82607,0
82608,65
82609,41
82610,78
82611,8
82612,75
82613,73
82614,23
82615,18
82616,50
82617,80
82618,1
82619,9
82620,68
82621,5
82622,61
82623,65
82624,7
82625,67
82626,58
82627,49
82628,94
82629,35
82630,7
82631,94
82632,16
82633,58
82634,77
82635,7
82636,88
82637,77
82638,86
82639,42
82640,62
82641,80
82642,11
82643,83
82644,97
82645,55
82646,48
82647,51
82648,10
82649,26
82650,61
82651,8
82652,81
82653,35
82654,45
82655,91
82656,83
82657,28
82658,67
82659,78
82660,40
82661,27
82662,63
82663,23
82664,100
82665,15
82666,21
82667,46
82668,16
82669,0
82670,30
82671,88
82672,11
82673,19
82674,18
82675,4
82676,14
82677,24
82678,34
82679,54
82680,62
82681,46
82682,66
82683,81
82684,63
82685,21
82686,79
82687,78
82688,68
82689,76
82690,91
82691,73
82692,79
82693,1
82694,99
82695,24
82696,60
82697,4
82698,27
82699,80
82700,65
82701,14
82702,54
82703,37
82704,92
82705,22
82706,81
82707,13
82708,31
82709,43
82710,69
82711,91
82712,81
82713,98
82714,57
82715,3
82716,61
82717,59
82718,94
82719,74
82720,58
82721,74
82722,28
82723,18
82724,16
82725,3
82726,43
82727,3
82728,58
82729,11
82730,46
82731,6
82732,84
82733,96
82734,100
82735,11
82736,70
82737,53
82738,57
82739,62
82740,14
82741,36
82742,55
82743,72
82744,96
82745,79
82746,30
82747,14
82748,1
82749,12
82750,4
82751,47
82752,32
82753,31
82754,52
82755,20
82756,65
82757,99
82758,60
82759,53
82760,96
82761,74
82762,40
82763,86
82764,37
82765,32
82766,7
82767,99
82768,35
82769,32
82770,28
82771,94
82772,56
82773,93
82774,71
82775,60
82776,89
82777,86
82778,54
82779,51
82780,42
82781,25
82782,1
82783,54
82784,89
82785,17
82786,90
82787,49
82788,80
82789,44
82790,14
82791,6
82792,80
82793,82
82794,26
82795,39
82796,16
82797,31
82798,15
82799,62
82800,93
82801,77
82802,59
82803,81
82804,85
82805,51
82806,79
82807,48
82808,48
82809,79
82810,25
82811,50
82812,42
82813,69
82814,70
82815,8
82816,43
82817,63
82818,89
82819,1
82820,35
82821,2
82822,53
82823,20
82824,66
82825,8
82826,11
82827,71
82828,36
82829,84
82830,36
82831,66
82832,55
82833,84
82834,62
82835,25
82836,87
82837,45
82838,52
82839,59
82840,97
82841,31
82842,90
82843,61
82844,46
82845,60
82846,93
82847,3
82848,1
82849,22
82850,54
82851,40
82852,67
82853,36
82854,10
82855,35
82856,99
82857,14
82858,100
82859,66
82860,29
82861,56
82862,61
82863,86
82864,32
82865,64
82866,0
82867,2
82868,8
82869,31
82870,76
82871,44
82872,94
82873,56
82874,20
82875,22
82876,76
82877,25
82878,88
82879,71
82880,29
82881,68
82882,23
82883,73
82884,82
82885,63
82886,34
82887,21
82888,38
82889,54
82890,6
82891,61
82892,38
82893,19
82894,55
82895,95
82896,65
82897,14
82898,73
82899,20
82900,78
82901,33
82902,34
82903,4
82904,55
82905,82
82906,6
82907,52
82908,43
82909,57
82910,41
82911,99
82912,17
82913,5
82914,3
82915,68
82916,13
82917,40
82918,46
82919,96
82920,52
82921,20
82922,12
82923,65
82924,14
82925,79
82926,98
82927,44
82928,83
82929,64
82930,45
82931,2
82932,16
82933,16
82934,83
82935,19
82936,3
82937,74
82938,14
82939,56
82940,44
82941,26
82942,87
82943,19
82944,78
82945,5
82946,17
82947,85
82948,48
82949,84
82950,23
82951,80
82952,10
82953,17
82954,34
82955,54
82956,94
82957,27
82958,87
82959,35
82960,23
82961,32
82962,93
82963,36
82964,12
82965,15
82966,42
82967,72
82968,49
82969,12
82970,70
82971,34
82972,89
82973,72
82974,34
82975,23
82976,96
82977,84
82978,52
82979,85
82980,38
82981,18
82982,43
82983,45
82984,44
82985,31
82986,4
82987,75
82988,5
82989,81
82990,6
82991,82
82992,14
82993,72
82994,19
82995,58
82996,83
82997,3
82998,73
82999,39
83000,64
83001,34
83002,87
83003,43
83004,6
83005,21
83006,22
83007,64
83008,87
83009,19
83010,31
83011,94
83012,96
83013,35
83014,17
83015,100
83016,96
83017,32
83018,68
83019,81
83020,8
83021,41
83022,94
83023,70
83024,78
83025,3
83026,45
83027,71
83028,23
83029,71
83030,68
83031,22
83032,54
83033,97
83034,14
83035,50
83036,49
83037,46
83038,82
83039,24
83040,38
83041,67
83042,45
83043,71
83044,92
83045,12
83046,37
83047,35
83048,36
83049,41
83050,94
83051,18
83052,36
83053,88
83054,100
83055,64
83056,84
83057,38
83058,25
83059,41
83060,61
83061,52
83062,66
83063,49
83064,68
83065,28
83066,96
83067,1
83068,17
83069,59
83070,13
83071,39
83072,63
83073,29
83074,28
83075,28
83076,18
83077,89
83078,57
83079,39
83080,8
83081,76
83082,30
83083,77
83084,94
83085,14
83086,33
83087,61
83088,73
83089,56
83090,20
83091,53
83092,88
83093,36
83094,39
83095,19
83096,70
83097,17
83098,43
83099,55
83100,89
83101,16
83102,41
83103,70
83104,27
83105,20
83106,36
83107,22
83108,47
83109,58
83110,73
83111,51
83112,16
83113,37
83114,0
83115,74
83116,32
83117,94
83118,43
83119,87
83120,19
83121,46
83122,68
83123,41
83124,25
83125,48
83126,70
83127,90
83128,17
83129,94
83130,8
83131,65
83132,59
83133,36
83134,46
83135,28
83136,97
83137,62
83138,14
83139,8
83140,79
83141,65
83142,0
83143,8
83144,56
83145,55
83146,19
83147,1
83148,0
83149,73
83150,86
83151,53
83152,18
83153,17
83154,23
83155,51
83156,85
83157,19
83158,10
83159,72
83160,78
83161,59
83162,15
83163,12
83164,52
83165,5
83166,24
83167,62
83168,46
83169,14
83170,53
83171,81
83172,42
83173,96
83174,13
83175,33
83176,1
83177,19
83178,15
83179,66
83180,29
83181,86
83182,50
83183,86
83184,2
83185,76
83186,50
83187,45
83188,39
83189,28
83190,22
83191,16
83192,84
83193,92
83194,100
83195,68
83196,84
83197,65
83198,22
83199,74
83200,78
83201,22
83202,6
83203,42
83204,61
83205,33
83206,50
83207,43
83208,69
83209,79
83210,54
83211,65
83212,95
83213,57
83214,42
83215,60
83216,37
83217,27
83218,56
83219,40
83220,72
83221,88
83222,49
83223,89
83224,89
83225,60
83226,68
83227,62
83228,80
83229,25
83230,25
83231,72
83232,22
83233,51
83234,87
83235,72
83236,73
83237,69
83238,3
83239,0
83240,5
83241,55
83242,28
83243,2
83244,87
83245,41
83246,8
83247,80
83248,58
83249,37
83250,41
83251,49
83252,13
83253,99
83254,44
83255,32
83256,19
83257,33
83258,66
83259,83
83260,66
83261,69
83262,92
83263,38
83264,42
83265,94
83266,38
83267,84
83268,43
83269,0
83270,96
83271,49
83272,73
83273,61
83274,89
83275,2
83276,77
83277,7
83278,47
83279,95
83280,40
83281,35
83282,90
83283,56
83284,96
83285,84
83286,89
83287,77
83288,42
83289,99
83290,27
83291,91
83292,84
83293,58
83294,28
83295,37
83296,33
83297,64
83298,19
83299,25
83300,26
83301,22
83302,70
83303,21
83304,46
83305,100
83306,98
83307,67
83308,92
83309,100
83310,99
83311,66
83312,65
83313,68
83314,81
83315,97
83316,14
83317,43
83318,50
83319,64
83320,85
83321,24
83322,60
83323,16
83324,96
83325,51
83326,57
83327,80
83328,56
83329,37
83330,68
83331,36
83332,74
83333,75
83334,33
83335,34
83336,59
83337,38
83338,45
83339,15
83340,87
83341,30
83342,13
83343,46
83344,31
83345,76
83346,16
83347,55
83348,35
83349,41
83350,81
83351,18
83352,6
83353,54
83354,29
83355,75
83356,74
83357,28
83358,66
83359,33
83360,33
83361,94
83362,85
83363,1
83364,26
83365,46
83366,99
83367,95
83368,56
83369,98
83370,16
83371,97
83372,25
83373,9
83374,38
83375,8
83376,24
83377,19
83378,14
83379,90
83380,10
83381,15
83382,93
83383,21
83384,61
83385,23
83386,87
83387,35
83388,17
83389,19
83390,7
83391,14
83392,76
83393,99
83394,77
83395,46
83396,87
83397,100
83398,23
83399,46
83400,17
83401,31
83402,98
83403,83
83404,41
83405,95
83406,100
83407,36
83408,32
83409,0
83410,91
83411,26
83412,16
83413,45
83414,78
83415,77
83416,94
83417,33
83418,2
83419,55
83420,11
83421,25
83422,23
83423,59
83424,57
83425,62
83426,97
83427,7
83428,75
83429,72
83430,25
83431,57
83432,37
83433,48
83434,42
83435,58
83436,82
83437,20
83438,12
83439,98
83440,2
83441,88
83442,31
83443,20
83444,13
83445,94
83446,7
83447,6
83448,99
83449,98
83450,82
83451,58
83452,1
83453,68
83454,43
83455,65
83456,17
83457,78
83458,15
83459,11
83460,59
83461,99
83462,85
83463,91
83464,53
83465,39
83466,42
83467,21
83468,3
83469,75
83470,20
83471,90
83472,22
83473,41
83474,90
83475,40
83476,15
83477,95
83478,35
83479,16
83480,53
83481,81
83482,90
83483,6
83484,40
83485,61
83486,83
83487,56
83488,98
83489,32
83490,25
83491,87
83492,23
83493,30
83494,26
83495,48
83496,72
83497,65
83498,69
83499,30
83500,24
83501,15
83502,5
83503,86
83504,68
83505,16
83506,8
83507,89
83508,61
83509,12
83510,6
83511,17
83512,100
83513,44
83514,23
83515,54
83516,31
83517,6
83518,19
83519,97
83520,18
83521,61
83522,13
83523,31
83524,8
83525,99
83526,48
83527,89
83528,83
83529,92
83530,15
83531,94
83532,23
83533,29
83534,7
83535,89
83536,78
83537,9
83538,35
83539,23
83540,7
83541,0
83542,73
83543,86
83544,73
83545,32
83546,30
83547,76
83548,61
83549,34
83550,43
83551,46
83552,31
83553,62
83554,21
83555,6
83556,5
83557,40
83558,79
83559,11
83560,72
83561,39
83562,68
83563,57
83564,2
83565,99
83566,42
83567,73
83568,7
83569,72
83570,12
83571,55
83572,18
83573,22
83574,42
83575,23
83576,2
83577,96
83578,86
83579,13
83580,82
83581,32
83582,86
83583,26
83584,11
83585,45
83586,70
83587,99
83588,45
83589,81
83590,15
83591,57
83592,13
83593,84
83594,42
83595,90
83596,24
83597,14
83598,73
83599,29
83600,43
83601,8
83602,91
83603,81
83604,10
83605,65
83606,21
83607,86
83608,19
83609,28
83610,89
83611,62
83612,40
83613,75
83614,92
83615,82
83616,97
83617,47
83618,26
83619,93
83620,100
83621,30
83622,91
83623,24
83624,48
83625,69
83626,63
83627,55
83628,6
83629,69
83630,34
83631,88
83632,20
83633,46
83634,59
83635,16
83636,89
83637,16
83638,70
83639,24
83640,33
83641,25
83642,5
83643,9
83644,80
83645,77
83646,2
83647,58
83648,79
83649,68
83650,47
83651,22
83652,90
83653,4
83654,55
83655,100
83656,37
83657,81
83658,75
83659,84
83660,6
83661,16
83662,8
83663,87
83664,74
83665,88
83666,45
83667,36
83668,6
83669,16
83670,40
83671,63
83672,82
83673,56
83674,84
83675,44
83676,72
83677,7
83678,90
83679,86
83680,9
83681,53
83682,65
83683,43
83684,47
83685,70
83686,1
83687,79
83688,5
83689,79
83690,88
83691,44
83692,9
83693,8
83694,95
83695,31
83696,1
83697,20
83698,2
83699,97
83700,92
83701,83
83702,22
83703,36
83704,71
83705,35
83706,13
83707,86
83708,90
83709,14
83710,34
83711,21
83712,46
83713,35
83714,14
83715,95
83716,81
83717,57
83718,30
83719,40
83720,99
83721,88
83722,73
83723,77
83724,25
83725,82
83726,29
83727,11
83728,30
83729,81
83730,1
83731,77
83732,19
83733,57
83734,19
83735,33
83736,59
83737,33
83738,36
83739,66
83740,98
83741,96
83742,18
83743,94
83744,51
83745,43
83746,85
83747,26
83748,37
83749,91
83750,20
83751,83
83752,37
83753,12
83754,92
83755,20
83756,41
83757,96
83758,95
83759,47
83760,45
83761,91
83762,77
83763,56
83764,51
83765,21
83766,100
83767,97
83768,16
83769,96
83770,96
83771,25
83772,38
83773,70
83774,62
83775,88
83776,50
83777,29
83778,40
83779,32
83780,49
83781,62
83782,38
83783,27
83784,17
83785,73
83786,58
83787,65
83788,42
83789,77
83790,12
83791,0
83792,31
83793,88
83794,9
83795,14
83796,92
83797,16
83798,62
83799,53
83800,22
83801,70
83802,49
83803,58
83804,35
83805,5
83806,65
83807,31
83808,52
83809,68
83810,82
83811,1
83812,42
83813,86
83814,39
83815,67
83816,3
83817,74
83818,45
83819,19
83820,13
83821,98
83822,13
83823,48
83824,2
83825,78
83826,20
83827,60
83828,1
83829,20
83830,9
83831,90
83832,18
83833,52
83834,75
83835,48
83836,79
83837,7
83838,56
83839,100
83840,88
83841,23
83842,46
83843,81
83844,20
83845,7
83846,18
83847,29
83848,90
83849,99
83850,99
83851,25
83852,19
83853,77
83854,96
83855,72
83856,86
83857,44
83858,63
83859,29
83860,52
83861,49
83862,61
83863,41
83864,27
83865,57
83866,30
83867,89
83868,99
83869,58
83870,99
83871,74
83872,11
83873,44
83874,65
83875,67
83876,31
83877,40
83878,97
83879,54
83880,68
83881,4
83882,62
83883,3
83884,40
83885,11
83886,98
83887,36
83888,97
83889,54
83890,44
83891,27
83892,58
83893,6
83894,59
83895,52
83896,39
83897,51
83898,10
83899,95
83900,49
83901,49
83902,95
83903,94
83904,47
83905,83
83906,53
83907,5
83908,49
83909,81
83910,84
83911,2
83912,40
83913,91
83914,27
83915,31
83916,38
83917,87
83918,70
83919,62
83920,18
83921,0
83922,32
83923,32
83924,10
83925,59
83926,86
83927,27
83928,61
83929,46
83930,16
83931,73
83932,71
83933,8
83934,82
83935,7
83936,58
83937,68
83938,77
83939,44
83940,32
83941,37
83942,62
83943,11
83944,66
83945,28
83946,21
83947,33
83948,69
83949,98
83950,38
83951,15
83952,30
83953,48
83954,43
83955,78
83956,45
83957,0
83958,43
83959,83
83960,86
83961,83
83962,95
83963,45
83964,88
83965,71
83966,52
83967,32
83968,44
83969,63
83970,93
83971,2
83972,23
83973,75
83974,30
83975,70
83976,39
83977,80
83978,49
83979,73
83980,14
83981,20
83982,20
83983,59
83984,92
83985,64
83986,20
83987,54
83988,68
83989,78
83990,25
83991,74
83992,54
83993,84
83994,45
83995,61
83996,69
83997,53
83998,3
83999,44
84000,84
84001,53
84002,80
84003,52
84004,94
84005,43
84006,86
84007,95
84008,35
84009,33
84010,51
84011,5
84012,37
84013,85
84014,32
84015,74
84016,54
84017,22
84018,43
84019,99
84020,27
84021,63
84022,47
84023,58
84024,82
84025,58
84026,42
84027,42
84028,76
84029,12
84030,71
84031,42
84032,12
84033,34
84034,90
84035,10
84036,20
84037,71
84038,25
84039,93
84040,85
84041,49
84042,48
84043,73
84044,89
84045,90
84046,85
84047,12
84048,38
84049,54
84050,6
84051,42
84052,41
84053,57
84054,11
84055,12
84056,11
84057,75
84058,37
84059,2
84060,71
84061,61
84062,30
84063,76
84064,71
84065,36
84066,23
84067,91
84068,67
84069,63
84070,15
84071,17
84072,67
84073,39
84074,57
84075,96
84076,44
84077,52
84078,26
84079,35
84080,67
84081,99
84082,12
84083,50
84084,47
84085,59
84086,77
84087,100
84088,69
84089,50
84090,13
84091,42
84092,2
84093,24
84094,33
84095,69
84096,55
84097,64
84098,59
84099,47
84100,71
84101,80
84102,76
84103,18
84104,34
84105,96
84106,32
84107,41
84108,53
84109,38
84110,63
84111,37
84112,37
84113,72
84114,51
84115,100
84116,46
84117,64
84118,99
84119,41
84120,54
84121,58
84122,65
84123,73
84124,53
84125,50
84126,22
84127,72
84128,10
84129,35
84130,55
84131,41
84132,98
84133,12
84134,82
84135,98
84136,51
84137,29
84138,81
84139,11
84140,75
84141,20
84142,11
84143,61
84144,91
84145,92
84146,38
84147,43
84148,3
84149,30
84150,23
84151,41
84152,48
84153,81
84154,89
84155,19
84156,7
84157,32
84158,67
84159,37
84160,85
84161,35
84162,47
84163,94
84164,7
84165,72
84166,81
84167,98
84168,59
84169,23
84170,16
84171,64
84172,38
84173,78
84174,54
84175,76
84176,86
84177,92
84178,60
84179,30
84180,100
84181,27
84182,31
84183,6
84184,77
84185,13
84186,95
84187,72
84188,53
84189,69
84190,50
84191,78
84192,29
84193,29
84194,15
84195,22
84196,30
84197,11
84198,84
84199,2
84200,66
84201,37
84202,85
84203,84
84204,15
84205,81
84206,3
84207,19
84208,44
84209,12
84210,94
84211,1
84212,93
84213,30
84214,27
84215,72
84216,58
84217,10
84218,34
84219,48
84220,43
84221,100
84222,57
84223,50
84224,16
84225,89
84226,3
84227,32
84228,61
84229,80
84230,71
84231,89
84232,42
84233,83
84234,41
84235,50
84236,37
84237,42
84238,47
84239,41
84240,56
84241,53
84242,96
84243,16
84244,50
84245,8
84246,83
84247,7
84248,62
84249,55
84250,69
84251,8
84252,74
84253,4
84254,71
84255,63
84256,51
84257,34
84258,59
84259,88
84260,99
84261,38
84262,5
84263,87
84264,20
84265,35
84266,17
84267,0
84268,92
84269,16
84270,68
84271,5
84272,57
84273,44
84274,71
84275,88
84276,82
84277,47
84278,49
84279,55
84280,8
84281,91
84282,61
84283,30
84284,64
84285,60
84286,9
84287,52
84288,63
84289,63
84290,49
84291,85
84292,64
84293,76
84294,13
84295,22
84296,27
84297,92
84298,57
84299,39
84300,63
84301,96
84302,1
84303,42
84304,96
84305,87
84306,11
84307,91
84308,34
84309,73
84310,97
84311,68
84312,62
84313,40
84314,63
84315,17
84316,69
84317,10
84318,64
84319,22
84320,3
84321,6
84322,40
84323,48
84324,16
84325,74
84326,54
84327,26
84328,11
84329,46
84330,33
84331,7
84332,22
84333,25
84334,33
84335,31
84336,5
84337,64
84338,58
84339,49
84340,67
84341,88
84342,7
84343,39
84344,45
84345,83
84346,77
84347,32
84348,57
84349,2
84350,78
84351,26
84352,82
84353,64
84354,56
84355,34
84356,51
84357,96
84358,50
84359,16
84360,76
84361,51
84362,47
84363,57
84364,75
84365,25
84366,26
84367,23
84368,80
84369,10
84370,85
84371,7
84372,47
84373,31
84374,28
84375,95
84376,4
84377,48
84378,12
84379,88
84380,41
84381,9
84382,25
84383,25
84384,84
84385,22
84386,43
84387,75
84388,38
84389,42
84390,51
84391,57
84392,88
84393,75
84394,99
84395,31
84396,17
84397,41
84398,83
84399,1
84400,59
84401,32
84402,45
84403,80
84404,58
84405,99
84406,93
84407,56
84408,61
84409,62
84410,72
84411,30
84412,38
84413,84
84414,21
84415,16
84416,2
84417,31
84418,32
84419,63
84420,9
84421,4
84422,67
84423,37
84424,95
84425,40
84426,83
84427,72
84428,60
84429,14
84430,51
84431,7
84432,55
84433,97
84434,29
84435,73
84436,77
84437,33
84438,58
84439,55
84440,85
84441,12
84442,50
84443,58
84444,61
84445,28
84446,92
84447,61
84448,6
84449,43
84450,5
84451,98
84452,61
84453,100
84454,67
84455,77
84456,69
84457,16
84458,48
84459,23
84460,76
84461,11
84462,56
84463,28
84464,87
84465,61
84466,97
84467,77
84468,26
84469,4
84470,39
84471,46
84472,8
84473,15
84474,12
84475,53
84476,14
84477,99
84478,24
84479,15
84480,43
84481,94
84482,46
84483,100
84484,32
84485,83
84486,25
84487,98
84488,39
84489,70
84490,44
84491,94
84492,80
84493,42
84494,71
84495,22
84496,46
84497,43
84498,81
84499,41
84500,11
84501,93
84502,35
84503,78
84504,81
84505,88
84506,12
84507,87
84508,80
84509,64
84510,100
84511,26
84512,19
84513,17
84514,63
84515,8
84516,73
84517,24
84518,0
84519,58
84520,35
84521,17
84522,46
84523,78
84524,32
84525,21
84526,87
84527,64
84528,10
84529,25
84530,89
84531,69
84532,96
84533,62
84534,77
84535,87
84536,37
84537,48
84538,16
84539,56
84540,13
84541,82
84542,7
84543,55
84544,22
84545,43
84546,65
84547,2
84548,52
84549,12
84550,68
84551,81
84552,0
84553,100
84554,20
84555,82
84556,55
84557,97
84558,1
84559,83
84560,30
84561,12
84562,13
84563,75
84564,56
84565,12
84566,87
84567,94
84568,13
84569,93
84570,26
84571,99
84572,69
84573,59
84574,69
84575,14
84576,55
84577,87
84578,61
84579,12
84580,6
84581,20
84582,13
84583,2
84584,62
84585,42
84586,98
84587,11
84588,54
84589,84
84590,58
84591,19
84592,90
84593,68
84594,44
84595,54
84596,58
84597,74
84598,59
84599,60
84600,41
84601,43
84602,5
84603,68
84604,21
84605,64
84606,83
84607,87
84608,19
84609,46
84610,47
84611,92
84612,23
84613,71
84614,97
84615,85
84616,38
84617,54
84618,96
84619,93
84620,54
84621,69
84622,62
84623,76
84624,18
84625,57
84626,25
84627,80
84628,100
84629,90
84630,87
84631,46
84632,13
84633,2
84634,68
84635,13
84636,7
84637,88
84638,14
84639,44
84640,100
84641,44
84642,2
84643,10
84644,8
84645,3
84646,78
84647,90
84648,94
84649,49
84650,79
84651,95
84652,97
84653,5
84654,43
84655,4
84656,56
84657,87
84658,48
84659,82
84660,93
84661,75
84662,68
84663,27
84664,38
84665,33
84666,61
84667,11
84668,86
84669,68
84670,53
84671,100
84672,79
84673,72
84674,96
84675,36
84676,32
84677,48
84678,0
84679,46
84680,36
84681,8
84682,17
84683,84
84684,43
84685,77
84686,69
84687,62
84688,2
84689,17
84690,36
84691,19
84692,92
84693,35
84694,79
84695,3
84696,77
84697,16
84698,98
84699,56
84700,98
84701,48
84702,95
84703,52
84704,9
84705,28
84706,75
84707,8
84708,89
84709,20
84710,0
84711,35
84712,82
84713,5
84714,17
84715,100
84716,71
84717,10
84718,68
84719,20
84720,84
84721,83
84722,8
84723,1
84724,3
84725,89
84726,11
84727,82
84728,82
84729,82
84730,92
84731,38
84732,59
84733,33
84734,58
84735,71
84736,5
84737,31
84738,27
84739,74
84740,91
84741,95
84742,40
84743,71
84744,83
84745,87
84746,26
84747,52
84748,10
84749,86
84750,21
84751,4
84752,33
84753,61
84754,30
84755,46
84756,36
84757,25
84758,86
84759,42
84760,60
84761,37
84762,31
84763,68
84764,61
84765,24
84766,32
84767,63
84768,70
84769,15
84770,48
84771,92
84772,14
84773,19
84774,21
84775,9
84776,71
84777,54
84778,95
84779,27
84780,8
84781,30
84782,86
84783,82
84784,95
84785,73
84786,83
84787,98
84788,56
84789,30
84790,74
84791,42
84792,73
84793,8
84794,41
84795,73
84796,49
84797,36
84798,100
84799,70
84800,83
84801,83
84802,71
84803,16
84804,88
84805,76
84806,76
84807,47
84808,1
84809,100
84810,41
84811,62
84812,10
84813,83
84814,55
84815,72
84816,44
84817,44
84818,28
84819,33
84820,68
84821,94
84822,89
84823,100
84824,19
84825,71
84826,69
84827,17
84828,71
84829,59
84830,54
84831,51
84832,24
84833,65
84834,27
84835,88
84836,19
84837,69
84838,36
84839,15
84840,34
84841,54
84842,99
84843,64
84844,77
84845,13
84846,23
84847,82
84848,37
84849,81
84850,8
84851,76
84852,58
84853,50
84854,50
84855,18
84856,61
84857,9
84858,37
84859,2
84860,47
84861,40
84862,16
84863,86
84864,90
84865,72
84866,68
84867,82
84868,92
84869,14
84870,99
84871,55
84872,75
84873,77
84874,14
84875,94
84876,4
84877,43
84878,2
84879,46
84880,29
84881,11
84882,14
84883,37
84884,27
84885,48
84886,86
84887,46
84888,78
84889,74
84890,93
84891,11
84892,53
84893,82
84894,31
84895,0
84896,15
84897,10
84898,94
84899,96
84900,54
84901,35
84902,29
84903,67
84904,55
84905,59
84906,88
84907,97
84908,16
84909,32
84910,29
84911,12
84912,11
84913,31
84914,86
84915,92
84916,33
84917,82
84918,11
84919,3
84920,88
84921,25
84922,81
84923,63
84924,29
84925,33
84926,32
84927,30
84928,55
84929,61
84930,30
84931,76
84932,23
84933,68
84934,50
84935,64
84936,97
84937,8
84938,7
84939,35
84940,92
84941,98
84942,68
84943,55
84944,45
84945,9
84946,73
84947,10
84948,7
84949,67
84950,17
84951,83
84952,2
84953,14
84954,59
84955,71
84956,54
84957,69
84958,99
84959,83
84960,31
84961,5
84962,15
84963,65
84964,81
84965,89
84966,83
84967,15
84968,84
84969,13
84970,61
84971,17
84972,7
84973,4
84974,87
84975,40
84976,92
84977,58
84978,8
84979,41
84980,17
84981,45
84982,81
84983,47
84984,27
84985,36
84986,73
84987,19
84988,37
84989,40
84990,86
84991,61
84992,19
84993,22
84994,49
84995,4
84996,59
84997,90
84998,72
84999,42
85000,35
85001,100
85002,2
85003,60
85004,53
85005,35
85006,44
85007,98
85008,99
85009,28
85010,96
85011,25
85012,7
85013,72
85014,21
85015,68
85016,43
85017,40
85018,35
85019,95
85020,29
85021,48
85022,16
85023,29
85024,72
85025,3
85026,75
85027,34
85028,83
85029,16
85030,85
85031,6
85032,61
85033,57
85034,43
85035,57
85036,52
85037,71
85038,8
85039,5
85040,18
85041,85
85042,19
85043,63
85044,83
85045,90
85046,26
85047,6
85048,23
85049,7
85050,66
85051,10
85052,99
85053,65
85054,0
85055,6
85056,23
85057,11
85058,62
85059,71
85060,12
85061,69
85062,87
85063,23
85064,37
85065,70
85066,9
85067,29
85068,87
85069,26
85070,29
85071,78
85072,1
85073,7
85074,16
85075,47
85076,63
85077,60
85078,12
85079,81
85080,20
85081,99
85082,75
85083,1
85084,83
85085,22
85086,84
85087,94
85088,15
85089,12
85090,3
85091,1
85092,64
85093,25
85094,29
85095,37
85096,19
85097,24
85098,51
85099,82
85100,90
85101,9
85102,40
85103,80
85104,60
85105,1
85106,80
85107,6
85108,59
85109,60
85110,79
85111,26
85112,0
85113,85
85114,85
85115,26
85116,79
85117,59
85118,52
85119,35
85120,79
85121,23
85122,34
85123,32
85124,16
85125,68
85126,34
85127,82
85128,46
85129,97
85130,95
85131,88
85132,58
85133,60
85134,21
85135,26
85136,96
85137,71
85138,93
85139,89
85140,14
85141,35
85142,56
85143,75
85144,40
85145,44
85146,42
85147,11
85148,67
85149,66
85150,100
85151,95
85152,89
85153,3
85154,64
85155,4
85156,1
85157,45
85158,74
85159,8
85160,7
85161,57
85162,62
85163,60
85164,14
85165,72
85166,41
85167,49
85168,93
85169,92
85170,50
85171,24
85172,21
85173,97
85174,21
85175,93
85176,73
85177,68
85178,68
85179,65
85180,93
85181,63
85182,21
85183,12
85184,88
85185,26
85186,46
85187,90
85188,20
85189,30
85190,78
85191,37
85192,38
85193,35
85194,99
85195,64
85196,10
85197,68
85198,33
85199,100
85200,4
85201,19
85202,62
85203,44
85204,41
85205,12
85206,8
85207,4
85208,37
85209,95
85210,93
85211,48
85212,91
85213,100
85214,27
85215,42
85216,69
85217,40
85218,43
85219,28
85220,67
85221,81
85222,78
85223,24
85224,67
85225,13
85226,58
85227,61
85228,16
85229,97
85230,18
85231,28
85232,85
85233,77
85234,99
85235,65
85236,44
85237,70
85238,27
85239,58
85240,53
85241,7
85242,92
85243,9
85244,20
85245,34
85246,3
85247,52
85248,84
85249,24
85250,19
85251,70
85252,70
85253,95
85254,95
85255,21
85256,48
85257,88
85258,5
85259,50
85260,26
85261,17
85262,11
85263,27
85264,18
85265,42
85266,80
85267,98
85268,14
85269,68
85270,35
85271,96
85272,84
85273,98
85274,41
85275,90
85276,44
85277,29
85278,38
85279,45
85280,57
85281,29
85282,55
85283,84
85284,89
85285,87
85286,53
85287,85
85288,36
85289,89
85290,21
85291,96
85292,23
85293,68
85294,87
85295,98
85296,85
85297,32
85298,16
85299,61
85300,11
85301,29
85302,89
85303,12
85304,5
85305,66
85306,10
85307,59
85308,9
85309,74
85310,15
85311,83
85312,41
85313,43
85314,18
85315,72
85316,99
85317,14
85318,86
85319,84
85320,38
85321,4
85322,85
85323,30
85324,78
85325,27
85326,37
85327,51
85328,14
85329,18
85330,34
85331,81
85332,73
85333,14
85334,87
85335,46
85336,55
85337,19
85338,100
85339,74
85340,8
85341,4
85342,10
85343,90
85344,1
85345,51
85346,19
85347,20
85348,50
85349,29
85350,47
85351,0
85352,34
85353,25
85354,95
85355,8
85356,39
85357,20
85358,79
85359,11
85360,99
85361,36
85362,90
85363,70
85364,93
85365,23
85366,49
85367,53
85368,93
85369,83
85370,27
85371,3
85372,11
85373,66
85374,36
85375,3
85376,14
85377,27
85378,36
85379,8
85380,13
85381,95
85382,66
85383,81
85384,49
85385,77
85386,24
85387,38
85388,25
85389,59
85390,51
85391,69
85392,25
85393,47
85394,53
85395,40
85396,0
85397,20
85398,77
85399,71
85400,24
85401,17
85402,14
85403,41
85404,19
85405,15
85406,6
85407,92
85408,94
85409,92
85410,80
85411,4
85412,17
85413,77
85414,94
85415,17
85416,63
85417,24
85418,74
85419,25
85420,68
85421,15
85422,62
85423,71
85424,76
85425,57
85426,95
85427,26
85428,48
85429,89
85430,72
85431,46
85432,70
85433,49
85434,45
85435,7
85436,1
85437,17
85438,35
85439,87
85440,97
85441,41
85442,10
85443,58
85444,51
85445,73
85446,92
85447,48
85448,55
85449,69
85450,73
85451,29
85452,54
85453,27
85454,92
85455,50
85456,88
85457,99
85458,26
85459,97
85460,51
85461,33
85462,31
85463,43
85464,3
85465,47
85466,97
85467,15
85468,59
85469,46
85470,74
85471,14
85472,93
85473,55
85474,90
85475,15
85476,0
85477,24
85478,63
85479,91
85480,42
85481,13
85482,97
85483,47
85484,67
85485,13
85486,79
85487,14
85488,97
85489,76
85490,16
85491,91
85492,51
85493,9
85494,16
85495,7
85496,1
85497,55
85498,64
85499,54
85500,68
85501,98
85502,85
85503,79
85504,72
85505,35
85506,8
85507,13
85508,73
85509,21
85510,15
85511,40
85512,66
85513,27
85514,93
85515,28
85516,64
85517,27
85518,85
85519,31
85520,51
85521,10
85522,25
85523,30
85524,19
85525,83
85526,96
85527,68
85528,40
85529,66
85530,43
85531,59
85532,97
85533,94
85534,6
85535,93
85536,53
85537,62
85538,81
85539,79
85540,12
85541,32
85542,6
85543,29
85544,10
85545,69
85546,20
85547,31
85548,4
85549,92
85550,34
85551,46
85552,11
85553,36
85554,43
85555,21
85556,10
85557,86
85558,54
85559,9
85560,41
85561,87
85562,79
85563,75
85564,54
85565,49
85566,31
85567,87
85568,67
85569,96
85570,17
85571,80
85572,84
85573,64
85574,24
85575,30
85576,83
85577,89
85578,18
85579,93
85580,88
85581,99
85582,17
85583,67
85584,90
85585,32
85586,69
85587,6
85588,0
85589,98
85590,86
85591,79
85592,58
85593,33
85594,97
85595,94
85596,94
85597,51
85598,10
85599,7
85600,87
85601,86
85602,95
85603,52
85604,14
85605,27
85606,83
85607,13
85608,89
85609,57
85610,56
85611,51
85612,36
85613,1
85614,33
85615,33
85616,57
85617,97
85618,72
85619,60
85620,53
85621,66
85622,29
85623,82
85624,94
85625,79
85626,58
85627,57
85628,23
85629,14
85630,21
85631,31
85632,74
85633,92
85634,41
85635,58
85636,87
85637,82
85638,54
85639,4
85640,40
85641,56
85642,52
85643,37
85644,0
85645,59
85646,93
85647,75
85648,45
85649,3
85650,14
85651,80
85652,11
85653,0
85654,76
85655,29
85656,73
85657,99
85658,5
85659,72
85660,49
85661,1
85662,5
85663,74
85664,89
85665,91
85666,76
85667,37
85668,75
85669,82
85670,17
85671,18
85672,27
85673,11
85674,95
85675,51
85676,76
85677,86
85678,99
85679,57
85680,93
85681,21
85682,44
85683,61
85684,41
85685,66
85686,8
85687,63
85688,14
85689,29
85690,25
85691,93
85692,68
85693,94
85694,21
85695,53
85696,57
85697,78
85698,52
85699,98
85700,18
85701,33
85702,81
85703,13
85704,21
85705,87
85706,12
85707,63
85708,55
85709,71
85710,41
85711,65
85712,62
85713,41
85714,90
85715,33
85716,28
85717,25
85718,22
85719,35
85720,8
85721,84
85722,41
85723,99
85724,66
85725,6
85726,22
85727,31
85728,22
85729,15
85730,68
85731,12
85732,9
85733,58
85734,1
85735,79
85736,51
85737,0
85738,69
85739,53
85740,18
85741,96
85742,27
85743,4
85744,75
85745,29
85746,80
85747,18
85748,41
85749,24
85750,34
85751,8
85752,95
85753,38
85754,55
85755,37
85756,14
85757,45
85758,36
85759,89
85760,59
85761,61
85762,30
85763,29
85764,65
85765,6
85766,29
85767,32
85768,37
85769,83
85770,18
85771,8
85772,85
85773,31
85774,29
85775,5
85776,60
85777,80
85778,36
85779,78
85780,70
85781,77
85782,19
85783,29
85784,17
85785,62
85786,60
85787,56
85788,21
85789,88
85790,87
85791,94
85792,48
85793,17
85794,97
85795,60
85796,81
85797,77
85798,67
85799,6
85800,6
85801,64
85802,39
85803,23
85804,31
85805,9
85806,8
85807,38
85808,2
85809,98
85810,68
85811,6
85812,11
85813,22
85814,88
85815,62
85816,16
85817,77
85818,98
85819,63
85820,64
85821,85
85822,27
85823,57
85824,86
85825,17
85826,43
85827,63
85828,36
85829,2
85830,13
85831,6
85832,16
85833,69
85834,82
85835,78
85836,38
85837,4
85838,78
85839,51
85840,25
85841,38
85842,44
85843,76
85844,30
85845,76
85846,22
85847,39
85848,31
85849,100
85850,3
85851,80
85852,83
85853,45
85854,74
85855,41
85856,96
85857,38
85858,69
85859,55
85860,46
85861,37
85862,17
85863,1
85864,53
85865,80
85866,87
85867,29
85868,87
85869,3
85870,6
85871,78
85872,56
85873,29
85874,92
85875,43
85876,76
85877,28
85878,89
85879,35
85880,98
85881,47
85882,18
85883,62
85884,1
85885,13
85886,79
85887,99
85888,94
85889,34
85890,85
85891,20
85892,91
85893,16
85894,81
85895,31
85896,22
85897,5
85898,28
85899,62
85900,69
85901,96
85902,95
85903,80
85904,3
85905,57
85906,30
85907,21
85908,26
85909,84
85910,83
85911,97
85912,86
85913,15
85914,5
85915,79
85916,6
85917,13
85918,2
85919,96
85920,48
85921,35
85922,28
85923,3
85924,39
85925,40
85926,21
85927,78
85928,3
85929,81
85930,22
85931,3
85932,67
85933,17
85934,0
85935,31
85936,20
85937,37
85938,25
85939,40
85940,48
85941,84
85942,92
85943,40
85944,95
85945,58
85946,3
85947,12
85948,60
85949,50
85950,34
85951,90
85952,64
85953,48
85954,48
85955,13
85956,36
85957,29
85958,13
85959,74
85960,94
85961,91
85962,26
85963,61
85964,2
85965,69
85966,38
85967,18
85968,97
85969,91
85970,75
85971,38
85972,9
85973,46
85974,88
85975,22
85976,58
85977,89
85978,82
85979,19
85980,44
85981,43
85982,17
85983,47
85984,74
85985,88
85986,0
85987,31
85988,96
85989,63
85990,6
85991,94
85992,89
85993,70
85994,99
85995,45
85996,23
85997,68
85998,85
85999,35
86000,66
86001,49
86002,58
86003,100
86004,57
86005,45
86006,69
86007,88
86008,22
86009,11
86010,27
86011,57
86012,60
86013,95
86014,54
86015,88
86016,33
86017,93
86018,100
86019,17
86020,34
86021,47
86022,36
86023,40
86024,5
86025,82
86026,85
86027,95
86028,90
86029,79
86030,89
86031,38
86032,3
86033,15
86034,51
86035,18
86036,91
86037,16
86038,44
86039,1
86040,1
86041,87
86042,54
86043,90
86044,3
86045,99
86046,83
86047,11
86048,53
86049,91
86050,59
86051,28
86052,60
86053,45
86054,96
86055,48
86056,17
86057,75
86058,73
86059,23
86060,16
86061,95
86062,55
86063,88
86064,51
86065,70
86066,19
86067,28
86068,82
86069,74
86070,96
86071,49
86072,14
86073,30
86074,12
86075,55
86076,18
86077,69
86078,27
86079,21
86080,27
86081,79
86082,32
86083,44
86084,47
86085,62
86086,25
86087,86
86088,0
86089,61
86090,92
86091,71
86092,2
86093,76
86094,83
86095,4
86096,44
86097,11
86098,47
86099,80
86100,13
86101,52
86102,89
86103,93
86104,44
86105,31
86106,29
86107,11
86108,99
86109,82
86110,43
86111,24
86112,96
86113,41
86114,20
86115,60
86116,65
86117,100
86118,20
86119,25
86120,31
86121,90
86122,16
86123,3
86124,38
86125,14
86126,32
86127,60
86128,13
86129,89
86130,46
86131,1
86132,83
86133,89
86134,65
86135,47
86136,63
86137,65
86138,47
86139,80
86140,17
86141,50
86142,3
86143,80
86144,32
86145,22
86146,52
86147,12
86148,70
86149,57
86150,62
86151,64
86152,41
86153,94
86154,99
86155,88
86156,39
86157,93
86158,20
86159,82
86160,79
86161,32
86162,69
86163,41
86164,36
86165,71
86166,0
86167,76
86168,25
86169,79
86170,38
86171,46
86172,55
86173,57
86174,27
86175,56
86176,86
86177,70
86178,87
86179,71
86180,44
86181,64
86182,3
86183,60
86184,60
86185,42
86186,18
86187,85
86188,99
86189,0
86190,18
86191,50
86192,63
86193,62
86194,28
86195,18
86196,42
86197,69
86198,88
86199,38
86200,22
86201,0
86202,60
86203,78
86204,24
86205,3
86206,0
86207,39
86208,20
86209,42
86210,9
86211,65
86212,16
86213,12
86214,90
86215,91
86216,9
86217,51
86218,9
86219,46
86220,8
86221,97
86222,45
86223,67
86224,53
86225,67
86226,3
86227,74
86228,0
86229,84
86230,58
86231,24
86232,8
86233,24
86234,81
86235,70
86236,25
86237,55
86238,48
86239,81
86240,64
86241,60
86242,8
86243,9
86244,10
86245,95
86246,84
86247,35
86248,55
86249,31
86250,82
86251,71
86252,34
86253,85
86254,3
86255,92
86256,61
86257,62
86258,94
86259,7
86260,75
86261,68
86262,60
86263,93
86264,62
86265,60
86266,98
86267,36
86268,3
86269,55
86270,42
86271,20
86272,57
86273,15
86274,52
86275,17
86276,56
86277,94
86278,37
86279,31
86280,96
86281,18
86282,83
86283,47
86284,73
86285,25
86286,81
86287,44
86288,44
86289,14
86290,99
86291,17
86292,30
86293,14
86294,92
86295,14
86296,64
86297,100
86298,86
86299,45
86300,74
86301,15
86302,54
86303,29
86304,92
86305,40
86306,66
86307,16
86308,25
86309,72
86310,80
86311,100
86312,63
86313,94
86314,57
86315,94
86316,74
86317,85
86318,2
86319,27
86320,95
86321,3
86322,39
86323,74
86324,56
86325,64
86326,46
86327,79
86328,33
86329,44
86330,31
86331,43
86332,96
86333,10
86334,35
86335,12
86336,56
86337,83
86338,24
86339,69
86340,36
86341,89
86342,3
86343,25
86344,81
86345,12
86346,71
86347,50
86348,46
86349,32
86350,79
86351,41
86352,30
86353,39
86354,86
86355,15
86356,55
86357,73
86358,35
86359,94
86360,95
86361,84
86362,79
86363,55
86364,92
86365,47
86366,79
86367,57
86368,14
86369,71
86370,14
86371,20
86372,63
86373,84
86374,6
86375,51
86376,18
86377,85
86378,45
86379,37
86380,12
86381,89
86382,43
86383,21
86384,70
86385,34
86386,2
86387,98
86388,15
86389,44
86390,15
86391,65
86392,80
86393,37
86394,23
86395,85
86396,49
86397,86
86398,82
86399,56
86400,55
86401,85
86402,80
86403,65
86404,77
86405,91
86406,76
86407,80
86408,72
86409,61
86410,13
86411,65
86412,59
86413,20
86414,34
86415,29
86416,80
86417,38
86418,24
86419,43
86420,58
86421,98
86422,5
86423,2
86424,35
86425,0
86426,33
86427,64
86428,25
86429,17
86430,35
86431,5
86432,74
86433,43
86434,39
86435,29
86436,77
86437,73
86438,30
86439,57
86440,54
86441,35
86442,78
86443,29
86444,47
86445,77
86446,86
86447,16
86448,26
86449,62
86450,76
86451,13
86452,25
86453,42
86454,74
86455,0
86456,23
86457,19
86458,71
86459,7
86460,29
86461,17
86462,76
86463,99
86464,82
86465,12
86466,47
86467,59
86468,25
86469,8
86470,97
86471,52
86472,94
86473,70
86474,8
86475,25
86476,32
86477,32
86478,51
86479,39
86480,3
86481,27
86482,53
86483,67
86484,97
86485,48
86486,5
86487,32
86488,4
86489,82
86490,17
86491,2
86492,97
86493,1
86494,64
86495,34
86496,50
86497,67
86498,34
86499,71
86500,43
86501,28
86502,35
86503,77
86504,41
86505,93
86506,6
86507,12
86508,21
86509,56
86510,44
86511,53
86512,1
86513,71
86514,56
86515,84
86516,83
86517,74
86518,33
86519,43
86520,68
86521,52
86522,61
86523,93
86524,32
86525,75
86526,68
86527,0
86528,34
86529,24
86530,3
86531,72
86532,66
86533,93
86534,83
86535,9
86536,19
86537,39
86538,66
86539,74
86540,14
86541,27
86542,34
86543,6
86544,53
86545,96
86546,41
86547,37
86548,82
86549,63
86550,56
86551,28
86552,65
86553,82
86554,72
86555,5
86556,80
86557,1
86558,38
86559,5
86560,13
86561,89
86562,17
86563,69
86564,75
86565,21
86566,77
86567,12
86568,72
86569,95
86570,9
86571,26
86572,13
86573,8
86574,8
86575,89
86576,56
86577,95
86578,34
86579,25
86580,40
86581,66
86582,29
86583,28
86584,83
86585,67
86586,13
86587,51
86588,38
86589,20
86590,70
86591,5
86592,54
86593,39
86594,69
86595,24
86596,3
86597,100
86598,88
86599,81
86600,33
86601,88
86602,21
86603,55
86604,45
86605,55
86606,77
86607,100
86608,74
86609,26
86610,89
86611,34
86612,15
86613,19
86614,14
86615,77
86616,71
86617,23
86618,61
86619,96
86620,79
86621,90
86622,91
86623,43
86624,13
86625,72
86626,76
86627,50
86628,21
86629,93
86630,31
86631,79
86632,24
86633,48
86634,22
86635,36
86636,91
86637,2
86638,59
86639,58
86640,22
86641,32
86642,53
86643,38
86644,24
86645,62
86646,88
86647,84
86648,58
86649,30
86650,48
86651,93
86652,59
86653,63
86654,97
86655,37
86656,70
86657,90
86658,76
86659,92
86660,86
86661,7
86662,84
86663,12
86664,25
86665,9
86666,92
86667,90
86668,55
86669,3
86670,30
86671,16
86672,7
86673,51
86674,36
86675,19
86676,46
86677,73
86678,50
86679,57
86680,43
86681,97
86682,10
86683,11
86684,9
86685,76
86686,53
86687,33
86688,29
86689,14
86690,7
86691,99
86692,39
86693,21
86694,4
86695,95
86696,19
86697,86
86698,48
86699,51
86700,65
86701,18
86702,89
86703,99
86704,13
86705,6
86706,56
86707,79
86708,9
86709,21
86710,89
86711,4
86712,75
86713,87
86714,23
86715,14
86716,87
86717,87
86718,25
86719,54
86720,97
86721,17
86722,42
86723,100
86724,5
86725,44
86726,24
86727,80
86728,15
86729,54
86730,55
86731,28
86732,63
86733,0
86734,44
86735,83
86736,25
86737,84
86738,49
86739,26
86740,99
86741,34
86742,79
86743,28
86744,6
86745,61
86746,70
86747,33
86748,47
86749,4
86750,7
86751,71
86752,42
86753,92
86754,51
86755,73
86756,0
86757,37
86758,91
86759,6
86760,80
86761,55
86762,45
86763,23
86764,34
86765,72
86766,41
86767,66
86768,43
86769,3
86770,95
86771,76
86772,23
86773,70
86774,18
86775,90
86776,49
86777,90
86778,17
86779,93
86780,27
86781,28
86782,72
86783,84
86784,44
86785,6
86786,44
86787,88
86788,25
86789,69
86790,48
86791,83
86792,17
86793,83
86794,39
86795,17
86796,46
86797,0
86798,32
86799,38
86800,22
86801,13
86802,91
86803,84
86804,43
86805,36
86806,70
86807,75
86808,36
86809,27
86810,6
86811,51
86812,16
86813,61
86814,36
86815,13
86816,50
86817,54
86818,56
86819,3
86820,85
86821,48
86822,80
86823,34
86824,52
86825,31
86826,94
86827,88
86828,9
86829,61
86830,1
86831,62
86832,90
86833,75
86834,15
86835,15
86836,2
86837,88
86838,17
86839,41
86840,31
86841,49
86842,48
86843,2
86844,71
86845,4
86846,56
86847,83
86848,43
86849,24
86850,69
86851,91
86852,22
86853,87
86854,9
86855,9
86856,32
86857,72
86858,17
86859,66
86860,96
86861,73
86862,26
86863,34
86864,61
86865,17
86866,6
86867,70
86868,85
86869,9
86870,26
86871,67
86872,75
86873,66
86874,54
86875,47
86876,66
86877,88
86878,25
86879,39
86880,70
86881,45
86882,97
86883,73
86884,66
86885,91
86886,10
86887,50
86888,31
86889,71
86890,19
86891,4
86892,40
86893,12
86894,74
86895,97
86896,2
86897,14
86898,96
86899,55
86900,42
86901,73
86902,66
86903,45
86904,47
86905,77
86906,96
86907,96
86908,35
86909,22
86910,54
86911,54
86912,53
86913,64
86914,90
86915,50
86916,31
86917,84
86918,19
86919,90
86920,35
86921,31
86922,56
86923,28
86924,45
86925,86
86926,34
86927,78
86928,73
86929,51
86930,14
86931,88
86932,80
86933,50
86934,30
86935,74
86936,83
86937,94
86938,15
86939,35
86940,38
86941,10
86942,19
86943,89
86944,55
86945,89
86946,41
86947,46
86948,5
86949,34
86950,7
86951,70
86952,36
86953,49
86954,15
86955,8
86956,74
86957,84
86958,59
86959,50
86960,45
86961,70
86962,11
86963,63
86964,20
86965,4
86966,5
86967,42
86968,25
86969,92
86970,53
86971,2
86972,10
86973,86
86974,24
86975,11
86976,64
86977,3
86978,51
86979,64
86980,69
86981,33
86982,90
86983,15
86984,74
86985,13
86986,73
86987,60
86988,52
86989,57
86990,62
86991,12
86992,44
86993,97
86994,96
86995,54
86996,32
86997,61
86998,38
86999,12
87000,80
87001,72
87002,12
87003,15
87004,100
87005,53
87006,29
87007,38
87008,96
87009,63
87010,69
87011,11
87012,1
87013,32
87014,14
87015,80
87016,51
87017,34
87018,94
87019,93
87020,37
87021,79
87022,41
87023,80
87024,6
87025,55
87026,4
87027,39
87028,60
87029,90
87030,64
87031,65
87032,67
87033,64
87034,92
87035,84
87036,41
87037,34
87038,97
87039,65
87040,24
87041,5
87042,7
87043,34
87044,52
87045,18
87046,8
87047,32
87048,7
87049,37
87050,31
87051,22
87052,33
87053,86
87054,45
87055,31
87056,0
87057,6
87058,23
87059,1
87060,17
87061,82
87062,99
87063,55
87064,91
87065,98
87066,31
87067,76
87068,69
87069,92
87070,9
87071,39
87072,73
87073,33
87074,83
87075,32
87076,74
87077,87
87078,96
87079,56
87080,21
87081,47
87082,75
87083,93
87084,31
87085,82
87086,44
87087,1
87088,77
87089,54
87090,58
87091,32
87092,95
87093,82
87094,13
87095,67
87096,65
87097,73
87098,58
87099,92
87100,14
87101,30
87102,96
87103,28
87104,74
87105,72
87106,46
87107,56
87108,57
87109,92
87110,100
87111,84
87112,30
87113,52
87114,85
87115,63
87116,81
87117,1
87118,59
87119,85
87120,100
87121,83
87122,47
87123,47
87124,60
87125,3
87126,25
87127,83
87128,21
87129,42
87130,19
87131,92
87132,47
87133,94
87134,60
87135,22
87136,60
87137,79
87138,62
87139,18
87140,74
87141,75
87142,99
87143,12
87144,1
87145,50
87146,74
87147,0
87148,40
87149,9
87150,2
87151,7
87152,79
87153,35
87154,39
87155,38
87156,83
87157,46
87158,59
87159,7
87160,73
87161,36
87162,62
87163,95
87164,26
87165,94
87166,2
87167,38
87168,5
87169,80
87170,9
87171,84
87172,28
87173,28
87174,19
87175,78
87176,65
87177,96
87178,11
87179,12
87180,38
87181,38
87182,44
87183,84
87184,40
87185,79
87186,97
87187,90
87188,42
87189,61
87190,2
87191,8
87192,43
87193,33
87194,18
87195,89
87196,86
87197,17
87198,45
87199,40
87200,48
87201,51
87202,73
87203,42
87204,9
87205,84
87206,37
87207,37
87208,46
87209,6
87210,11
87211,51
87212,32
87213,88
87214,91
87215,23
87216,47
87217,30
87218,81
87219,22
87220,70
87221,71
87222,14
87223,37
87224,27
87225,90
87226,20
87227,26
87228,46
87229,55
87230,13
87231,20
87232,13
87233,69
87234,75
87235,27
87236,92
87237,36
87238,66
87239,32
87240,11
87241,11
87242,74
87243,91
87244,50
87245,34
87246,97
87247,85
87248,86
87249,11
87250,18
87251,94
87252,58
87253,12
87254,18
87255,35
87256,85
87257,93
87258,3
87259,12
87260,83
87261,5
87262,43
87263,75
87264,79
87265,80
87266,7
87267,32
87268,51
87269,75
87270,89
87271,82
87272,12
87273,9
87274,33
87275,94
87276,26
87277,57
87278,66
87279,43
87280,68
87281,4
87282,36
87283,70
87284,55
87285,50
87286,55
87287,41
87288,12
87289,33
87290,99
87291,33
87292,52
87293,2
87294,73
87295,98
87296,36
87297,51
87298,5
87299,20
87300,44
87301,4
87302,2
87303,19
87304,93
87305,75
87306,60
87307,34
87308,31
87309,18
87310,14
87311,73
87312,56
87313,25
87314,69
87315,89
87316,1
87317,48
87318,47
87319,31
87320,2
87321,82
87322,99
87323,19
87324,93
87325,36
87326,19
87327,59
87328,97
87329,58
87330,80
87331,41
87332,22
87333,40
87334,72
87335,26
87336,80
87337,45
87338,16
87339,1
87340,14
87341,74
87342,56
87343,100
87344,40
87345,72
87346,13
87347,7
87348,75
87349,6
87350,66
87351,25
87352,2
87353,45
87354,3
87355,56
87356,95
87357,45
87358,13
87359,2
87360,12
87361,7
87362,55
87363,1
87364,45
87365,30
87366,90
87367,80
87368,34
87369,61
87370,45
87371,23
87372,64
87373,92
87374,89
87375,43
87376,98
87377,50
87378,87
87379,45
87380,32
87381,63
87382,25
87383,100
87384,38
87385,57
87386,25
87387,74
87388,92
87389,92
87390,66
87391,72
87392,98
87393,56
87394,69
87395,72
87396,7
87397,90
87398,33
87399,87
87400,68
87401,9
87402,83
87403,21
87404,11
87405,28
87406,30
87407,5
87408,6
87409,96
87410,78
87411,12
87412,62
87413,23
87414,93
87415,96
87416,83
87417,18
87418,82
87419,87
87420,68
87421,21
87422,59
87423,21
87424,91
87425,16
87426,94
87427,46
87428,6
87429,16
87430,75
87431,61
87432,62
87433,6
87434,28
87435,71
87436,3
87437,15
87438,79
87439,85
87440,74
87441,58
87442,40
87443,59
87444,74
87445,68
87446,57
87447,75
87448,39
87449,88
87450,57
87451,60
87452,44
87453,76
87454,47
87455,89
87456,10
87457,55
87458,22
87459,76
87460,32
87461,51
87462,27
87463,3
87464,91
87465,97
87466,50
87467,9
87468,51
87469,71
87470,8
87471,17
87472,65
87473,81
87474,39
87475,65
87476,21
87477,79
87478,100
87479,95
87480,73
87481,33
87482,47
87483,15
87484,48
87485,97
87486,100
87487,62
87488,39
87489,55
87490,97
87491,76
87492,47
87493,36
87494,11
87495,78
87496,93
87497,94
87498,92
87499,97
87500,31
87501,22
87502,73
87503,71
87504,20
87505,74
87506,11
87507,48
87508,46
87509,82
87510,97
87511,61
87512,37
87513,97
87514,25
87515,39
87516,15
87517,18
87518,49
87519,55
87520,28
87521,37
87522,60
87523,35
87524,84
87525,9
87526,46
87527,86
87528,43
87529,61
87530,6
87531,68
87532,18
87533,32
87534,23
87535,22
87536,85
87537,99
87538,52
87539,20
87540,81
87541,90
87542,36
87543,48
87544,24
87545,38
87546,29
87547,42
87548,77
87549,97
87550,53
87551,31
87552,94
87553,48
87554,1
87555,46
87556,98
87557,22
87558,5
87559,84
87560,89
87561,93
87562,40
87563,41
87564,93
87565,52
87566,71
87567,38
87568,96
87569,9
87570,81
87571,99
87572,49
87573,74
87574,7
87575,0
87576,71
87577,68
87578,0
87579,66
87580,26
87581,60
87582,47
87583,22
87584,43
87585,39
87586,10
87587,10
87588,99
87589,30
87590,59
87591,54
87592,23
87593,61
87594,18
87595,95
87596,39
87597,16
87598,49
87599,98
87600,11
87601,14
87602,38
87603,12
87604,93
87605,18
87606,72
87607,56
87608,91
87609,59
87610,55
87611,24
87612,3
87613,51
87614,100
87615,6
87616,67
87617,86
87618,69
87619,44
87620,8
87621,8
87622,84
87623,2
87624,76
87625,62
87626,81
87627,94
87628,92
87629,1
87630,30
87631,37
87632,6
87633,9
87634,76
87635,58
87636,0
87637,36
87638,24
87639,93
87640,65
87641,99
87642,87
87643,75
87644,4
87645,55
87646,78
87647,41
87648,63
87649,48
87650,45
87651,70
87652,1
87653,66
87654,3
87655,61
87656,79
87657,26
87658,85
87659,66
87660,16
87661,85
87662,51
87663,70
87664,56
87665,29
87666,71
87667,82
87668,70
87669,64
87670,15
87671,94
87672,26
87673,73
87674,97
87675,46
87676,13
87677,1
87678,38
87679,54
87680,85
87681,25
87682,43
87683,68
87684,37
87685,79
87686,11
87687,16
87688,24
87689,63
87690,87
87691,10
87692,17
87693,35
87694,2
87695,82
87696,69
87697,86
87698,70
87699,8
87700,65
87701,46
87702,49
87703,63
87704,46
87705,74
87706,66
87707,41
87708,48
87709,29
87710,7
87711,36
87712,84
87713,7
87714,62
87715,10
87716,57
87717,33
87718,38
87719,15
87720,70
87721,3
87722,95
87723,100
87724,45
87725,21
87726,70
87727,12
87728,81
87729,41
87730,33
87731,12
87732,97
87733,28
87734,46
87735,68
87736,94
87737,10
87738,62
87739,50
87740,59
87741,46
87742,3
87743,6
87744,86
87745,30
87746,80
87747,73
87748,85
87749,29
87750,28
87751,80
87752,42
87753,84
87754,21
87755,47
87756,47
87757,56
87758,21
87759,26
87760,86
87761,62
87762,3
87763,89
87764,80
87765,2
87766,80
87767,39
87768,82
87769,81
87770,27
87771,14
87772,50
87773,25
87774,34
87775,79
87776,14
87777,4
87778,45
87779,23
87780,1
87781,58
87782,35
87783,44
87784,94
87785,93
87786,75
87787,36
87788,56
87789,84
87790,11
87791,100
87792,34
87793,21
87794,99
87795,71
87796,90
87797,26
87798,99
87799,6
87800,2
87801,3
87802,87
87803,7
87804,44
87805,76
87806,72
87807,19
87808,83
87809,4
87810,45
87811,68
87812,34
87813,64
87814,14
87815,16
87816,75
87817,45
87818,99
87819,60
87820,42
87821,78
87822,77
87823,90
87824,21
87825,8
87826,46
87827,84
87828,2
87829,51
87830,30
87831,12
87832,1
87833,77
87834,6
87835,28
87836,3
87837,3
87838,87
87839,20
87840,44
87841,27
87842,7
87843,41
87844,16
87845,8
87846,60
87847,83
87848,68
87849,98
87850,40
87851,28
87852,75
87853,53
87854,31
87855,94
87856,94
87857,64
87858,42
87859,68
87860,99
87861,75
87862,79
87863,15
87864,20
87865,32
87866,25
87867,2
87868,22
87869,88
87870,53
87871,83
87872,46
87873,35
87874,34
87875,42
87876,32
87877,4
87878,3
87879,57
87880,51
87881,71
87882,74
87883,49
87884,26
87885,9
87886,61
87887,19
87888,31
87889,47
87890,90
87891,48
87892,81
87893,25
87894,34
87895,27
87896,64
87897,97
87898,25
87899,57
87900,5
87901,49
87902,48
87903,57
87904,45
87905,88
87906,80
87907,89
87908,20
87909,95
87910,24
87911,95
87912,62
87913,82
87914,65
87915,34
87916,79
87917,79
87918,32
87919,49
87920,23
87921,94
87922,22
87923,80
87924,96
87925,36
87926,99
87927,62
87928,55
87929,62
87930,18
87931,20
87932,38
87933,82
87934,71
87935,25
87936,50
87937,59
87938,81
87939,77
87940,81
87941,100
87942,91
87943,96
87944,5
87945,6
87946,59
87947,60
87948,4
87949,90
87950,7
87951,32
87952,56
87953,11
87954,100
87955,36
87956,14
87957,16
87958,36
87959,50
87960,28
87961,2
87962,74
87963,25
87964,44
87965,5
87966,98
87967,87
87968,97
87969,53
87970,87
87971,18
87972,12
87973,56
87974,72
87975,82
87976,95
87977,84
87978,95
87979,56
87980,45
87981,11
87982,28
87983,96
87984,64
87985,48
87986,3
87987,76
87988,86
87989,27
87990,49
87991,11
87992,82
87993,96
87994,17
87995,97
87996,93
87997,5
87998,67
87999,75
88000,22
88001,27
88002,74
88003,91
88004,39
88005,97
88006,47
88007,33
88008,84
88009,99
88010,91
88011,61
88012,57
88013,33
88014,56
88015,28
88016,89
88017,76
88018,51
88019,97
88020,82
88021,7
88022,92
88023,15
88024,91
88025,29
88026,86
88027,92
88028,83
88029,80
88030,25
88031,56
88032,38
88033,32
88034,77
88035,30
88036,79
88037,20
88038,98
88039,49
88040,82
88041,5
88042,59
88043,86
88044,89
88045,72
88046,12
88047,57
88048,43
88049,78
88050,31
88051,58
88052,80
88053,44
88054,54
88055,92
88056,48
88057,60
88058,39
88059,81
88060,33
88061,88
88062,11
88063,14
88064,87
88065,8
88066,19
88067,88
88068,87
88069,48
88070,89
88071,13
88072,4
88073,47
88074,56
88075,92
88076,59
88077,71
88078,80
88079,42
88080,85
88081,81
88082,90
88083,63
88084,1
88085,0
88086,63
88087,71
88088,84
88089,23
88090,1
88091,58
88092,91
88093,33
88094,55
88095,75
88096,4
88097,54
88098,35
88099,71
88100,93
88101,54
88102,9
88103,84
88104,45
88105,51
88106,61
88107,97
88108,97
88109,3
88110,55
88111,10
88112,85
88113,49
88114,60
88115,22
88116,97
88117,29
88118,88
88119,87
88120,24
88121,29
88122,38
88123,79
88124,73
88125,94
88126,10
88127,72
88128,35
88129,82
88130,51
88131,4
88132,75
88133,73
88134,13
88135,19
88136,19
88137,43
88138,99
88139,24
88140,40
88141,68
88142,90
88143,1
88144,11
88145,27
88146,43
88147,12
88148,84
88149,42
88150,54
88151,7
88152,63
88153,11
88154,40
88155,43
88156,10
88157,18
88158,59
88159,71
88160,26
88161,70
88162,84
88163,26
88164,13
88165,95
88166,92
88167,23
88168,63
88169,91
88170,23
88171,1
88172,51
88173,94
88174,11
88175,64
88176,59
88177,57
88178,84
88179,92
88180,93
88181,41
88182,0
88183,21
88184,71
88185,12
88186,77
88187,64
88188,95
88189,37
88190,63
88191,75
88192,51
88193,79
88194,87
88195,83
88196,31
88197,26
88198,97
88199,60
88200,85
88201,61
88202,2
88203,80
88204,77
88205,90
88206,83
88207,94
88208,30
88209,92
88210,63
88211,41
88212,57
88213,42
88214,31
88215,29
88216,90
88217,82
88218,60
88219,27
88220,44
88221,9
88222,15
88223,30
88224,9
88225,73
88226,91
88227,11
88228,96
88229,27
88230,17
88231,51
88232,27
88233,27
88234,63
88235,13
88236,7
88237,93
88238,99
88239,2
88240,73
88241,8
88242,46
88243,62
88244,39
88245,76
88246,85
88247,23
88248,70
88249,12
88250,5
88251,73
88252,50
88253,59
88254,74
88255,28
88256,15
88257,83
88258,63
88259,84
88260,54
88261,28
88262,77
88263,54
88264,59
88265,40
88266,79
88267,8
88268,5
88269,28
88270,17
88271,23
88272,50
88273,16
88274,99
88275,20
88276,82
88277,61
88278,86
88279,90
88280,74
88281,89
88282,53
88283,10
88284,42
88285,85
88286,82
88287,7
88288,22
88289,52
88290,86
88291,39
88292,8
88293,23
88294,75
88295,75
88296,95
88297,1
88298,69
88299,3
88300,60
88301,76
88302,63
88303,35
88304,40
88305,37
88306,81
88307,14
88308,47
88309,96
88310,29
88311,99
88312,62
88313,24
88314,3
88315,17
88316,44
88317,96
88318,83
88319,84
88320,64
88321,97
88322,72
88323,64
88324,26
88325,78
88326,87
88327,59
88328,58
88329,24
88330,33
88331,49
88332,54
88333,9
88334,93
88335,57
88336,88
88337,2
88338,85
88339,87
88340,55
88341,26
88342,89
88343,15
88344,37
88345,52
88346,67
88347,22
88348,82
88349,55
88350,78
88351,94
88352,87
88353,74
88354,52
88355,73
88356,71
88357,66
88358,18
88359,3
88360,28
88361,44
88362,20
88363,53
88364,72
88365,51
88366,17
88367,82
88368,16
88369,43
88370,23
88371,5
88372,94
88373,26
88374,46
88375,97
88376,45
88377,90
88378,90
88379,34
88380,56
88381,11
88382,28
88383,56
88384,69
88385,54
88386,36
88387,70
88388,69
88389,52
88390,82
88391,13
88392,20
88393,77
88394,13
88395,52
88396,95
88397,89
88398,66
88399,78
88400,84
88401,93
88402,47
88403,77
88404,55
88405,38
88406,100
88407,40
88408,47
88409,27
88410,1
88411,21
88412,70
88413,95
88414,60
88415,79
88416,35
88417,65
88418,80
88419,48
88420,2
88421,22
88422,58
88423,100
88424,27
88425,71
88426,32
88427,67
88428,70
88429,10
88430,7
88431,19
88432,61
88433,42
88434,91
88435,74
88436,85
88437,99
88438,69
88439,6
88440,9
88441,39
88442,3
88443,72
88444,18
88445,96
88446,37
88447,21
88448,0
88449,52
88450,20
88451,6
88452,6
88453,85
88454,76
88455,22
88456,59
88457,85
88458,89
88459,17
88460,70
88461,65
88462,52
88463,18
88464,63
88465,13
88466,24
88467,32
88468,47
88469,38
88470,83
88471,4
88472,20
88473,58
88474,76
88475,13
88476,62
88477,53
88478,79
88479,44
88480,49
88481,40
88482,91
88483,0
88484,1
88485,71
88486,12
88487,18
88488,50
88489,1
88490,94
88491,9
88492,68
88493,86
88494,29
88495,95
88496,64
88497,43
88498,41
88499,2
88500,29
88501,36
88502,27
88503,50
88504,84
88505,12
88506,39
88507,25
88508,29
88509,23
88510,37
88511,68
88512,15
88513,54
88514,48
88515,79
88516,51
88517,48
88518,63
88519,47
88520,73
88521,81
88522,37
88523,16
88524,40
88525,53
88526,39
88527,30
88528,89
88529,25
88530,75
88531,17
88532,97
88533,34
88534,74
88535,55
88536,29
88537,44
88538,74
88539,51
88540,67
88541,54
88542,99
88543,9
88544,53
88545,33
88546,62
88547,30
88548,63
88549,95
88550,49
88551,27
88552,36
88553,95
88554,31
88555,80
88556,97
88557,34
88558,56
88559,60
88560,84
88561,31
88562,97
88563,97
88564,7
88565,79
88566,34
88567,22
88568,85
88569,94
88570,92
88571,37
88572,18
88573,53
88574,44
88575,35
88576,48
88577,59
88578,55
88579,72
88580,63
88581,61
88582,98
88583,58
88584,0
88585,96
88586,80
88587,89
88588,76
88589,4
88590,18
88591,57
88592,56
88593,41
88594,72
88595,5
88596,84
88597,21
88598,52
88599,56
88600,50
88601,4
88602,21
88603,6
88604,63
88605,56
88606,25
88607,24
88608,68
88609,31
88610,7
88611,8
88612,53
88613,91
88614,19
88615,67
88616,66
88617,43
88618,40
88619,41
88620,10
88621,92
88622,42
88623,85
88624,7
88625,45
88626,33
88627,94
88628,67
88629,14
88630,17
88631,10
88632,90
88633,18
88634,72
88635,24
88636,21
88637,86
88638,61
88639,36
88640,9
88641,80
88642,51
88643,76
88644,67
88645,95
88646,27
88647,29
88648,45
88649,39
88650,20
88651,14
88652,2
88653,80
88654,78
88655,96
88656,68
88657,7
88658,8
88659,89
88660,1
88661,36
88662,99
88663,11
88664,18
88665,26
88666,23
88667,65
88668,15
88669,1
88670,20
88671,9
88672,57
88673,16
88674,75
88675,6
88676,72
88677,45
88678,49
88679,9
88680,15
88681,0
88682,8
88683,12
88684,60
88685,47
88686,15
88687,97
88688,40
88689,29
88690,76
88691,71
88692,54
88693,10
88694,51
88695,94
88696,74
88697,47
88698,6
88699,53
88700,0
88701,86
88702,31
88703,61
88704,14
88705,81
88706,91
88707,60
88708,77
88709,76
88710,55
88711,33
88712,19
88713,23
88714,27
88715,10
88716,91
88717,85
88718,29
88719,37
88720,80
88721,85
88722,0
88723,83
88724,68
88725,32
88726,64
88727,43
88728,63
88729,8
88730,31
88731,53
88732,25
88733,61
88734,41
88735,47
88736,5
88737,29
88738,22
88739,88
88740,24
88741,12
88742,24
88743,16
88744,26
88745,10
88746,5
88747,78
88748,36
88749,95
88750,87
88751,74
88752,92
88753,71
88754,36
88755,73
88756,58
88757,9
88758,0
88759,51
88760,86
88761,17
88762,86
88763,4
88764,94
88765,83
88766,92
88767,47
88768,32
88769,56
88770,95
88771,24
88772,43
88773,90
88774,86
88775,65
88776,67
88777,24
88778,44
88779,22
88780,99
88781,40
88782,86
88783,32
88784,27
88785,7
88786,96
88787,28
88788,55
88789,14
88790,14
88791,36
88792,18
88793,58
88794,50
88795,84
88796,34
88797,89
88798,91
88799,85
88800,35
88801,52
88802,79
88803,11
88804,27
88805,70
88806,32
88807,87
88808,74
88809,78
88810,82
88811,54
88812,78
88813,72
88814,76
88815,49
88816,28
88817,57
88818,25
88819,22
88820,16
88821,4
88822,58
88823,15
88824,93
88825,20
88826,4
88827,57
88828,25
88829,42
88830,93
88831,58
88832,85
88833,57
88834,1
88835,43
88836,75
88837,90
88838,25
88839,43
88840,88
88841,18
88842,48
88843,90
88844,80
88845,56
88846,5
88847,22
88848,81
88849,42
88850,43
88851,65
88852,44
88853,18
88854,3
88855,96
88856,97
88857,95
88858,56
88859,81
88860,8
88861,100
88862,47
88863,35
88864,66
88865,17
88866,39
88867,88
88868,65
88869,64
88870,87
88871,23
88872,52
88873,41
88874,52
88875,61
88876,61
88877,67
88878,34
88879,98
88880,56
88881,60
88882,11
88883,48
88884,86
88885,21
88886,89
88887,67
88888,70
88889,22
88890,94
88891,6
88892,21
88893,39
88894,18
88895,52
88896,29
88897,25
88898,40
88899,21
88900,60
88901,72
88902,45
88903,57
88904,28
88905,95
88906,52
88907,17
88908,30
88909,31
88910,8
88911,93
88912,36
88913,95
88914,7
88915,23
88916,67
88917,51
88918,45
88919,16
88920,20
88921,47
88922,8
88923,68
88924,4
88925,93
88926,5
88927,71
88928,47
88929,45
88930,96
88931,78
88932,100
88933,72
88934,62
88935,2
88936,30
88937,6
88938,15
88939,91
88940,98
88941,14
88942,6
88943,98
88944,94
88945,37
88946,7
88947,55
88948,79
88949,97
88950,0
88951,18
88952,77
88953,18
88954,86
88955,3
88956,63
88957,97
88958,1
88959,75
88960,22
88961,55
88962,81
88963,95
88964,50
88965,80
88966,30
88967,57
88968,35
88969,89
88970,11
88971,34
88972,79
88973,3
88974,27
88975,32
88976,100
88977,73
88978,30
88979,77
88980,4
88981,9
88982,24
88983,40
88984,16
88985,60
88986,83
88987,59
88988,32
88989,8
88990,49
88991,30
88992,4
88993,45
88994,92
88995,3
88996,30
88997,3
88998,17
88999,81
89000,33
89001,47
89002,62
89003,13
89004,89
89005,86
89006,32
89007,80
89008,41
89009,31
89010,98
89011,42
89012,56
89013,93
89014,14
89015,49
89016,70
89017,62
89018,69
89019,8
89020,12
89021,17
89022,34
89023,0
89024,87
89025,35
89026,79
89027,81
89028,66
89029,45
89030,36
89031,71
89032,81
89033,28
89034,100
89035,90
89036,43
89037,92
89038,67
89039,75
89040,76
89041,13
89042,77
89043,50
89044,73
89045,85
89046,8
89047,87
89048,80
89049,87
89050,68
89051,33
89052,64
89053,26
89054,39
89055,7
89056,5
89057,52
89058,4
89059,53
89060,17
89061,70
89062,35
89063,96
89064,53
89065,33
89066,31
89067,50
89068,2
89069,64
89070,84
89071,12
89072,7
89073,43
89074,29
89075,7
89076,57
89077,90
89078,86
89079,7
89080,60
89081,78
89082,52
89083,70
89084,75
89085,35
89086,93
89087,73
89088,61
89089,18
89090,17
89091,43
89092,19
89093,1
89094,29
89095,50
89096,43
89097,46
89098,42
89099,10
89100,85
89101,41
89102,18
89103,2
89104,3
89105,98
89106,37
89107,72
89108,71
89109,33
89110,50
89111,30
89112,82
89113,36
89114,95
89115,43
89116,58
89117,91
89118,17
89119,24
89120,9
89121,68
89122,78
89123,24
89124,83
89125,50
89126,52
89127,9
89128,48
89129,37
89130,91
89131,45
89132,69
89133,10
89134,82
89135,15
89136,31
89137,1
89138,57
89139,89
89140,84
89141,37
89142,78
89143,56
89144,76
89145,70
89146,58
89147,56
89148,66
89149,14
89150,83
89151,57
89152,2
89153,57
89154,26
89155,14
89156,59
89157,2
89158,27
89159,46
89160,64
89161,52
89162,19
89163,10
89164,24
89165,62
89166,3
89167,82
89168,53
89169,59
89170,27
89171,9
89172,84
89173,35
89174,79
89175,32
89176,58
89177,44
89178,50
89179,45
89180,12
89181,92
89182,3
89183,41
89184,26
89185,7
89186,45
89187,7
89188,88
89189,25
89190,0
89191,96
89192,82
89193,60
89194,83
89195,81
89196,89
89197,38
89198,8
89199,26
89200,69
89201,19
89202,64
89203,15
89204,67
89205,66
89206,21
89207,72
89208,55
89209,56
89210,53
89211,7
89212,6
89213,75
89214,0
89215,53
89216,11
89217,79
89218,13
89219,93
89220,18
89221,18
89222,76
89223,73
89224,92
89225,27
89226,76
89227,14
89228,80
89229,62
89230,22
89231,42
89232,9
89233,35
89234,62
89235,48
89236,13
89237,95
89238,33
89239,94
89240,38
89241,31
89242,79
89243,89
89244,80
89245,21
89246,99
89247,34
89248,22
89249,24
89250,68
89251,5
89252,89
89253,59
89254,5
89255,18
89256,18
89257,94
89258,100
89259,86
89260,11
89261,12
89262,85
89263,49
89264,66
89265,75
89266,100
89267,30
89268,76
89269,22
89270,76
89271,69
89272,57
89273,66
89274,70
89275,9
89276,94
89277,67
89278,43
89279,69
89280,81
89281,70
89282,97
89283,86
89284,7
89285,87
89286,27
89287,54
89288,66
89289,76
89290,38
89291,32
89292,79
89293,74
89294,28
89295,88
89296,16
89297,36
89298,5
89299,45
89300,13
89301,82
89302,36
89303,75
89304,82
89305,84
89306,28
89307,91
89308,80
89309,48
89310,1
89311,69
89312,88
89313,82
89314,69
89315,64
89316,45
89317,62
89318,97
89319,84
89320,20
89321,26
89322,62
89323,22
89324,99
89325,99
89326,95
89327,38
89328,57
89329,44
89330,80
89331,13
89332,21
89333,16
89334,28
89335,37
89336,89
89337,30
89338,97
89339,57
89340,90
89341,16
89342,22
89343,97
89344,81
89345,84
89346,19
89347,95
89348,75
89349,3
89350,72
89351,74
89352,48
89353,93
89354,25
89355,31
89356,27
89357,50
89358,39
89359,36
89360,50
89361,56
89362,79
89363,71
89364,66
89365,2
89366,73
89367,62
89368,11
89369,78
89370,90
89371,50
89372,10
89373,5
89374,11
89375,81
89376,24
89377,97
89378,25
89379,87
89380,57
89381,79
89382,35
89383,35
89384,20
89385,93
89386,48
89387,83
89388,59
89389,61
89390,18
89391,10
89392,77
89393,99
89394,79
89395,2
89396,56
89397,85
89398,68
89399,52
89400,65
89401,11
89402,61
89403,44
89404,56
89405,1
89406,100
89407,54
89408,18
89409,60
89410,23
89411,4
89412,25
89413,91
89414,34
89415,18
89416,30
89417,82
89418,43
89419,18
89420,83
89421,80
89422,11
89423,34
89424,89
89425,57
89426,71
89427,24
89428,24
89429,85
89430,12
89431,41
89432,14
89433,22
89434,27
89435,12
89436,95
89437,74
89438,43
89439,77
89440,51
89441,34
89442,46
89443,34
89444,49
89445,86
89446,39
89447,76
89448,69
89449,92
89450,41
89451,14
89452,59
89453,57
89454,68
89455,32
89456,39
89457,1
89458,32
89459,24
89460,58
89461,26
89462,55
89463,24
89464,4
89465,61
89466,42
89467,67
89468,77
89469,80
89470,90
89471,35
89472,97
89473,9
89474,21
89475,85
89476,27
89477,47
89478,59
89479,83
89480,62
89481,1
89482,22
89483,50
89484,97
89485,79
89486,27
89487,77
89488,0
89489,14
89490,14
89491,88
89492,42
89493,4
89494,71
89495,85
89496,37
89497,62
89498,42
89499,50
89500,77
89501,82
89502,25
89503,96
89504,45
89505,11
89506,92
89507,11
89508,28
89509,60
89510,40
89511,19
89512,97
89513,45
89514,29
89515,92
89516,38
89517,39
89518,50
89519,1
89520,89
89521,64
89522,27
89523,50
89524,7
89525,30
89526,38
89527,59
89528,82
89529,76
89530,15
89531,22
89532,10
89533,87
89534,53
89535,73
89536,68
89537,11
89538,35
89539,56
89540,25
89541,91
89542,79
89543,65
89544,89
89545,3
89546,92
89547,15
89548,21
89549,63
89550,69
89551,91
89552,10
89553,41
89554,84
89555,89
89556,38
89557,46
89558,21
89559,29
89560,29
89561,32
89562,29
89563,36
89564,52
89565,29
89566,25
89567,5
89568,53
89569,55
89570,3
89571,78
89572,35
89573,62
89574,2
89575,56
89576,79
89577,15
89578,39
89579,52
89580,90
89581,5
89582,20
89583,76
89584,8
89585,62
89586,42
89587,71
89588,27
89589,44
89590,57
89591,82
89592,28
89593,94
89594,53
89595,56
89596,32
89597,69
89598,63
89599,3
89600,15
89601,2
89602,88
89603,62
89604,80
89605,21
89606,81
89607,95
89608,17
89609,56
89610,89
89611,24
89612,27
89613,39
89614,22
89615,7
89616,12
89617,43
89618,46
89619,9
89620,40
89621,66
89622,73
89623,48
89624,63
89625,14
89626,87
89627,60
89628,73
89629,51
89630,84
89631,45
89632,58
89633,47
89634,38
89635,41
89636,50
89637,49
89638,91
89639,65
89640,40
89641,57
89642,3
89643,48
89644,2
89645,31
89646,46
89647,61
89648,97
89649,15
89650,67
89651,17
89652,91
89653,5
89654,64
89655,79
89656,36
89657,72
89658,62
89659,80
89660,99
89661,97
89662,58
89663,94
89664,33
89665,36
89666,33
89667,44
89668,100
89669,0
89670,52
89671,61
89672,14
89673,94
89674,50
89675,13
89676,97
89677,58
89678,51
89679,0
89680,98
89681,74
89682,16
89683,55
89684,4
89685,16
89686,17
89687,88
89688,54
89689,98
89690,46
89691,79
89692,48
89693,22
89694,20
89695,28
89696,59
89697,45
89698,99
89699,9
89700,83
89701,52
89702,6
89703,29
89704,92
89705,54
89706,64
89707,20
89708,6
89709,43
89710,67
89711,14
89712,97
89713,1
89714,100
89715,2
89716,47
89717,67
89718,46
89719,42
89720,99
89721,26
89722,3
89723,35
89724,82
89725,97
89726,79
89727,51
89728,44
89729,50
89730,85
89731,31
89732,1
89733,16
89734,22
89735,43
89736,45
89737,11
89738,53
89739,12
89740,73
89741,67
89742,70
89743,65
89744,14
89745,99
89746,61
89747,72
89748,23
89749,69
89750,60
89751,70
89752,79
89753,80
89754,93
89755,71
89756,2
89757,88
89758,28
89759,20
89760,53
89761,5
89762,86
89763,10
89764,69
89765,26
89766,90
89767,76
89768,59
89769,72
89770,71
89771,26
89772,31
89773,92
89774,32
89775,4
89776,8
89777,12
89778,96
89779,93
89780,88
89781,5
89782,73
89783,35
89784,49
89785,60
89786,47
89787,82
89788,10
89789,16
89790,1
89791,6
89792,56
89793,30
89794,58
89795,94
89796,45
89797,80
89798,78
89799,6
89800,93
89801,13
89802,94
89803,8
89804,8
89805,1
89806,85
89807,15
89808,1
89809,78
89810,69
89811,22
89812,27
89813,42
89814,62
89815,16
89816,35
89817,18
89818,4
89819,22
89820,18
89821,0
89822,26
89823,42
89824,24
89825,53
89826,5
89827,99
89828,80
89829,75
89830,24
89831,73
89832,45
89833,58
89834,54
89835,23
89836,74
89837,23
89838,2
89839,39
89840,19
89841,86
89842,68
89843,99
89844,76
89845,99
89846,69
89847,65
89848,92
89849,68
89850,78
89851,7
89852,97
89853,54
89854,36
89855,89
89856,72
89857,71
89858,13
89859,47
89860,88
89861,97
89862,66
89863,31
89864,35
89865,4
89866,78
89867,91
89868,17
89869,10
89870,73
89871,3
89872,19
89873,4
89874,62
89875,53
89876,64
89877,76
89878,85
89879,12
89880,78
89881,72
89882,2
89883,1
89884,11
89885,87
89886,81
89887,55
89888,57
89889,99
89890,88
89891,51
89892,14
89893,0
89894,71
89895,100
89896,70
89897,98
89898,44
89899,15
89900,16
89901,29
89902,36
89903,17
89904,99
89905,75
89906,91
89907,10
89908,59
89909,58
89910,69
89911,25
89912,79
89913,37
89914,8
89915,81
89916,96
89917,82
89918,72
89919,45
89920,43
89921,41
89922,72
89923,68
89924,22
89925,33
89926,21
89927,68
89928,64
89929,25
89930,81
89931,54
89932,89
89933,14
89934,65
89935,52
89936,78
89937,10
89938,57
89939,83
89940,41
89941,80
89942,68
89943,32
89944,43
89945,88
89946,6
89947,97
89948,78
89949,51
89950,12
89951,31
89952,38
89953,77
89954,62
89955,19
89956,15
89957,29
89958,18
89959,85
89960,100
89961,73
89962,71
89963,92
89964,77
89965,74
89966,29
89967,96
89968,33
89969,38
89970,48
89971,100
89972,100
89973,4
89974,42
89975,46
89976,58
89977,68
89978,16
89979,18
89980,45
89981,55
89982,25
89983,65
89984,13
89985,51
89986,91
89987,3
89988,2
89989,78
89990,21
89991,49
89992,63
89993,82
89994,97
89995,9
89996,55
89997,97
89998,15
89999,36
90000,99
90001,54
90002,21
90003,31
90004,43
90005,80
90006,72
90007,51
90008,32
90009,96
90010,1
90011,13
90012,100
90013,60
90014,96
90015,64
90016,85
90017,29
90018,26
90019,63
90020,32
90021,52
90022,79
90023,9
90024,26
90025,36
90026,1
90027,93
90028,42
90029,82
90030,18
90031,98
90032,10
90033,51
90034,31
90035,79
90036,80
90037,28
90038,83
90039,35
90040,46
90041,87
90042,42
90043,51
90044,52
90045,67
90046,4
90047,82
90048,47
90049,23
90050,0
90051,98
90052,1
90053,9
90054,62
90055,58
90056,5
90057,83
90058,82
90059,47
90060,35
90061,47
90062,28
90063,40
90064,87
90065,72
90066,31
90067,4
90068,84
90069,16
90070,23
90071,90
90072,81
90073,85
90074,5
90075,27
90076,19
90077,79
90078,18
90079,7
90080,17
90081,36
90082,60
90083,44
90084,94
90085,37
90086,1
90087,54
90088,95
90089,14
90090,58
90091,74
90092,4
90093,92
90094,83
90095,19
90096,81
90097,11
90098,56
90099,80
90100,67
90101,18
90102,86
90103,26
90104,52
90105,41
90106,44
90107,77
90108,67
90109,67
90110,23
90111,86
90112,35
90113,74
90114,96
90115,4
90116,26
90117,36
90118,26
90119,94
90120,75
90121,46
90122,63
90123,5
90124,75
90125,55
90126,13
90127,21
90128,54
90129,74
90130,51
90131,55
90132,76
90133,5
90134,19
90135,53
90136,1
90137,74
90138,71
90139,29
90140,90
90141,53
90142,3
90143,70
90144,46
90145,87
90146,95
90147,18
90148,41
90149,98
90150,41
90151,50
90152,2
90153,81
90154,36
90155,21
90156,32
90157,97
90158,48
90159,86
90160,53
90161,61
90162,34
90163,28
90164,65
90165,49
90166,13
90167,47
90168,43
90169,71
90170,0
90171,27
90172,2
90173,70
90174,97
90175,47
90176,31
90177,8
90178,98
90179,56
90180,82
90181,45
90182,57
90183,55
90184,14
90185,94
90186,60
90187,15
90188,45
90189,100
90190,70
90191,34
90192,92
90193,65
90194,56
90195,33
90196,98
90197,30
90198,11
90199,64
90200,46
90201,92
90202,64
90203,0
90204,78
90205,66
90206,13
90207,53
90208,9
90209,66
90210,83
90211,49
90212,99
90213,90
90214,35
90215,10
90216,2
90217,87
90218,38
90219,9
90220,89
90221,50
90222,31
90223,51
90224,71
90225,46
90226,12
90227,66
90228,52
90229,52
90230,14
90231,52
90232,84
90233,41
90234,28
90235,46
90236,90
90237,29
90238,13
90239,78
90240,58
90241,63
90242,43
90243,13
90244,24
90245,90
90246,43
90247,60
90248,1
90249,80
90250,78
90251,90
90252,73
90253,42
90254,8
90255,60
90256,66
90257,23
90258,64
90259,37
90260,69
90261,4
90262,67
90263,66
90264,29
90265,99
90266,86
90267,61
90268,6
90269,50
90270,31
90271,73
90272,100
90273,96
90274,25
90275,42
90276,61
90277,30
90278,93
90279,22
90280,63
90281,92
90282,71
90283,54
90284,15
90285,8
90286,3
90287,82
90288,38
90289,43
90290,40
90291,12
90292,75
90293,72
90294,11
90295,23
90296,47
90297,76
90298,98
90299,31
90300,37
90301,77
90302,65
90303,53
90304,20
90305,30
90306,63
90307,51
90308,34
90309,15
90310,39
90311,89
90312,37
90313,56
90314,2
90315,36
90316,99
90317,1
90318,85
90319,2
90320,46
90321,89
90322,26
90323,62
90324,37
90325,43
90326,7
90327,22
90328,5
90329,24
90330,58
90331,56
90332,57
90333,15
90334,25
90335,78
90336,46
90337,95
90338,39
90339,18
90340,77
90341,43
90342,98
90343,25
90344,51
90345,36
90346,76
90347,46
90348,71
90349,13
90350,25
90351,46
90352,93
90353,12
90354,99
90355,10
90356,1
90357,29
90358,23
90359,81
90360,22
90361,69
90362,74
90363,6
90364,46
90365,96
90366,9
90367,84
90368,72
90369,29
90370,47
90371,24
90372,88
90373,23
90374,11
90375,70
90376,33
90377,2
90378,5
90379,58
90380,26
90381,82
90382,71
90383,35
90384,60
90385,99
90386,81
90387,70
90388,64
90389,4
90390,41
90391,13
90392,64
90393,11
90394,82
90395,1
90396,13
90397,66
90398,98
90399,76
90400,66
90401,13
90402,33
90403,44
90404,8
90405,9
90406,7
90407,28
90408,60
90409,53
90410,38
90411,32
90412,22
90413,71
90414,39
90415,22
90416,58
90417,49
90418,99
90419,63
90420,55
90421,42
90422,83
90423,57
90424,11
90425,35
90426,72
90427,96
90428,5
90429,31
90430,64
90431,59
90432,53
90433,23
90434,28
90435,7
90436,12
90437,62
90438,24
90439,28
90440,58
90441,60
90442,87
90443,90
90444,25
90445,83
90446,67
90447,21
90448,6
90449,56
90450,61
90451,17
90452,9
90453,30
90454,25
90455,54
90456,89
90457,24
90458,51
90459,17
90460,23
90461,14
90462,7
90463,42
90464,88
90465,98
90466,23
90467,84
90468,64
90469,25
90470,73
90471,25
90472,65
90473,39
90474,13
90475,32
90476,56
90477,38
90478,0
90479,93
90480,36
90481,17
90482,29
90483,26
90484,59
90485,48
90486,29
90487,44
90488,99
90489,20
90490,53
90491,15
90492,80
90493,17
90494,33
90495,20
90496,75
90497,30
90498,9
90499,3
90500,14
90501,52
90502,58
90503,54
90504,61
90505,41
90506,27
90507,6
90508,10
90509,28
90510,33
90511,93
90512,90
90513,24
90514,55
90515,39
90516,86
90517,92
90518,62
90519,49
90520,10
90521,59
90522,63
90523,3
90524,99
90525,30
90526,73
90527,53
90528,79
90529,55
90530,93
90531,98
90532,43
90533,80
90534,4
90535,66
90536,79
90537,67
90538,8
90539,3
90540,84
90541,73
90542,94
90543,80
90544,15
90545,69
90546,93
90547,14
90548,51
90549,30
90550,93
90551,100
90552,79
90553,43
90554,35
90555,1
90556,27
90557,39
90558,62
90559,62
90560,16
90561,37
90562,35
90563,31
90564,53
90565,58
90566,24
90567,76
90568,13
90569,43
90570,24
90571,34
90572,92
90573,78
90574,78
90575,46
90576,46
90577,16
90578,88
90579,22
90580,95
90581,94
90582,86
90583,16
90584,28
90585,1
90586,10
90587,15
90588,50
90589,80
90590,20
90591,20
90592,5
90593,45
90594,22
90595,57
90596,56
90597,60
90598,95
90599,38
90600,44
90601,28
90602,30
90603,88
90604,1
90605,85
90606,36
90607,43
90608,78
90609,69
90610,62
90611,96
90612,74
90613,52
90614,75
90615,87
90616,2
90617,93
90618,18
90619,44
90620,60
90621,54
90622,70
90623,75
90624,28
90625,47
90626,71
90627,62
90628,20
90629,56
90630,12
90631,26
90632,67
90633,95
90634,87
90635,63
90636,8
90637,73
90638,74
90639,96
90640,6
90641,10
90642,27
90643,93
90644,71
90645,26
90646,21
90647,41
90648,31
90649,13
90650,25
90651,54
90652,74
90653,70
90654,54
90655,44
90656,29
90657,65
90658,98
90659,25
90660,88
90661,0
90662,92
90663,23
90664,54
90665,64
90666,24
90667,97
90668,41
90669,43
90670,68
90671,11
90672,7
90673,62
90674,77
90675,19
90676,39
90677,72
90678,4
90679,0
90680,10
90681,3
90682,37
90683,16
90684,67
90685,31
90686,4
90687,21
90688,77
90689,84
90690,81
90691,66
90692,10
90693,99
90694,90
90695,24
90696,41
90697,34
90698,78
90699,58
90700,47
90701,84
90702,2
90703,23
90704,68
90705,100
90706,32
90707,87
90708,69
90709,46
90710,52
90711,44
90712,70
90713,82
90714,56
90715,84
90716,69
90717,39
90718,2
90719,48
90720,13
90721,19
90722,77
90723,65
90724,24
90725,3
90726,40
90727,62
90728,47
90729,54
90730,96
90731,1
90732,22
90733,47
90734,84
90735,14
90736,50
90737,23
90738,19
90739,55
90740,37
90741,24
90742,85
90743,51
90744,50
90745,46
90746,67
90747,79
90748,63
90749,42
90750,70
90751,87
90752,97
90753,56
90754,38
90755,28
90756,25
90757,13
90758,63
90759,46
90760,19
90761,6
90762,81
90763,73
90764,93
90765,66
90766,52
90767,64
90768,29
90769,65
90770,14
90771,74
90772,95
90773,69
90774,69
90775,91
90776,56
90777,24
90778,22
90779,11
90780,47
90781,9
90782,16
90783,51
90784,1
90785,59
90786,56
90787,80
90788,72
90789,46
90790,70
90791,12
90792,73
90793,21
90794,27
90795,54
90796,49
90797,77
90798,18
90799,0
90800,90
90801,67
90802,55
90803,87
90804,13
90805,63
90806,100
90807,86
90808,68
90809,83
90810,21
90811,43
90812,48
90813,98
90814,35
90815,68
90816,96
90817,87
90818,33
90819,36
90820,88
90821,50
90822,36
90823,24
90824,85
90825,4
90826,7
90827,52
90828,26
90829,60
90830,98
90831,64
90832,83
90833,70
90834,44
90835,2
90836,60
90837,49
90838,47
90839,72
90840,46
90841,13
90842,18
90843,90
90844,61
90845,5
90846,6
90847,100
90848,89
90849,12
90850,100
90851,45
90852,32
90853,96
90854,40
90855,72
90856,78
90857,68
90858,28
90859,6
90860,94
90861,53
90862,97
90863,10
90864,41
90865,82
90866,4
90867,86
90868,46
90869,1
90870,42
90871,3
90872,80
90873,94
90874,62
90875,58
90876,29
90877,1
90878,87
90879,73
90880,91
90881,42
90882,95
90883,96
90884,17
90885,23
90886,36
90887,29
90888,68
90889,58
90890,22
90891,29
90892,67
90893,40
90894,50
90895,87
90896,66
90897,14
90898,55
90899,64
90900,73
90901,89
90902,54
90903,75
90904,64
90905,1
90906,10
90907,75
90908,91
90909,96
90910,41
90911,2
90912,40
90913,48
90914,82
90915,81
90916,36
90917,91
90918,94
90919,6
90920,37
90921,57
90922,4
90923,60
90924,82
90925,76
90926,38
90927,27
90928,56
90929,1
90930,69
90931,78
90932,27
90933,36
90934,88
90935,95
90936,54
90937,100
90938,99
90939,93
90940,87
90941,81
90942,0
90943,2
90944,70
90945,96
90946,84
90947,13
90948,47
90949,36
90950,2
90951,48
90952,100
90953,55
90954,88
90955,59
90956,96
90957,12
90958,52
90959,49
90960,96
90961,92
90962,18
90963,25
90964,52
90965,56
90966,37
90967,8
90968,45
90969,93
90970,85
90971,3
90972,70
90973,81
90974,49
90975,69
90976,92
90977,4
90978,69
90979,33
90980,97
90981,64
90982,17
90983,26
90984,9
90985,1
90986,82
90987,90
90988,60
90989,21
90990,9
90991,58
90992,90
90993,11
90994,62
90995,14
90996,62
90997,64
90998,37
90999,87
91000,5
91001,92
91002,5
91003,37
91004,47
91005,14
91006,71
91007,28
91008,1
91009,74
91010,72
91011,15
91012,57
91013,87
91014,33
91015,42
91016,23
91017,24
91018,40
91019,32
91020,42
91021,16
91022,6
91023,58
91024,26
91025,35
91026,18
91027,14
91028,69
91029,56
91030,99
91031,68
91032,52
91033,68
91034,1
91035,17
91036,31
91037,28
91038,48
91039,83
91040,82
91041,79
91042,74
91043,59
91044,27
91045,85
91046,26
91047,80
91048,7
91049,71
91050,22
91051,31
91052,14
91053,90
91054,67
91055,39
91056,95
91057,56
91058,46
91059,100
91060,9
91061,55
91062,91
91063,51
91064,95
91065,95
91066,62
91067,50
91068,78
91069,69
91070,8
91071,93
91072,40
91073,39
91074,15
91075,24
91076,9
91077,29
91078,8
91079,39
91080,56
91081,45
91082,6
91083,42
91084,47
91085,75
91086,56
91087,16
91088,24
91089,6
91090,54
91091,18
91092,80
91093,31
91094,86
91095,31
91096,25
91097,71
91098,21
91099,54
91100,56
91101,7
91102,45
91103,4
91104,11
91105,26
91106,83
91107,10
91108,35
91109,51
91110,1
91111,73
91112,70
91113,11
91114,54
91115,79
91116,30
91117,90
91118,31
91119,63
91120,90
91121,58
91122,24
91123,68
91124,67
91125,43
91126,42
91127,14
91128,12
91129,96
91130,68
91131,69
91132,44
91133,24
91134,24
91135,9
91136,61
91137,11
91138,66
91139,28
91140,92
91141,42
91142,87
91143,87
91144,88
91145,36
91146,68
91147,10
91148,39
91149,62
91150,21
91151,14
91152,8
91153,69
91154,63
91155,89
91156,5
91157,95
91158,42
91159,19
91160,98
91161,42
91162,61
91163,66
91164,81
91165,98
91166,51
91167,73
91168,99
91169,93
91170,25
91171,93
91172,30
91173,54
91174,67
91175,56
91176,23
91177,64
91178,25
91179,48
91180,92
91181,37
91182,35
91183,53
91184,8
91185,41
91186,95
91187,100
91188,81
91189,23
91190,39
91191,81
91192,7
91193,53
91194,10
91195,98
91196,87
91197,76
91198,94
91199,55
91200,93
91201,28
91202,41
91203,5
91204,2
91205,91
91206,73
91207,97
91208,64
91209,11
91210,35
91211,55
91212,51
91213,31
91214,55
91215,10
91216,0
91217,5
91218,90
91219,78
91220,73
91221,23
91222,71
91223,80
91224,23
91225,76
91226,8
91227,58
91228,69
91229,92
91230,22
91231,85
91232,84
91233,16
91234,97
91235,89
91236,24
91237,37
91238,2
91239,66
91240,13
91241,9
91242,65
91243,70
91244,13
91245,80
91246,9
91247,98
91248,48
91249,90
91250,61
91251,47
91252,2
91253,46
91254,59
91255,24
91256,6
91257,76
91258,38
91259,42
91260,45
91261,88
91262,42
91263,28
91264,82
91265,85
91266,65
91267,85
91268,98
91269,97
91270,68
91271,26
91272,81
91273,2
91274,55
91275,63
91276,20
91277,23
91278,89
91279,19
91280,51
91281,12
91282,69
91283,89
91284,42
91285,93
91286,77
91287,36
91288,29
91289,14
91290,82
91291,74
91292,83
91293,24
91294,37
91295,42
91296,29
91297,39
91298,58
91299,22
91300,43
91301,80
91302,0
91303,77
91304,81
91305,40
91306,61
91307,59
91308,79
91309,9
91310,72
91311,77
91312,65
91313,56
91314,41
91315,53
91316,84
91317,41
91318,65
91319,69
91320,10
91321,66
91322,10
91323,3
91324,78
91325,89
91326,99
91327,78
91328,48
91329,21
91330,36
91331,9
91332,19
91333,95
91334,72
91335,49
91336,30
91337,43
91338,30
91339,91
91340,74
91341,99
91342,40
91343,3
91344,13
91345,45
91346,53
91347,92
91348,91
91349,88
91350,86
91351,32
91352,29
91353,8
91354,37
91355,88
91356,81
91357,42
91358,6
91359,87
91360,39
91361,84
91362,61
91363,54
91364,34
91365,42
91366,10
91367,1
91368,78
91369,78
91370,4
91371,39
91372,79
91373,45
91374,20
91375,8
91376,70
91377,26
91378,16
91379,65
91380,25
91381,71
91382,44
91383,54
91384,39
91385,15
91386,83
91387,95
91388,31
91389,34
91390,63
91391,63
91392,14
91393,41
91394,49
91395,31
91396,29
91397,82
91398,23
91399,65
91400,20
91401,41
91402,79
91403,99
91404,57
91405,1
91406,15
91407,92
91408,6
91409,54
91410,14
91411,22
91412,68
91413,0
91414,68
91415,12
91416,25
91417,51
91418,12
91419,95
91420,54
91421,28
91422,17
91423,1
91424,26
91425,49
91426,41
91427,66
91428,93
91429,9
91430,8
91431,2
91432,85
91433,37
91434,74
91435,69
91436,68
91437,29
91438,13
91439,1
91440,96
91441,100
91442,7
91443,73
91444,84
91445,82
91446,98
91447,17
91448,70
91449,12
91450,45
91451,53
91452,11
91453,39
91454,87
91455,81
91456,37
91457,11
91458,66
91459,24
91460,34
91461,15
91462,44
91463,12
91464,23
91465,75
91466,1
91467,89
91468,9
91469,18
91470,85
91471,23
91472,89
91473,60
91474,4
91475,79
91476,100
91477,33
91478,91
91479,63
91480,11
91481,58
91482,20
91483,95
91484,88
91485,77
91486,46
91487,52
91488,98
91489,72
91490,93
91491,92
91492,38
91493,30
91494,77
91495,80
91496,88
91497,45
91498,56
91499,36
91500,26
91501,81
91502,28
91503,17
91504,3
91505,83
91506,0
91507,23
91508,41
91509,59
91510,23
91511,55
91512,68
91513,89
91514,17
91515,99
91516,64
91517,9
91518,16
91519,57
91520,34
91521,3
91522,43
91523,90
91524,74
91525,66
91526,27
91527,10
91528,2
91529,99
91530,2
91531,24
91532,75
91533,11
91534,48
91535,55
91536,52
91537,95
91538,9
91539,18
91540,46
91541,53
91542,6
91543,87
91544,38
91545,31
91546,22
91547,49
91548,18
91549,66
91550,24
91551,24
91552,5
91553,96
91554,96
91555,14
91556,62
91557,19
91558,42
91559,95
91560,87
91561,66
91562,3
91563,5
91564,58
91565,51
91566,18
91567,25
91568,47
91569,88
91570,54
91571,88
91572,58
91573,73
91574,37
91575,83
91576,4
91577,41
91578,34
91579,68
91580,98
91581,2
91582,40
91583,31
91584,35
91585,29
91586,38
91587,92
91588,89
91589,88
91590,59
91591,55
91592,75
91593,81
91594,57
91595,25
91596,78
91597,4
91598,55
91599,32
91600,8
91601,31
91602,76
91603,27
91604,22
91605,87
91606,94
91607,68
91608,61
91609,47
91610,65
91611,61
91612,93
91613,68
91614,55
91615,73
91616,35
91617,35
91618,55
91619,6
91620,92
91621,31
91622,90
91623,0
91624,57
91625,19
91626,33
91627,50
91628,35
91629,25
91630,86
91631,32
91632,0
91633,66
91634,49
91635,34
91636,34
91637,58
91638,76
91639,96
91640,12
91641,21
91642,55
91643,4
91644,80
91645,42
91646,73
91647,54
91648,90
91649,14
91650,41
91651,8
91652,70
91653,56
91654,9
91655,63
91656,40
91657,12
91658,15
91659,97
91660,71
91661,59
91662,30
91663,54
91664,91
91665,70
91666,33
91667,96
91668,3
91669,54
91670,89
91671,65
91672,95
91673,58
91674,40
91675,65
91676,89
91677,46
91678,26
91679,78
91680,20
91681,90
91682,97
91683,10
91684,86
91685,21
91686,22
91687,64
91688,58
91689,75
91690,88
91691,69
91692,97
91693,27
91694,24
91695,81
91696,0
91697,31
91698,28
91699,19
91700,45
91701,76
91702,56
91703,11
91704,71
91705,38
91706,7
91707,81
91708,84
91709,27
91710,30
91711,14
91712,59
91713,38
91714,96
91715,86
91716,79
91717,87
91718,20
91719,7
91720,41
91721,58
91722,80
91723,78
91724,77
91725,19
91726,95
91727,60
91728,10
91729,31
91730,3
91731,28
91732,4
91733,75
91734,38
91735,22
91736,96
91737,15
91738,49
91739,10
91740,71
91741,96
91742,47
91743,33
91744,20
91745,62
91746,16
91747,33
91748,50
91749,66
91750,23
91751,21
91752,9
91753,4
91754,30
91755,23
91756,10
91757,50
91758,47
91759,77
91760,3
91761,7
91762,6
91763,98
91764,31
91765,85
91766,21
91767,89
91768,35
91769,28
91770,67
91771,94
91772,85
91773,60
91774,52
91775,71
91776,84
91777,14
91778,47
91779,53
91780,67
91781,68
91782,99
91783,63
91784,65
91785,49
91786,71
91787,46
91788,67
91789,12
91790,13
91791,8
91792,27
91793,37
91794,11
91795,91
91796,12
91797,20
91798,54
91799,37
91800,51
91801,25
91802,88
91803,21
91804,50
91805,71
91806,36
91807,44
91808,85
91809,76
91810,36
91811,13
91812,17
91813,96
91814,6
91815,73
91816,59
91817,57
91818,93
91819,54
91820,33
91821,44
91822,2
91823,39
91824,75
91825,99
91826,52
91827,30
91828,22
91829,71
91830,64
91831,54
91832,98
91833,78
91834,91
91835,11
91836,0
91837,10
91838,50
91839,100
91840,65
91841,44
91842,98
91843,71
91844,30
91845,84
91846,52
91847,44
91848,66
91849,88
91850,40
91851,27
91852,61
91853,91
91854,1
91855,71
91856,64
91857,20
91858,14
91859,54
91860,7
91861,85
91862,19
91863,76
91864,63
91865,89
91866,38
91867,6
91868,56
91869,74
91870,30
91871,33
91872,74
91873,87
91874,88
91875,50
91876,55
91877,96
91878,28
91879,62
91880,84
91881,32
91882,44
91883,5
91884,36
91885,52
91886,1
91887,93
91888,56
91889,91
91890,95
91891,50
91892,90
91893,38
91894,21
91895,78
91896,42
91897,37
91898,63
91899,36
91900,99
91901,37
91902,70
91903,30
91904,43
91905,93
91906,13
91907,97
91908,51
91909,90
91910,86
91911,66
91912,4
91913,41
91914,93
91915,6
91916,17
91917,56
91918,73
91919,43
91920,97
91921,60
91922,96
91923,62
91924,31
91925,94
91926,27
91927,3
91928,14
91929,1
91930,22
91931,58
91932,22
91933,98
91934,90
91935,25
91936,33
91937,12
91938,39
91939,50
91940,9
91941,38
91942,89
91943,3
91944,81
91945,98
91946,51
91947,80
91948,55
91949,26
91950,7
91951,52
91952,12
91953,45
91954,85
91955,35
91956,42
91957,93
91958,34
91959,50
91960,62
91961,67
91962,12
91963,46
91964,5
91965,17
91966,7
91967,40
91968,60
91969,19
91970,84
91971,95
91972,55
91973,95
91974,1
91975,65
91976,31
91977,21
91978,89
91979,40
91980,9
91981,38
91982,44
91983,4
91984,11
91985,31
91986,39
91987,17
91988,73
91989,63
91990,86
91991,0
91992,52
91993,41
91994,100
91995,81
91996,93
91997,82
91998,37
91999,16
92000,61
92001,27
92002,21
92003,45
92004,37
92005,31
92006,54
92007,88
92008,8
92009,99
92010,49
92011,36
92012,64
92013,92
92014,78
92015,43
92016,59
92017,28
92018,84
92019,62
92020,75
92021,25
92022,44
92023,94
92024,34
92025,77
92026,6
92027,66
92028,52
92029,40
92030,3
92031,1
92032,34
92033,32
92034,100
92035,49
92036,12
92037,6
92038,38
92039,90
92040,48
92041,2
92042,16
92043,24
92044,93
92045,13
92046,92
92047,4
92048,70
92049,82
92050,32
92051,84
92052,50
92053,84
92054,16
92055,86
92056,60
92057,90
92058,30
92059,14
92060,39
92061,64
92062,19
92063,33
92064,64
92065,31
92066,21
92067,61
92068,92
92069,44
92070,10
92071,32
92072,37
92073,64
92074,62
92075,37
92076,72
92077,12
92078,47
92079,23
92080,35
92081,19
92082,42
92083,56
92084,64
92085,59
92086,98
92087,42
92088,83
92089,64
92090,45
92091,61
92092,69
92093,25
92094,28
92095,40
92096,14
92097,100
92098,18
92099,72
92100,58
92101,80
92102,95
92103,27
92104,14
92105,57
92106,52
92107,41
92108,27
92109,72
92110,90
92111,18
92112,70
92113,88
92114,93
92115,76
92116,1
92117,17
92118,39
92119,52
92120,7
92121,83
92122,8
92123,76
92124,20
92125,91
92126,43
92127,59
92128,70
92129,30
92130,86
92131,12
92132,44
92133,99
92134,1
92135,33
92136,68
92137,65
92138,61
92139,46
92140,97
92141,1
92142,83
92143,71
92144,86
92145,36
92146,79
92147,85
92148,62
92149,55
92150,45
92151,62
92152,7
92153,54
92154,42
92155,89
92156,22
92157,15
92158,84
92159,51
92160,92
92161,53
92162,83
92163,75
92164,36
92165,89
92166,66
92167,17
92168,58
92169,0
92170,18
92171,12
92172,32
92173,93
92174,21
92175,26
92176,49
92177,76
92178,71
92179,52
92180,59
92181,49
92182,65
92183,82
92184,23
92185,68
92186,7
92187,19
92188,98
92189,65
92190,69
92191,58
92192,79
92193,46
92194,35
92195,1
92196,63
92197,77
92198,37
92199,25
92200,19
92201,92
92202,3
92203,83
92204,87
92205,64
92206,88
92207,13
92208,34
92209,84
92210,99
92211,51
92212,22
92213,19
92214,89
92215,26
92216,40
92217,77
92218,35
92219,3
92220,25
92221,39
92222,79
92223,83
92224,87
92225,73
92226,65
92227,72
92228,81
92229,93
92230,2
92231,63
92232,28
92233,53
92234,6
92235,24
92236,23
92237,42
92238,5
92239,14
92240,78
92241,39
92242,90
92243,60
92244,20
92245,57
92246,95
92247,31
92248,11
92249,8
92250,19
92251,14
92252,76
92253,7
92254,20
92255,44
92256,88
92257,98
92258,39
92259,93
92260,94
92261,5
92262,10
92263,63
92264,41
92265,58
92266,7
92267,71
92268,54
92269,38
92270,50
92271,54
92272,75
92273,2
92274,42
92275,44
92276,79
92277,90
92278,15
92279,4
92280,39
92281,75
92282,66
92283,98
92284,44
92285,2
92286,30
92287,23
92288,28
92289,54
92290,32
92291,50
92292,79
92293,96
92294,73
92295,29
92296,97
92297,60
92298,59
92299,34
92300,6
92301,5
92302,14
92303,95
92304,65
92305,95
92306,91
92307,84
92308,16
92309,18
92310,13
92311,48
92312,50
92313,33
92314,83
92315,20
92316,47
92317,66
92318,57
92319,77
92320,20
92321,26
92322,70
92323,28
92324,8
92325,78
92326,43
92327,27
92328,37
92329,14
92330,14
92331,29
92332,31
92333,39
92334,75
92335,83
92336,90
92337,1
92338,21
92339,25
92340,39
92341,7
92342,35
92343,25
92344,100
92345,80
92346,6
92347,0
92348,90
92349,89
92350,31
92351,77
92352,82
92353,8
92354,58
92355,43
92356,64
92357,20
92358,19
92359,48
92360,96
92361,32
92362,17
92363,40
92364,16
92365,12
92366,42
92367,72
92368,64
92369,22
92370,39
92371,33
92372,35
92373,49
92374,77
92375,84
92376,84
92377,91
92378,95
92379,29
92380,39
92381,11
92382,92
92383,0
92384,89
92385,15
92386,81
92387,96
92388,49
92389,42
92390,86
92391,59
92392,4
92393,20
92394,64
92395,94
92396,81
92397,20
92398,70
92399,64
92400,22
92401,90
92402,59
92403,1
92404,33
92405,56
92406,15
92407,73
92408,83
92409,47
92410,100
92411,24
92412,67
92413,31
92414,44
92415,91
92416,39
92417,12
92418,4
92419,16
92420,70
92421,9
92422,90
92423,58
92424,34
92425,22
92426,55
92427,15
92428,51
92429,26
92430,14
92431,61
92432,5
92433,23
92434,86
92435,4
92436,70
92437,85
92438,92
92439,52
92440,30
92441,34
92442,97
92443,18
92444,33
92445,93
92446,82
92447,81
92448,0
92449,40
92450,52
92451,79
92452,63
92453,39
92454,61
92455,54
92456,91
92457,10
92458,51
92459,95
92460,25
92461,73
92462,86
92463,47
92464,44
92465,32
92466,63
92467,77
92468,8
92469,77
92470,99
92471,1
92472,74
92473,13
92474,35
92475,34
92476,63
92477,24
92478,96
92479,8
92480,76
92481,42
92482,9
92483,56
92484,32
92485,8
92486,53
92487,12
92488,23
92489,61
92490,39
92491,58
92492,55
92493,63
92494,59
92495,80
92496,96
92497,22
92498,26
92499,60
92500,43
92501,56
92502,42
92503,61
92504,25
92505,87
92506,74
92507,92
92508,63
92509,68
92510,23
92511,72
92512,73
92513,10
92514,94
92515,66
92516,88
92517,52
92518,42
92519,26
92520,0
92521,48
92522,47
92523,79
92524,98
92525,78
92526,97
92527,52
92528,10
92529,8
92530,60
92531,87
92532,100
92533,98
92534,21
92535,70
92536,43
92537,29
92538,59
92539,92
92540,54
92541,38
92542,40
92543,8
92544,0
92545,2
92546,68
92547,10
92548,3
92549,32
92550,32
92551,44
92552,19
92553,36
92554,83
92555,97
92556,20
92557,57
92558,50
92559,70
92560,15
92561,95
92562,35
92563,49
92564,74
92565,47
92566,28
92567,41
92568,97
92569,58
92570,54
92571,73
92572,66
92573,21
92574,95
92575,83
92576,1
92577,7
92578,40
92579,88
92580,10
92581,23
92582,25
92583,34
92584,4
92585,14
92586,13
92587,36
92588,17
92589,75
92590,66
92591,45
92592,96
92593,67
92594,56
92595,39
92596,89
92597,84
92598,44
92599,15
92600,61
92601,22
92602,87
92603,72
92604,82
92605,90
92606,94
92607,50
92608,0
92609,76
92610,44
92611,3
92612,54
92613,88
92614,9
92615,86
92616,29
92617,13
92618,95
92619,29
92620,4
92621,14
92622,16
92623,47
92624,96
92625,75
92626,24
92627,18
92628,58
92629,52
92630,86
92631,38
92632,4
92633,39
92634,84
92635,57
92636,99
92637,77
92638,5
92639,18
92640,67
92641,23
92642,89
92643,18
92644,58
92645,60
92646,31
92647,44
92648,34
92649,53
92650,1
92651,96
92652,73
92653,44
92654,32
92655,22
92656,97
92657,35
92658,93
92659,68
92660,84
92661,79
92662,70
92663,8
92664,87
92665,48
92666,25
92667,95
92668,26
92669,40
92670,82
92671,71
92672,100
92673,5
92674,82
92675,86
92676,65
92677,60
92678,66
92679,65
92680,76
92681,95
92682,42
92683,24
92684,61
92685,12
92686,93
92687,82
92688,23
92689,96
92690,58
92691,76
92692,94
92693,37
92694,7
92695,57
92696,29
92697,18
92698,95
92699,29
92700,54
92701,45
92702,37
92703,16
92704,97
92705,79
92706,58
92707,36
92708,54
92709,5
92710,65
92711,68
92712,41
92713,82
92714,64
92715,88
92716,79
92717,93
92718,93
92719,9
92720,39
92721,51
92722,23
92723,58
92724,20
92725,51
92726,78
92727,4
92728,35
92729,21
92730,7
92731,94
92732,51
92733,0
92734,83
92735,27
92736,30
92737,52
92738,23
92739,44
92740,6
92741,1
92742,72
92743,62
92744,82
92745,40
92746,88
92747,22
92748,49
92749,73
92750,86
92751,32
92752,42
92753,82
92754,54
92755,50
92756,97
92757,36
92758,62
92759,66
92760,44
92761,70
92762,48
92763,0
92764,53
92765,35
92766,64
92767,40
92768,93
92769,49
92770,95
92771,48
92772,82
92773,46
92774,9
92775,43
92776,43
92777,96
92778,3
92779,63
92780,19
92781,53
92782,78
92783,40
92784,29
92785,70
92786,40
92787,81
92788,93
92789,7
92790,84
92791,70
92792,68
92793,31
92794,79
92795,39
92796,61
92797,89
92798,26
92799,38
92800,91
92801,32
92802,65
92803,78
92804,70
92805,83
92806,12
92807,95
92808,28
92809,67
92810,82
92811,9
92812,99
92813,75
92814,57
92815,85
92816,26
92817,98
92818,57
92819,80
92820,69
92821,44
92822,49
92823,47
92824,42
92825,13
92826,96
92827,43
92828,27
92829,60
92830,37
92831,70
92832,74
92833,32
92834,66
92835,21
92836,12
92837,92
92838,5
92839,63
92840,53
92841,42
92842,54
92843,27
92844,57
92845,14
92846,23
92847,89
92848,61
92849,64
92850,25
92851,94
92852,60
92853,86
92854,95
92855,0
92856,81
92857,80
92858,45
92859,91
92860,0
92861,50
92862,35
92863,68
92864,68
92865,65
92866,74
92867,98
92868,29
92869,95
92870,7
92871,1
92872,99
92873,24
92874,18
92875,70
92876,13
92877,3
92878,45
92879,32
92880,36
92881,29
92882,83
92883,77
92884,26
92885,12
92886,70
92887,81
92888,37
92889,51
92890,72
92891,86
92892,94
92893,65
92894,39
92895,37
92896,40
92897,4
92898,63
92899,55
92900,86
92901,48
92902,58
92903,95
92904,38
92905,79
92906,54
92907,74
92908,77
92909,63
92910,2
92911,7
92912,78
92913,72
92914,15
92915,25
92916,31
92917,81
92918,7
92919,59
92920,95
92921,73
92922,11
92923,75
92924,58
92925,58
92926,73
92927,33
92928,29
92929,43
92930,94
92931,37
92932,24
92933,23
92934,96
92935,60
92936,8
92937,88
92938,83
92939,47
92940,80
92941,51
92942,69
92943,63
92944,35
92945,19
92946,89
92947,49
92948,11
92949,6
92950,39
92951,93
92952,85
92953,41
92954,92
92955,85
92956,87
92957,66
92958,49
92959,40
92960,23
92961,89
92962,68
92963,12
92964,100
92965,85
92966,33
92967,2
92968,95
92969,87
92970,72
92971,2
92972,85
92973,23
92974,73
92975,34
92976,19
92977,43
92978,75
92979,47
92980,42
92981,75
92982,80
92983,67
92984,71
92985,70
92986,54
92987,81
92988,25
92989,30
92990,53
92991,55
92992,55
92993,52
92994,71
92995,60
92996,33
92997,45
92998,79
92999,83
93000,73
93001,49
93002,68
93003,10
93004,85
93005,74
93006,17
93007,81
93008,30
93009,83
93010,61
93011,22
93012,52
93013,61
93014,73
93015,16
93016,40
93017,7
93018,30
93019,48
93020,56
93021,47
93022,52
93023,61
93024,89
93025,49
93026,54
93027,8
93028,31
93029,86
93030,95
93031,56
93032,99
93033,4
93034,64
93035,49
93036,94
93037,62
93038,94
93039,57
93040,56
93041,8
93042,96
93043,98
93044,25
93045,62
93046,65
93047,33
93048,80
93049,5
93050,100
93051,61
93052,94
93053,91
93054,84
93055,74
93056,40
93057,53
93058,35
93059,90
93060,83
93061,83
93062,1
93063,100
93064,26
93065,17
93066,76
93067,81
93068,10
93069,77
93070,43
93071,3
93072,76
93073,82
93074,42
93075,38
93076,58
93077,24
93078,78
93079,83
93080,80
93081,54
93082,64
93083,92
93084,82
93085,93
93086,24
93087,91
93088,36
93089,74
93090,79
93091,81
93092,53
93093,72
93094,27
93095,90
93096,51
93097,63
93098,37
93099,43
93100,86
93101,61
93102,85
93103,67
93104,95
93105,87
93106,37
93107,49
93108,60
93109,27
93110,69
93111,96
93112,30
93113,56
93114,9
93115,11
93116,6
93117,87
93118,27
93119,74
93120,95
93121,19
93122,91
93123,64
93124,26
93125,15
93126,35
93127,69
93128,9
93129,43
93130,18
93131,73
93132,89
93133,97
93134,64
93135,73
93136,61
93137,32
93138,89
93139,97
93140,36
93141,12
93142,93
93143,87
93144,97
93145,36
93146,18
93147,65
93148,29
93149,85
93150,31
93151,32
93152,39
93153,14
93154,69
93155,99
93156,79
93157,84
93158,97
93159,37
93160,98
93161,96
93162,7
93163,75
93164,38
93165,59
93166,59
93167,55
93168,17
93169,47
93170,20
93171,55
93172,90
93173,11
93174,5
93175,30
93176,97
93177,70
93178,60
93179,94
93180,67
93181,56
93182,60
93183,16
93184,28
93185,66
93186,58
93187,87
93188,2
93189,26
93190,0
93191,78
93192,77
93193,3
93194,3
93195,88
93196,74
93197,32
93198,10
93199,75
93200,78
93201,56
93202,25
93203,87
93204,25
93205,53
93206,26
93207,99
93208,90
93209,53
93210,1
93211,86
93212,8
93213,71
93214,63
93215,64
93216,20
93217,25
93218,14
93219,42
93220,88
93221,38
93222,15
93223,34
93224,22
93225,11
93226,55
93227,51
93228,18
93229,97
93230,61
93231,7
93232,86
93233,10
93234,42
93235,97
93236,68
93237,36
93238,24
93239,87
93240,23
93241,33
93242,81
93243,11
93244,41
93245,78
93246,11
93247,28
93248,92
93249,19
93250,78
93251,2
93252,79
93253,60
93254,82
93255,70
93256,99
93257,21
93258,78
93259,72
93260,16
93261,96
93262,1
93263,6
93264,94
93265,13
93266,100
93267,3
93268,44
93269,62
93270,9
93271,44
93272,85
93273,87
93274,43
93275,54
93276,17
93277,10
93278,53
93279,0
93280,52
93281,95
93282,79
93283,77
93284,32
93285,6
93286,82
93287,24
93288,68
93289,48
93290,73
93291,3
93292,23
93293,45
93294,69
93295,11
93296,61
93297,83
93298,89
93299,75
93300,61
93301,96
93302,61
93303,75
93304,57
93305,37
93306,67
93307,16
93308,9
93309,82
93310,42
93311,32
93312,36
93313,27
93314,45
93315,1
93316,45
93317,37
93318,37
93319,20
93320,22
93321,32
93322,89
93323,42
93324,93
93325,67
93326,69
93327,97
93328,63
93329,83
93330,63
93331,36
93332,78
93333,22
93334,72
93335,33
93336,33
93337,26
93338,79
93339,3
93340,91
93341,80
93342,75
93343,68
93344,98
93345,99
93346,93
93347,62
93348,77
93349,13
93350,65
93351,27
93352,20
93353,78
93354,86
93355,9
93356,25
93357,34
93358,33
93359,1
93360,94
93361,42
93362,43
93363,43
93364,42
93365,51
93366,4
93367,18
93368,29
93369,48
93370,62
93371,80
93372,28
93373,75
93374,71
93375,78
93376,52
93377,97
93378,27
93379,84
93380,52
93381,16
93382,81
93383,23
93384,87
93385,75
93386,64
93387,35
93388,31
93389,68
93390,25
93391,55
93392,66
93393,32
93394,38
93395,83
93396,57
93397,11
93398,83
93399,80
93400,42
93401,71
93402,12
93403,72
93404,82
93405,89
93406,4
93407,44
93408,88
93409,4
93410,22
93411,34
93412,95
93413,53
93414,48
93415,69
93416,77
93417,92
93418,36
93419,21
93420,83
93421,7
93422,90
93423,56
93424,70
93425,59
93426,54
93427,33
93428,40
93429,27
93430,30
93431,20
93432,73
93433,50
93434,35
93435,76
93436,25
93437,97
93438,18
93439,5
93440,47
93441,14
93442,48
93443,17
93444,83
93445,64
93446,21
93447,59
93448,35
93449,81
93450,9
93451,19
93452,69
93453,60
93454,100
93455,58
93456,21
93457,67
93458,3
93459,82
93460,28
93461,57
93462,57
93463,53
93464,27
93465,76
93466,38
93467,56
93468,63
93469,91
93470,29
93471,85
93472,49
93473,53
93474,22
93475,17
93476,80
93477,53
93478,94
93479,27
93480,7
93481,31
93482,5
93483,71
93484,85
93485,39
93486,50
93487,46
93488,94
93489,69
93490,67
93491,6
93492,97
93493,26
93494,65
93495,53
93496,13
93497,92
93498,21
93499,68
93500,55
93501,81
93502,59
93503,50
93504,15
93505,5
93506,0
93507,11
93508,23
93509,74
93510,42
93511,33
93512,92
93513,95
93514,56
93515,20
93516,39
93517,32
93518,32
93519,27
93520,99
93521,64
93522,75
93523,45
93524,32
93525,68
93526,65
93527,35
93528,87
93529,53
93530,49
93531,50
93532,51
93533,20
93534,29
93535,14
93536,8
93537,31
93538,71
93539,22
93540,26
93541,41
93542,7
93543,92
93544,10
93545,20
93546,43
93547,38
93548,93
93549,32
93550,66
93551,54
93552,12
93553,35
93554,86
93555,25
93556,73
93557,37
93558,99
93559,22
93560,7
93561,13
93562,23
93563,81
93564,39
93565,100
93566,24
93567,83
93568,24
93569,16
93570,3
93571,84
93572,83
93573,80
93574,98
93575,40
93576,59
93577,86
93578,84
93579,42
93580,53
93581,51
93582,20
93583,23
93584,36
93585,81
93586,43
93587,82
93588,4
93589,60
93590,43
93591,90
93592,5
93593,77
93594,2
93595,64
93596,30
93597,54
93598,44
93599,73
93600,54
93601,59
93602,30
93603,80
93604,38
93605,47
93606,79
93607,26
93608,15
93609,51
93610,3
93611,41
93612,90
93613,53
93614,8
93615,24
93616,87
93617,57
93618,91
93619,17
93620,43
93621,89
93622,73
93623,48
93624,43
93625,97
93626,74
93627,77
93628,37
93629,64
93630,80
93631,80
93632,9
93633,62
93634,93
93635,45
93636,96
93637,1
93638,19
93639,95
93640,2
93641,35
93642,4
93643,19
93644,2
93645,2
93646,99
93647,69
93648,99
93649,87
93650,46
93651,36
93652,7
93653,79
93654,0
93655,77
93656,44
93657,73
93658,9
93659,85
93660,94
93661,67
93662,42
93663,86
93664,40
93665,11
93666,7
93667,44
93668,87
93669,0
93670,25
93671,85
93672,88
93673,30
93674,55
93675,97
93676,36
93677,74
93678,3
93679,71
93680,43
93681,98
93682,88
93683,94
93684,48
93685,86
93686,39
93687,67
93688,99
93689,70
93690,9
93691,69
93692,94
93693,3
93694,20
93695,41
93696,83
93697,80
93698,5
93699,10
93700,81
93701,72
93702,11
93703,30
93704,30
93705,42
93706,57
93707,49
93708,97
93709,79
93710,40
93711,75
93712,76
93713,35
93714,76
93715,43
93716,65
93717,14
93718,76
93719,33
93720,89
93721,69
93722,84
93723,43
93724,32
93725,78
93726,98
93727,91
93728,5
93729,100
93730,39
93731,5
93732,74
93733,13
93734,84
93735,83
93736,4
93737,44
93738,58
93739,72
93740,93
93741,42
93742,52
93743,26
93744,68
93745,68
93746,47
93747,78
93748,72
93749,24
93750,7
93751,77
93752,31
93753,94
93754,60
93755,86
93756,0
93757,30
93758,70
93759,14
93760,69
93761,15
93762,77
93763,80
93764,73
93765,92
93766,71
93767,56
93768,10
93769,17
93770,44
93771,19
93772,79
93773,90
93774,86
93775,13
93776,75
93777,26
93778,76
93779,79
93780,96
93781,87
93782,75
93783,8
93784,12
93785,44
93786,7
93787,55
93788,81
93789,90
93790,96
93791,6
93792,76
93793,14
93794,97
93795,55
93796,83
93797,55
93798,36
93799,63
93800,16
93801,92
93802,20
93803,77
93804,92
93805,85
93806,51
93807,32
93808,76
93809,94
93810,11
93811,95
93812,45
93813,69
93814,74
93815,86
93816,70
93817,56
93818,19
93819,67
93820,84
93821,43
93822,29
93823,24
93824,30
93825,1
93826,83
93827,53
93828,13
93829,22
93830,68
93831,51
93832,82
93833,49
93834,70
93835,84
93836,32
93837,83
93838,8
93839,94
93840,7
93841,74
93842,6
93843,20
93844,91
93845,52
93846,14
93847,71
93848,51
93849,75
93850,68
93851,71
93852,36
93853,77
93854,3
93855,90
93856,78
93857,83
93858,60
93859,21
93860,48
93861,35
93862,93
93863,96
93864,62
93865,91
93866,37
93867,39
93868,63
93869,67
93870,55
93871,13
93872,1
93873,100
93874,62
93875,18
93876,77
93877,70
93878,8
93879,32
93880,87
93881,60
93882,84
93883,43
93884,64
93885,84
93886,56
93887,23
93888,43
93889,67
93890,5
93891,66
93892,33
93893,24
93894,26
93895,17
93896,4
93897,87
93898,95
93899,84
93900,43
93901,97
93902,92
93903,4
93904,60
93905,91
93906,5
93907,74
93908,38
93909,7
93910,98
93911,74
93912,83
93913,42
93914,85
93915,40
93916,75
93917,68
93918,97
93919,97
93920,29
93921,58
93922,22
93923,99
93924,56
93925,24
93926,47
93927,69
93928,41
93929,28
93930,84
93931,70
93932,100
93933,44
93934,40
93935,72
93936,62
93937,46
93938,99
93939,0
93940,94
93941,19
93942,91
93943,18
93944,64
93945,92
93946,73
93947,35
93948,22
93949,81
93950,28
93951,91
93952,43
93953,6
93954,30
93955,37
93956,65
93957,78
93958,21
93959,74
93960,53
93961,53
93962,82
93963,5
93964,72
93965,61
93966,28
93967,42
93968,66
93969,61
93970,12
93971,63
93972,46
93973,59
93974,14
93975,4
93976,68
93977,1
93978,37
93979,93
93980,53
93981,91
93982,38
93983,95
93984,19
93985,19
93986,28
93987,34
93988,31
93989,16
93990,50
93991,7
93992,20
93993,22
93994,50
93995,90
93996,5
93997,51
93998,7
93999,98
94000,68
94001,32
94002,61
94003,64
94004,62
94005,87
94006,31
94007,54
94008,32
94009,37
94010,1
94011,80
94012,9
94013,100
94014,100
94015,65
94016,75
94017,100
94018,93
94019,14
94020,86
94021,81
94022,60
94023,30
94024,37
94025,28
94026,77
94027,42
94028,22
94029,24
94030,27
94031,98
94032,93
94033,90
94034,71
94035,82
94036,0
94037,19
94038,93
94039,28
94040,7
94041,61
94042,13
94043,37
94044,2
94045,2
94046,54
94047,77
94048,20
94049,34
94050,43
94051,43
94052,42
94053,40
94054,26
94055,91
94056,27
94057,4
94058,42
94059,62
94060,38
94061,9
94062,62
94063,8
94064,83
94065,92
94066,28
94067,27
94068,10
94069,84
94070,98
94071,86
94072,92
94073,14
94074,80
94075,23
94076,34
94077,60
94078,19
94079,57
94080,62
94081,99
94082,74
94083,93
94084,59
94085,38
94086,19
94087,85
94088,87
94089,57
94090,63
94091,13
94092,35
94093,12
94094,0
94095,90
94096,12
94097,34
94098,7
94099,17
94100,33
94101,51
94102,69
94103,57
94104,26
94105,17
94106,56
94107,8
94108,63
94109,78
94110,22
94111,58
94112,66
94113,72
94114,21
94115,49
94116,22
94117,83
94118,51
94119,6
94120,16
94121,2
94122,6
94123,76
94124,40
94125,22
94126,36
94127,67
94128,72
94129,69
94130,63
94131,17
94132,34
94133,22
94134,94
94135,83
94136,6
94137,60
94138,75
94139,100
94140,48
94141,56
94142,67
94143,11
94144,14
94145,1
94146,46
94147,74
94148,55
94149,96
94150,13
94151,26
94152,3
94153,37
94154,83
94155,1
94156,3
94157,23
94158,8
94159,18
94160,61
94161,71
94162,40
94163,91
94164,76
94165,71
94166,77
94167,49
94168,73
94169,83
94170,64
94171,75
94172,98
94173,83
94174,75
94175,11
94176,38
94177,28
94178,57
94179,66
94180,70
94181,86
94182,76
94183,74
94184,24
94185,83
94186,48
94187,62
94188,26
94189,69
94190,69
94191,57
94192,8
94193,84
94194,81
94195,0
94196,75
94197,64
94198,91
94199,23
94200,18
94201,13
94202,13
94203,89
94204,79
94205,87
94206,31
94207,5
94208,93
94209,22
94210,18
94211,88
94212,88
94213,1
94214,73
94215,40
94216,52
94217,26
94218,7
94219,42
94220,32
94221,42
94222,82
94223,29
94224,33
94225,77
94226,99
94227,19
94228,86
94229,61
94230,78
94231,1
94232,87
94233,87
94234,94
94235,79
94236,67
94237,97
94238,78
94239,82
94240,18
94241,34
94242,19
94243,40
94244,28
94245,14
94246,83
94247,31
94248,12
94249,6
94250,53
94251,15
94252,9
94253,55
94254,65
94255,37
94256,52
94257,81
94258,33
94259,84
94260,84
94261,0
94262,78
94263,73
94264,58
94265,98
94266,24
94267,31
94268,30
94269,73
94270,2
94271,85
94272,65
94273,86
94274,40
94275,61
94276,52
94277,87
94278,95
94279,32
94280,90
94281,12
94282,100
94283,38
94284,28
94285,24
94286,18
94287,64
94288,98
94289,15
94290,71
94291,70
94292,84
94293,74
94294,89
94295,59
94296,78
94297,56
94298,44
94299,51
94300,5
94301,59
94302,36
94303,53
94304,3
94305,82
94306,46
94307,84
94308,36
94309,81
94310,41
94311,47
94312,99
94313,60
94314,61
94315,54
94316,36
94317,14
94318,58
94319,62
94320,65
94321,41
94322,30
94323,5
94324,18
94325,37
94326,78
94327,32
94328,89
94329,52
94330,29
94331,74
94332,64
94333,13
94334,9
94335,16
94336,74
94337,14
94338,75
94339,2
94340,21
94341,55
94342,58
94343,25
94344,49
94345,86
94346,79
94347,60
94348,54
94349,63
94350,2
94351,29
94352,57
94353,12
94354,71
94355,23
94356,68
94357,6
94358,50
94359,53
94360,50
94361,26
94362,11
94363,40
94364,88
94365,32
94366,78
94367,30
94368,10
94369,35
94370,5
94371,44
94372,59
94373,89
94374,71
94375,36
94376,100
94377,29
94378,37
94379,15
94380,78
94381,37
94382,52
94383,7
94384,98
94385,8
94386,20
94387,40
94388,68
94389,18
94390,79
94391,17
94392,75
94393,79
94394,4
94395,66
94396,70
94397,31
94398,94
94399,77
94400,87
94401,47
94402,32
94403,68
94404,71
94405,1
94406,53
94407,41
94408,34
94409,60
94410,59
94411,97
94412,93
94413,48
94414,22
94415,67
94416,34
94417,13
94418,21
94419,29
94420,2
94421,74
94422,9
94423,66
94424,40
94425,47
94426,49
94427,68
94428,57
94429,14
94430,47
94431,5
94432,3
94433,22
94434,44
94435,64
94436,55
94437,97
94438,62
94439,14
94440,3
94441,90
94442,76
94443,31
94444,8
94445,100
94446,88
94447,56
94448,66
94449,38
94450,39
94451,15
94452,80
94453,90
94454,9
94455,52
94456,64
94457,49
94458,28
94459,17
94460,51
94461,31
94462,100
94463,32
94464,85
94465,10
94466,100
94467,28
94468,19
94469,21
94470,95
94471,71
94472,85
94473,14
94474,34
94475,79
94476,92
94477,33
94478,19
94479,76
94480,55
94481,50
94482,76
94483,94
94484,84
94485,49
94486,29
94487,24
94488,93
94489,73
94490,70
94491,97
94492,3
94493,62
94494,21
94495,56
94496,92
94497,53
94498,3
94499,64
94500,47
94501,22
94502,22
94503,5
94504,68
94505,63
94506,86
94507,70
94508,4
94509,32
94510,25
94511,58
94512,84
94513,33
94514,25
94515,73
94516,65
94517,19
94518,13
94519,70
94520,73
94521,94
94522,7
94523,57
94524,0
94525,92
94526,30
94527,7
94528,79
94529,82
94530,89
94531,59
94532,61
94533,9
94534,17
94535,65
94536,100
94537,92
94538,65
94539,51
94540,66
94541,87
94542,8
94543,47
94544,59
94545,77
94546,51
94547,42
94548,74
94549,49
94550,87
94551,13
94552,17
94553,99
94554,76
94555,33
94556,82
94557,40
94558,74
94559,48
94560,89
94561,68
94562,84
94563,8
94564,47
94565,11
94566,64
94567,13
94568,63
94569,25
94570,6
94571,54
94572,58
94573,79
94574,78
94575,55
94576,67
94577,29
94578,22
94579,85
94580,78
94581,16
94582,1
94583,71
94584,69
94585,38
94586,91
94587,47
94588,4
94589,20
94590,49
94591,19
94592,97
94593,70
94594,93
94595,93
94596,78
94597,90
94598,72
94599,26
94600,1
94601,99
94602,90
94603,46
94604,39
94605,88
94606,35
94607,70
94608,12
94609,100
94610,83
94611,21
94612,17
94613,74
94614,5
94615,67
94616,66
94617,51
94618,69
94619,78
94620,2
94621,16
94622,93
94623,85
94624,65
94625,56
94626,79
94627,21
94628,10
94629,35
94630,52
94631,75
94632,39
94633,34
94634,42
94635,44
94636,40
94637,63
94638,14
94639,43
94640,41
94641,58
94642,84
94643,3
94644,70
94645,28
94646,40
94647,5
94648,38
94649,80
94650,99
94651,65
94652,80
94653,92
94654,26
94655,6
94656,10
94657,89
94658,31
94659,86
94660,50
94661,39
94662,6
94663,0
94664,24
94665,94
94666,5
94667,91
94668,94
94669,99
94670,15
94671,14
94672,21
94673,17
94674,49
94675,71
94676,9
94677,100
94678,48
94679,69
94680,9
94681,38
94682,57
94683,70
94684,41
94685,44
94686,98
94687,27
94688,88
94689,91
94690,72
94691,4
94692,56
94693,79
94694,28
94695,54
94696,22
94697,56
94698,17
94699,25
94700,4
94701,7
94702,18
94703,100
94704,27
94705,67
94706,83
94707,49
94708,85
94709,75
94710,64
94711,7
94712,59
94713,57
94714,26
94715,84
94716,32
94717,96
94718,45
94719,36
94720,68
94721,14
94722,93
94723,66
94724,27
94725,62
94726,93
94727,99
94728,2
94729,51
94730,43
94731,59
94732,57
94733,94
94734,13
94735,5
94736,18
94737,61
94738,4
94739,48
94740,50
94741,25
94742,55
94743,17
94744,100
94745,44
94746,99
94747,94
94748,81
94749,8
94750,89
94751,1
94752,95
94753,41
94754,69
94755,83
94756,71
94757,67
94758,88
94759,30
94760,18
94761,70
94762,46
94763,36
94764,93
94765,90
94766,80
94767,95
94768,18
94769,88
94770,92
94771,24
94772,52
94773,95
94774,100
94775,74
94776,3
94777,45
94778,30
94779,35
94780,3
94781,1
94782,38
94783,96
94784,43
94785,90
94786,89
94787,18
94788,40
94789,96
94790,37
94791,73
94792,64
94793,34
94794,10
94795,58
94796,77
94797,69
94798,42
94799,88
94800,86
94801,4
94802,25
94803,81
94804,31
94805,46
94806,55
94807,84
94808,89
94809,49
94810,98
94811,73
94812,57
94813,27
94814,94
94815,78
94816,54
94817,57
94818,39
94819,57
94820,71
94821,45
94822,73
94823,44
94824,9
94825,81
94826,47
94827,91
94828,61
94829,27
94830,19
94831,87
94832,69
94833,40
94834,95
94835,5
94836,10
94837,29
94838,2
94839,71
94840,32
94841,53
94842,46
94843,82
94844,9
94845,18
94846,8
94847,6
94848,60
94849,13
94850,1
94851,21
94852,59
94853,44
94854,19
94855,25
94856,58
94857,67
94858,38
94859,22
94860,79
94861,24
94862,72
94863,52
94864,10
94865,24
94866,30
94867,45
94868,26
94869,99
94870,62
94871,46
94872,13
94873,22
94874,15
94875,19
94876,2
94877,5
94878,28
94879,3
94880,64
94881,7
94882,47
94883,83
94884,15
94885,46
94886,30
94887,95
94888,97
94889,28
94890,75
94891,67
94892,42
94893,33
94894,5
94895,48
94896,59
94897,50
94898,8
94899,4
94900,63
94901,15
94902,58
94903,55
94904,64
94905,83
94906,34
94907,9
94908,88
94909,46
94910,91
94911,34
94912,61
94913,32
94914,14
94915,84
94916,34
94917,100
94918,9
94919,79
94920,19
94921,7
94922,94
94923,7
94924,12
94925,87
94926,75
94927,58
94928,80
94929,46
94930,59
94931,40
94932,51
94933,99
94934,75
94935,53
94936,35
94937,76
94938,98
94939,68
94940,12
94941,71
94942,10
94943,7
94944,30
94945,61
94946,11
94947,10
94948,16
94949,26
94950,76
94951,99
94952,12
94953,85
94954,43
94955,57
94956,87
94957,29
94958,12
94959,7
94960,68
94961,63
94962,51
94963,5
94964,70
94965,53
94966,21
94967,62
94968,93
94969,78
94970,36
94971,55
94972,40
94973,59
94974,19
94975,94
94976,68
94977,44
94978,57
94979,75
94980,36
94981,93
94982,38
94983,2
94984,76
94985,74
94986,73
94987,93
94988,72
94989,93
94990,92
94991,37
94992,45
94993,48
94994,33
94995,25
94996,1
94997,55
94998,99
94999,6
95000,35
95001,39
95002,77
95003,90
95004,25
95005,83
95006,98
95007,74
95008,89
95009,98
95010,68
95011,15
95012,74
95013,96
95014,8
95015,21
95016,4
95017,83
95018,42
95019,97
95020,29
95021,73
95022,100
95023,31
95024,87
95025,16
95026,66
95027,25
95028,11
95029,36
95030,41
95031,56
95032,11
95033,45
95034,96
95035,26
95036,77
95037,6
95038,37
95039,47
95040,41
95041,26
95042,9
95043,41
95044,57
95045,40
95046,8
95047,97
95048,45
95049,92
95050,81
95051,53
95052,92
95053,93
95054,58
95055,12
95056,85
95057,15
95058,44
95059,31
95060,39
95061,89
95062,94
95063,43
95064,82
95065,97
95066,46
95067,69
95068,59
95069,34
95070,74
95071,59
95072,36
95073,21
95074,12
95075,15
95076,89
95077,85
95078,59
95079,41
95080,12
95081,86
95082,62
95083,31
95084,22
95085,42
95086,31
95087,27
95088,32
95089,25
95090,93
95091,80
95092,41
95093,28
95094,1
95095,33
95096,37
95097,11
95098,51
95099,20
95100,90
95101,39
95102,66
95103,100
95104,48
95105,25
95106,51
95107,61
95108,68
95109,60
95110,83
95111,45
95112,71
95113,91
95114,28
95115,49
95116,1
95117,63
95118,65
95119,42
95120,86
95121,9
95122,52
95123,91
95124,82
95125,27
95126,94
95127,1
95128,28
95129,51
95130,13
95131,27
95132,0
95133,58
95134,43
95135,79
95136,100
95137,84
95138,77
95139,42
95140,16
95141,53
95142,14
95143,47
95144,94
95145,45
95146,48
95147,35
95148,13
95149,99
95150,90
95151,2
95152,99
95153,5
95154,90
95155,21
95156,21
95157,35
95158,95
95159,90
95160,70
95161,49
95162,75
95163,79
95164,68
95165,34
95166,8
95167,28
95168,26
95169,56
95170,95
95171,73
95172,88
95173,58
95174,41
95175,52
95176,37
95177,88
95178,3
95179,51
95180,43
95181,22
95182,73
95183,69
95184,76
95185,94
95186,68
95187,59
95188,3
95189,2
95190,93
95191,22
95192,36
95193,17
95194,98
95195,4
95196,40
95197,91
95198,37
95199,46
95200,81
95201,71
95202,11
95203,29
95204,85
95205,5
95206,60
95207,93
95208,71
95209,63
95210,92
95211,94
95212,68
95213,10
95214,61
95215,16
95216,76
95217,19
95218,94
95219,25
95220,91
95221,58
95222,24
95223,17
95224,95
95225,28
95226,66
95227,34
95228,14
95229,50
95230,2
95231,20
95232,60
95233,2
95234,52
95235,34
95236,49
95237,7
95238,47
95239,2
95240,53
95241,74
95242,1
95243,32
95244,71
95245,11
95246,18
95247,17
95248,49
95249,84
95250,21
95251,29
95252,81
95253,5
95254,0
95255,8
95256,51
95257,79
95258,28
95259,61
95260,28
95261,4
95262,82
95263,21
95264,48
95265,7
95266,81
95267,77
95268,67
95269,39
95270,90
95271,23
95272,93
95273,75
95274,12
95275,49
95276,44
95277,3
95278,89
95279,62
95280,64
95281,26
95282,86
95283,62
95284,10
95285,41
95286,84
95287,85
95288,91
95289,37
95290,69
95291,88
95292,61
95293,3
95294,33
95295,25
95296,53
95297,26
95298,38
95299,84
95300,20
95301,53
95302,55
95303,92
95304,97
95305,62
95306,90
95307,41
95308,25
95309,68
95310,19
95311,71
95312,81
95313,52
95314,68
95315,67
95316,4
95317,15
95318,8
95319,24
95320,56
95321,37
95322,7
95323,64
95324,30
95325,32
95326,54
95327,68
95328,81
95329,35
95330,83
95331,23
95332,60
95333,82
95334,27
95335,59
95336,93
95337,78
95338,72
95339,38
95340,30
95341,0
95342,12
95343,99
95344,65
95345,41
95346,36
95347,56
95348,34
95349,36
95350,74
95351,81
95352,19
95353,65
95354,87
95355,79
95356,22
95357,54
95358,56
95359,49
95360,37
95361,46
95362,92
95363,29
95364,67
95365,92
95366,42
95367,26
95368,96
95369,81
95370,63
95371,5
95372,95
95373,30
95374,75
95375,86
95376,28
95377,2
95378,96
95379,91
95380,81
95381,85
95382,19
95383,79
95384,57
95385,56
95386,70
95387,3
95388,41
95389,33
95390,99
95391,17
95392,96
95393,64
95394,24
95395,44
95396,13
95397,10
95398,51
95399,7
95400,59
95401,41
95402,15
95403,38
95404,100
95405,94
95406,41
95407,17
95408,6
95409,3
95410,95
95411,94
95412,73
95413,29
95414,49
95415,98
95416,44
95417,30
95418,94
95419,45
95420,53
95421,45
95422,96
95423,4
95424,9
95425,22
95426,6
95427,57
95428,46
95429,91
95430,20
95431,30
95432,26
95433,28
95434,9
95435,71
95436,8
95437,10
95438,21
95439,89
95440,49
95441,100
95442,39
95443,65
95444,62
95445,18
95446,15
95447,3
95448,48
95449,37
95450,6
95451,54
95452,13
95453,75
95454,84
95455,33
95456,20
95457,35
95458,62
95459,41
95460,48
95461,70
95462,84
95463,9
95464,20
95465,79
95466,62
95467,88
95468,76
95469,49
95470,26
95471,100
95472,7
95473,29
95474,94
95475,70
95476,29
95477,17
95478,22
95479,37
95480,29
95481,29
95482,71
95483,75
95484,73
95485,70
95486,38
95487,16
95488,95
95489,68
95490,84
95491,94
95492,51
95493,78
95494,12
95495,6
95496,87
95497,67
95498,59
95499,82
95500,45
95501,34
95502,28
95503,99
95504,33
95505,7
95506,65
95507,3
95508,65
95509,93
95510,56
95511,92
95512,3
95513,84
95514,72
95515,65
95516,19
95517,96
95518,54
95519,5
95520,28
95521,79
95522,99
95523,4
95524,36
95525,8
95526,95
95527,36
95528,97
95529,38
95530,62
95531,56
95532,39
95533,92
95534,63
95535,94
95536,2
95537,42
95538,24
95539,54
95540,35
95541,57
95542,76
95543,18
95544,58
95545,15
95546,93
95547,98
95548,1
95549,64
95550,58
95551,47
95552,2
95553,25
95554,91
95555,90
95556,13
95557,23
95558,34
95559,97
95560,87
95561,5
95562,61
95563,94
95564,92
95565,35
95566,28
95567,12
95568,7
95569,14
95570,32
95571,88
95572,15
95573,84
95574,51
95575,100
95576,80
95577,33
95578,76
95579,33
95580,42
95581,60
95582,78
95583,21
95584,50
95585,3
95586,48
95587,38
95588,86
95589,76
95590,71
95591,0
95592,40
95593,49
95594,80
95595,16
95596,7
95597,66
95598,92
95599,85
95600,65
95601,1
95602,16
95603,72
95604,32
95605,92
95606,92
95607,53
95608,69
95609,5
95610,51
95611,100
95612,44
95613,0
95614,79
95615,50
95616,10
95617,21
95618,33
95619,0
95620,76
95621,48
95622,48
95623,41
95624,91
95625,48
95626,12
95627,93
95628,99
95629,67
95630,13
95631,35
95632,55
95633,86
95634,68
95635,45
95636,14
95637,86
95638,7
95639,55
95640,10
95641,70
95642,22
95643,44
95644,26
95645,30
95646,46
95647,65
95648,94
95649,60
95650,7
95651,64
95652,24
95653,16
95654,29
95655,23
95656,94
95657,51
95658,62
95659,60
95660,76
95661,57
95662,78
95663,89
95664,31
95665,34
95666,15
95667,8
95668,18
95669,39
95670,39
95671,45
95672,2
95673,25
95674,100
95675,71
95676,69
95677,4
95678,84
95679,26
95680,43
95681,37
95682,71
95683,85
95684,86
95685,88
95686,70
95687,77
95688,40
95689,57
95690,28
95691,80
95692,50
95693,69
95694,95
95695,62
95696,18
95697,26
95698,93
95699,52
95700,96
95701,100
95702,44
95703,10
95704,9
95705,92
95706,85
95707,19
95708,18
95709,87
95710,91
95711,1
95712,39
95713,17
95714,81
95715,1
95716,46
95717,48
95718,22
95719,46
95720,78
95721,88
95722,44
95723,81
95724,20
95725,46
95726,31
95727,18
95728,17
95729,23
95730,46
95731,29
95732,92
95733,84
95734,20
95735,47
95736,65
95737,44
95738,0
95739,21
95740,55
95741,39
95742,37
95743,18
95744,18
95745,65
95746,92
95747,86
95748,46
95749,57
95750,56
95751,47
95752,90
95753,44
95754,86
95755,91
95756,27
95757,59
95758,4
95759,17
95760,93
95761,87
95762,36
95763,79
95764,92
95765,93
95766,24
95767,37
95768,0
95769,39
95770,54
95771,94
95772,38
95773,94
95774,96
95775,75
95776,24
95777,22
95778,42
95779,47
95780,91
95781,96
95782,37
95783,89
95784,23
95785,4
95786,59
95787,16
95788,36
95789,14
95790,65
95791,97
95792,19
95793,29
95794,15
95795,43
95796,58
95797,3
95798,30
95799,25
95800,40
95801,75
95802,1
95803,7
95804,77
95805,23
95806,39
95807,24
95808,61
95809,57
95810,70
95811,31
95812,86
95813,45
95814,25
95815,41
95816,6
95817,55
95818,46
95819,49
95820,44
95821,67
95822,43
95823,24
95824,51
95825,17
95826,6
95827,21
95828,3
95829,28
95830,87
95831,39
95832,51
95833,59
95834,40
95835,75
95836,72
95837,14
95838,76
95839,56
95840,93
95841,98
95842,34
95843,89
95844,18
95845,20
95846,84
95847,12
95848,20
95849,87
95850,25
95851,55
95852,30
95853,29
95854,23
95855,95
95856,29
95857,25
95858,81
95859,53
95860,75
95861,20
95862,22
95863,27
95864,80
95865,78
95866,22
95867,58
95868,52
95869,52
95870,33
95871,91
95872,67
95873,11
95874,1
95875,24
95876,87
95877,94
95878,67
95879,43
95880,33
95881,5
95882,94
95883,38
95884,49
95885,23
95886,88
95887,4
95888,53
95889,53
95890,9
95891,81
95892,92
95893,74
95894,93
95895,68
95896,5
95897,77
95898,15
95899,59
95900,13
95901,32
95902,100
95903,68
95904,39
95905,77
95906,39
95907,8
95908,90
95909,66
95910,73
95911,47
95912,74
95913,97
95914,64
95915,9
95916,5
95917,71
95918,61
95919,30
95920,5
95921,94
95922,33
95923,92
95924,66
95925,61
95926,85
95927,11
95928,37
95929,82
95930,6
95931,63
95932,86
95933,76
95934,3
95935,20
95936,77
95937,35
95938,6
95939,76
95940,34
95941,48
95942,96
95943,10
95944,88
95945,23
95946,21
95947,42
95948,50
95949,48
95950,21
95951,78
95952,17
95953,43
95954,31
95955,57
95956,55
95957,99
95958,73
95959,8
95960,62
95961,88
95962,3
95963,37
95964,99
95965,41
95966,100
95967,6
95968,41
95969,59
95970,89
95971,19
95972,62
95973,20
95974,4
95975,29
95976,62
95977,58
95978,37
95979,35
95980,37
95981,22
95982,22
95983,57
95984,47
95985,5
95986,45
95987,86
95988,14
95989,0
95990,99
95991,91
95992,73
95993,32
95994,23
95995,69
95996,13
95997,95
95998,82
95999,69
96000,83
96001,88
96002,83
96003,37
96004,10
96005,62
96006,31
96007,28
96008,29
96009,28
96010,85
96011,10
96012,48
96013,83
96014,77
96015,90
96016,63
96017,37
96018,59
96019,67
96020,6
96021,93
96022,73
96023,6
96024,4
96025,67
96026,46
96027,35
96028,14
96029,38
96030,37
96031,35
96032,1
96033,14
96034,83
96035,54
96036,97
96037,76
96038,59
96039,24
96040,13
96041,8
96042,48
96043,34
96044,85
96045,4
96046,100
96047,77
96048,16
96049,68
96050,76
96051,53
96052,46
96053,94
96054,48
96055,73
96056,61
96057,22
96058,92
96059,15
96060,80
96061,6
96062,42
96063,77
96064,43
96065,8
96066,70
96067,77
96068,79
96069,59
96070,9
96071,4
96072,50
96073,6
96074,21
96075,23
96076,41
96077,21
96078,34
96079,54
96080,2
96081,70
96082,18
96083,41
96084,45
96085,71
96086,86
96087,19
96088,32
96089,5
96090,14
96091,68
96092,77
96093,72
96094,89
96095,95
96096,30
96097,5
96098,0
96099,18
96100,14
96101,33
96102,63
96103,82
96104,48
96105,74
96106,81
96107,87
96108,45
96109,50
96110,72
96111,10
96112,3
96113,81
96114,86
96115,40
96116,100
96117,63
96118,0
96119,88
96120,8
96121,38
96122,64
96123,16
96124,66
96125,86
96126,0
96127,23
96128,76
96129,19
96130,63
96131,19
96132,75
96133,80
96134,84
96135,39
96136,87
96137,29
96138,22
96139,22
96140,55
96141,46
96142,16
96143,1
96144,87
96145,32
96146,14
96147,31
96148,33
96149,59
96150,85
96151,30
96152,14
96153,19
96154,86
96155,30
96156,1
96157,12
96158,95
96159,15
96160,14
96161,24
96162,75
96163,27
96164,11
96165,84
96166,75
96167,53
96168,57
96169,15
96170,61
96171,73
96172,9
96173,65
96174,90
96175,51
96176,29
96177,96
96178,15
96179,9
96180,14
96181,25
96182,60
96183,14
96184,5
96185,80
96186,0
96187,86
96188,97
96189,34
96190,88
96191,0
96192,88
96193,37
96194,79
96195,40
96196,11
96197,63
96198,9
96199,26
96200,38
96201,70
96202,69
96203,44
96204,10
96205,23
96206,56
96207,39
96208,88
96209,36
96210,2
96211,67
96212,67
96213,0
96214,93
96215,78
96216,44
96217,30
96218,36
96219,68
96220,42
96221,84
96222,98
96223,3
96224,70
96225,28
96226,99
96227,98
96228,95
96229,10
96230,32
96231,52
96232,16
96233,11
96234,0
96235,55
96236,22
96237,6
96238,77
96239,40
96240,52
96241,6
96242,77
96243,97
96244,65
96245,83
96246,80
96247,73
96248,52
96249,4
96250,96
96251,100
96252,35
96253,43
96254,10
96255,63
96256,20
96257,3
96258,88
96259,34
96260,34
96261,34
96262,38
96263,32
96264,76
96265,67
96266,43
96267,50
96268,37
96269,41
96270,44
96271,29
96272,90
96273,34
96274,27
96275,40
96276,44
96277,47
96278,54
96279,7
96280,25
96281,97
96282,28
96283,54
96284,65
96285,69
96286,47
96287,79
96288,6
96289,74
96290,79
96291,5
96292,36
96293,8
96294,2
96295,52
96296,92
96297,7
96298,39
96299,16
96300,69
96301,46
96302,10
96303,9
96304,60
96305,1
96306,28
96307,69
96308,50
96309,72
96310,65
96311,67
96312,56
96313,40
96314,93
96315,63
96316,3
96317,0
96318,74
96319,6
96320,81
96321,7
96322,93
96323,78
96324,57
96325,9
96326,65
96327,78
96328,21
96329,51
96330,97
96331,48
96332,66
96333,3
96334,88
96335,56
96336,68
96337,75
96338,52
96339,54
96340,23
96341,82
96342,95
96343,11
96344,100
96345,54
96346,46
96347,26
96348,17
96349,88
96350,50
96351,86
96352,59
96353,56
96354,66
96355,1
96356,10
96357,100
96358,93
96359,12
96360,39
96361,5
96362,11
96363,42
96364,71
96365,72
96366,3
96367,36
96368,35
96369,31
96370,56
96371,11
96372,17
96373,60
96374,30
96375,39
96376,45
96377,38
96378,62
96379,92
96380,54
96381,39
96382,28
96383,90
96384,10
96385,96
96386,38
96387,81
96388,43
96389,19
96390,91
96391,85
96392,95
96393,84
96394,100
96395,26
96396,37
96397,89
96398,86
96399,97
96400,75
96401,10
96402,35
96403,31
96404,100
96405,61
96406,15
96407,41
96408,30
96409,69
96410,12
96411,35
96412,74
96413,10
96414,47
96415,19
96416,28
96417,18
96418,93
96419,5
96420,55
96421,80
96422,81
96423,99
96424,17
96425,75
96426,41
96427,59
96428,55
96429,2
96430,81
96431,79
96432,38
96433,42
96434,27
96435,41
96436,8
96437,83
96438,17
96439,88
96440,20
96441,25
96442,22
96443,9
96444,43
96445,12
96446,52
96447,36
96448,55
96449,58
96450,11
96451,99
96452,2
96453,13
96454,34
96455,97
96456,92
96457,29
96458,70
96459,65
96460,17
96461,25
96462,80
96463,45
96464,11
96465,57
96466,56
96467,31
96468,92
96469,63
96470,73
96471,99
96472,65
96473,36
96474,13
96475,9
96476,64
96477,63
96478,40
96479,20
96480,68
96481,8
96482,8
96483,17
96484,68
96485,61
96486,15
96487,97
96488,3
96489,20
96490,100
96491,43
96492,77
96493,90
96494,75
96495,26
96496,33
96497,3
96498,50
96499,1
96500,31
96501,1
96502,57
96503,21
96504,18
96505,89
96506,19
96507,99
96508,17
96509,49
96510,13
96511,19
96512,44
96513,87
96514,46
96515,56
96516,30
96517,51
96518,99
96519,78
96520,45
96521,6
96522,48
96523,22
96524,92
96525,40
96526,3
96527,94
96528,81
96529,30
96530,46
96531,99
96532,17
96533,73
96534,6
96535,37
96536,44
96537,27
96538,58
96539,17
96540,94
96541,8
96542,15
96543,61
96544,39
96545,88
96546,100
96547,93
96548,57
96549,65
96550,68
96551,93
96552,18
96553,77
96554,26
96555,29
96556,44
96557,77
96558,30
96559,35
96560,38
96561,49
96562,93
96563,37
96564,10
96565,80
96566,73
96567,15
96568,50
96569,74
96570,38
96571,91
96572,84
96573,91
96574,22
96575,64
96576,48
96577,60
96578,53
96579,12
96580,71
96581,82
96582,23
96583,48
96584,36
96585,88
96586,25
96587,41
96588,90
96589,95
96590,2
96591,60
96592,42
96593,72
96594,64
96595,17
96596,66
96597,13
96598,63
96599,31
96600,67
96601,59
96602,100
96603,20
96604,26
96605,4
96606,66
96607,85
96608,83
96609,40
96610,1
96611,42
96612,0
96613,22
96614,62
96615,47
96616,24
96617,89
96618,66
96619,94
96620,90
96621,76
96622,46
96623,96
96624,88
96625,55
96626,58
96627,15
96628,46
96629,89
96630,53
96631,46
96632,51
96633,17
96634,80
96635,45
96636,88
96637,25
96638,17
96639,48
96640,64
96641,6
96642,29
96643,96
96644,24
96645,24
96646,26
96647,34
96648,81
96649,29
96650,13
96651,34
96652,33
96653,83
96654,14
96655,6
96656,12
96657,99
96658,39
96659,59
96660,33
96661,12
96662,3
96663,12
96664,47
96665,12
96666,86
96667,92
96668,32
96669,22
96670,66
96671,31
96672,54
96673,2
96674,11
96675,55
96676,67
96677,32
96678,31
96679,16
96680,51
96681,72
96682,4
96683,20
96684,2
96685,66
96686,36
96687,34
96688,32
96689,53
96690,2
96691,47
96692,17
96693,2
96694,92
96695,100
96696,4
96697,8
96698,75
96699,15
96700,90
96701,72
96702,49
96703,56
96704,56
96705,85
96706,16
96707,64
96708,56
96709,62
96710,66
96711,4
96712,21
96713,0
96714,46
96715,48
96716,3
96717,21
96718,87
96719,54
96720,31
96721,65
96722,99
96723,68
96724,70
96725,99
96726,7
96727,35
96728,11
96729,27
96730,1
96731,77
96732,18
96733,84
96734,93
96735,48
96736,36
96737,51
96738,84
96739,91
96740,59
96741,96
96742,41
96743,6
96744,41
96745,56
96746,15
96747,100
96748,24
96749,37
96750,43
96751,37
96752,44
96753,29
96754,80
96755,15
96756,3
96757,93
96758,83
96759,34
96760,60
96761,4
96762,77
96763,40
96764,40
96765,27
96766,9
96767,51
96768,93
96769,31
96770,75
96771,44
96772,15
96773,89
96774,63
96775,34
96776,79
96777,16
96778,86
96779,41
96780,21
96781,49
96782,20
96783,97
96784,45
96785,56
96786,4
96787,51
96788,30
96789,32
96790,46
96791,2
96792,52
96793,82
96794,55
96795,17
96796,27
96797,14
96798,49
96799,32
96800,27
96801,45
96802,71
96803,93
96804,0
96805,70
96806,54
96807,57
96808,77
96809,20
96810,55
96811,69
96812,16
96813,77
96814,6
96815,78
96816,71
96817,59
96818,47
96819,9
96820,92
96821,40
96822,18
96823,61
96824,65
96825,7
96826,29
96827,35
96828,49
96829,81
96830,1
96831,4
96832,45
96833,76
96834,39
96835,56
96836,10
96837,71
96838,37
96839,16
96840,74
96841,25
96842,38
96843,97
96844,66
96845,24
96846,87
96847,86
96848,29
96849,45
96850,40
96851,90
96852,49
96853,43
96854,9
96855,72
96856,1
96857,20
96858,74
96859,73
96860,24
96861,68
96862,21
96863,68
96864,72
96865,10
96866,43
96867,4
96868,5
96869,96
96870,15
96871,45
96872,23
96873,13
96874,23
96875,75
96876,22
96877,38
96878,5
96879,20
96880,72
96881,45
96882,99
96883,40
96884,58
96885,68
96886,41
96887,94
96888,58
96889,34
96890,40
96891,66
96892,82
96893,82
96894,64
96895,85
96896,18
96897,89
96898,78
96899,18
96900,24
96901,38
96902,94
96903,93
96904,32
96905,79
96906,39
96907,11
96908,91
96909,29
96910,69
96911,41
96912,13
96913,4
96914,35
96915,58
96916,56
96917,86
96918,59
96919,95
96920,94
96921,77
96922,95
96923,62
96924,48
96925,90
96926,64
96927,51
96928,8
96929,15
96930,34
96931,73
96932,15
96933,93
96934,32
96935,50
96936,60
96937,78
96938,58
96939,71
96940,3
96941,1
96942,70
96943,57
96944,61
96945,97
96946,24
96947,70
96948,24
96949,65
96950,25
96951,99
96952,54
96953,2
96954,45
96955,28
96956,57
96957,10
96958,20
96959,42
96960,3
96961,68
96962,69
96963,21
96964,5
96965,77
96966,21
96967,15
96968,95
96969,35
96970,49
96971,57
96972,70
96973,86
96974,50
96975,77
96976,46
96977,52
96978,5
96979,24
96980,2
96981,12
96982,52
96983,66
96984,30
96985,66
96986,80
96987,54
96988,65
96989,4
96990,8
96991,28
96992,34
96993,99
96994,34
96995,49
96996,29
96997,14
96998,28
96999,24
97000,74
97001,100
97002,56
97003,50
97004,67
97005,57
97006,11
97007,95
97008,68
97009,100
97010,36
97011,24
97012,67
97013,23
97014,35
97015,1
97016,34
97017,99
97018,7
97019,72
97020,27
97021,59
97022,53
97023,43
97024,9
97025,4
97026,100
97027,46
97028,30
97029,28
97030,2
97031,25
97032,94
97033,1
97034,78
97035,76
97036,91
97037,55
97038,13
97039,75
97040,14
97041,84
97042,92
97043,44
97044,98
97045,46
97046,19
97047,17
97048,78
97049,60
97050,75
97051,97
97052,4
97053,57
97054,80
97055,76
97056,59
97057,12
97058,99
97059,79
97060,39
97061,66
97062,51
97063,1
97064,88
97065,52
97066,66
97067,10
97068,10
97069,9
97070,27
97071,10
97072,6
97073,28
97074,64
97075,51
97076,14
97077,6
97078,67
97079,54
97080,2
97081,19
97082,2
97083,28
97084,19
97085,9
97086,60
97087,98
97088,89
97089,93
97090,89
97091,36
97092,83
97093,50
97094,41
97095,72
97096,74
97097,96
97098,29
97099,93
97100,44
97101,86
97102,99
97103,23
97104,30
97105,22
97106,52
97107,41
97108,35
97109,33
97110,84
97111,25
97112,70
97113,24
97114,2
97115,42
97116,81
97117,5
97118,53
97119,51
97120,12
97121,65
97122,55
97123,46
97124,76
97125,64
97126,65
97127,67
97128,12
97129,29
97130,75
97131,32
97132,37
97133,42
97134,97
97135,2
97136,42
97137,72
97138,70
97139,3
97140,91
97141,31
97142,0
97143,12
97144,35
97145,25
97146,76
97147,21
97148,87
97149,10
97150,24
97151,78
97152,44
97153,35
97154,33
97155,33
97156,31
97157,24
97158,66
97159,58
97160,56
97161,28
97162,20
97163,72
97164,84
97165,20
97166,70
97167,46
97168,31
97169,21
97170,41
97171,10
97172,57
97173,97
97174,77
97175,40
97176,85
97177,24
97178,15
97179,96
97180,65
97181,69
97182,33
97183,45
97184,47
97185,36
97186,21
97187,79
97188,6
97189,46
97190,76
97191,16
97192,2
97193,11
97194,69
97195,75
97196,74
97197,18
97198,30
97199,1
97200,95
97201,17
97202,54
97203,3
97204,21
97205,77
97206,77
97207,100
97208,92
97209,33
97210,47
97211,69
97212,75
97213,23
97214,44
97215,92
97216,9
97217,45
97218,35
97219,97
97220,50
97221,31
97222,31
97223,14
97224,8
97225,57
97226,35
97227,21
97228,12
97229,40
97230,77
97231,25
97232,60
97233,43
97234,88
97235,85
97236,29
97237,76
97238,95
97239,36
97240,57
97241,82
97242,34
97243,48
97244,58
97245,92
97246,6
97247,34
97248,38
97249,5
97250,77
97251,91
97252,64
97253,84
97254,26
97255,85
97256,10
97257,8
97258,9
97259,53
97260,42
97261,49
97262,45
97263,62
97264,48
97265,94
97266,95
97267,30
97268,62
97269,7
97270,39
97271,59
97272,50
97273,4
97274,30
97275,6
97276,44
97277,46
97278,13
97279,24
97280,84
97281,46
97282,92
97283,45
97284,44
97285,30
97286,51
97287,3
97288,45
97289,28
97290,48
97291,64
97292,95
97293,0
97294,67
97295,83
97296,58
97297,36
97298,77
97299,51
97300,77
97301,1
97302,20
97303,28
97304,75
97305,81
97306,37
97307,31
97308,40
97309,21
97310,99
97311,41
97312,11
97313,56
97314,84
97315,7
97316,27
97317,56
97318,52
97319,85
97320,79
97321,75
97322,16
97323,20
97324,50
97325,6
97326,60
97327,83
97328,99
97329,53
97330,40
97331,59
97332,43
97333,76
97334,28
97335,42
97336,36
97337,60
97338,58
97339,60
97340,71
97341,19
97342,43
97343,55
97344,47
97345,73
97346,14
97347,75
97348,55
97349,55
97350,45
97351,56
97352,44
97353,79
97354,41
97355,61
97356,7
97357,83
97358,13
97359,100
97360,25
97361,40
97362,28
97363,62
97364,12
97365,97
97366,85
97367,89
97368,97
97369,58
97370,46
97371,87
97372,20
97373,94
97374,11
97375,23
97376,20
97377,3
97378,24
97379,7
97380,35
97381,33
97382,49
97383,90
97384,27
97385,61
97386,92
97387,92
97388,73
97389,43
97390,31
97391,7
97392,53
97393,16
97394,11
97395,89
97396,66
97397,74
97398,77
97399,70
97400,25
97401,100
97402,32
97403,43
97404,31
97405,37
97406,83
97407,9
97408,78
97409,78
97410,69
97411,88
97412,0
97413,69
97414,76
97415,74
97416,87
97417,83
97418,89
97419,24
97420,51
97421,51
97422,11
97423,45
97424,8
97425,44
97426,35
97427,8
97428,96
97429,39
97430,33
97431,87
97432,52
97433,44
97434,96
97435,32
97436,28
97437,37
97438,47
97439,76
97440,81
97441,58
97442,61
97443,34
97444,46
97445,58
97446,58
97447,1
97448,88
97449,59
97450,5
97451,24
97452,52
97453,83
97454,77
97455,3
97456,71
97457,97
97458,91
97459,55
97460,1
97461,16
97462,67
97463,47
97464,97
97465,26
97466,82
97467,91
97468,33
97469,95
97470,40
97471,94
97472,5
97473,5
97474,27
97475,7
97476,0
97477,79
97478,82
97479,17
97480,93
97481,79
97482,96
97483,91
97484,46
97485,79
97486,10
97487,5
97488,13
97489,99
97490,21
97491,86
97492,30
97493,27
97494,18
97495,85
97496,0
97497,66
97498,71
97499,12
97500,50
97501,0
97502,28
97503,12
97504,41
97505,28
97506,93
97507,15
97508,59
97509,33
97510,39
97511,66
97512,92
97513,93
97514,54
97515,57
97516,51
97517,63
97518,97
97519,3
97520,47
97521,71
97522,17
97523,85
97524,9
97525,13
97526,50
97527,94
97528,98
97529,45
97530,65
97531,60
97532,1
97533,34
97534,33
97535,92
97536,69
97537,67
97538,64
97539,34
97540,47
97541,46
97542,89
97543,92
97544,10
97545,61
97546,3
97547,85
97548,32
97549,33
97550,94
97551,73
97552,34
97553,52
97554,27
97555,22
97556,48
97557,75
97558,92
97559,1
97560,76
97561,99
97562,25
97563,16
97564,42
97565,96
97566,58
97567,85
97568,65
97569,73
97570,38
97571,25
97572,93
97573,21
97574,74
97575,21
97576,87
97577,57
97578,28
97579,9
97580,97
97581,24
97582,20
97583,60
97584,38
97585,76
97586,65
97587,5
97588,0
97589,27
97590,85
97591,10
97592,38
97593,68
97594,17
97595,19
97596,75
97597,84
97598,90
97599,57
97600,49
97601,40
97602,97
97603,17
97604,33
97605,65
97606,77
97607,64
97608,91
97609,26
97610,29
97611,85
97612,75
97613,0
97614,96
97615,40
97616,61
97617,0
97618,4
97619,47
97620,4
97621,70
97622,83
97623,25
97624,48
97625,69
97626,89
97627,60
97628,2
97629,38
97630,77
97631,48
97632,13
97633,19
97634,57
97635,43
97636,8
97637,62
97638,61
97639,5
97640,65
97641,42
97642,63
97643,96
97644,43
97645,4
97646,12
97647,14
97648,33
97649,55
97650,72
97651,89
97652,29
97653,55
97654,85
97655,24
97656,67
97657,46
97658,27
97659,36
97660,73
97661,72
97662,35
97663,0
97664,93
97665,74
97666,24
97667,74
97668,40
97669,54
97670,68
97671,90
97672,86
97673,56
97674,82
97675,2
97676,7
97677,47
97678,58
97679,35
97680,54
97681,78
97682,76
97683,93
97684,40
97685,73
97686,58
97687,33
97688,29
97689,88
97690,61
97691,69
97692,54
97693,100
97694,80
97695,99
97696,95
97697,21
97698,96
97699,21
97700,99
97701,81
97702,91
97703,12
97704,81
97705,22
97706,98
97707,17
97708,73
97709,65
97710,13
97711,31
97712,29
97713,18
97714,68
97715,47
97716,95
97717,73
97718,4
97719,77
97720,38
97721,42
97722,18
97723,74
97724,98
97725,38
97726,85
97727,58
97728,93
97729,51
97730,93
97731,49
97732,74
97733,85
97734,9
97735,82
97736,14
97737,59
97738,34
97739,34
97740,0
97741,46
97742,62
97743,17
97744,25
97745,59
97746,17
97747,62
97748,40
97749,81
97750,42
97751,81
97752,95
97753,37
97754,26
97755,48
97756,55
97757,92
97758,48
97759,40
97760,83
97761,59
97762,98
97763,86
97764,55
97765,75
97766,61
97767,98
97768,61
97769,99
97770,41
97771,27
97772,36
97773,19
97774,34
97775,53
97776,70
97777,97
97778,5
97779,18
97780,7
97781,47
97782,93
97783,65
97784,15
97785,23
97786,24
97787,12
97788,72
97789,29
97790,8
97791,62
97792,39
97793,6
97794,79
97795,31
97796,60
97797,59
97798,92
97799,50
97800,39
97801,78
97802,10
97803,72
97804,15
97805,24
97806,31
97807,73
97808,9
97809,93
97810,56
97811,83
97812,40
97813,97
97814,64
97815,31
97816,94
97817,47
97818,53
97819,74
97820,40
97821,82
97822,60
97823,6
97824,52
97825,92
97826,52
97827,99
97828,96
97829,99
97830,25
97831,92
97832,60
97833,92
97834,34
97835,2
97836,68
97837,96
97838,63
97839,10
97840,5
97841,1
97842,76
97843,64
97844,90
97845,39
97846,14
97847,98
97848,29
97849,5
97850,97
97851,20
97852,95
97853,56
97854,54
97855,83
97856,98
97857,62
97858,8
97859,51
97860,36
97861,69
97862,73
97863,8
97864,96
97865,15
97866,31
97867,83
97868,83
97869,2
97870,13
97871,20
97872,71
97873,87
97874,46
97875,20
97876,41
97877,95
97878,16
97879,39
97880,57
97881,3
97882,41
97883,86
97884,56
97885,35
97886,51
97887,21
97888,88
97889,67
97890,9
97891,23
97892,34
97893,77
97894,19
97895,51
97896,13
97897,38
97898,72
97899,33
97900,83
97901,66
97902,75
97903,11
97904,41
97905,85
97906,98
97907,30
97908,70
97909,8
97910,50
97911,36
97912,21
97913,8
97914,79
97915,63
97916,62
97917,84
97918,72
97919,11
97920,26
97921,46
97922,72
97923,90
97924,27
97925,34
97926,37
97927,95
97928,40
97929,66
97930,55
97931,8
97932,2
97933,50
97934,99
97935,76
97936,48
97937,97
97938,93
97939,79
97940,96
97941,34
97942,15
97943,39
97944,68
97945,7
97946,53
97947,32
97948,50
97949,93
97950,1
97951,37
97952,55
97953,19
97954,51
97955,8
97956,64
97957,65
97958,18
97959,15
97960,68
97961,95
97962,19
97963,51
97964,13
97965,76
97966,90
97967,34
97968,56
97969,33
97970,58
97971,79
97972,27
97973,42
97974,34
97975,14
97976,2
97977,90
97978,26
97979,3
97980,84
97981,21
97982,68
97983,22
97984,86
97985,12
97986,59
97987,26
97988,49
97989,78
97990,11
97991,9
97992,48
97993,91
97994,34
97995,37
97996,53
97997,19
97998,11
97999,2
98000,1
98001,91
98002,21
98003,34
98004,8
98005,86
98006,16
98007,13
98008,31
98009,58
98010,57
98011,35
98012,32
98013,73
98014,63
98015,12
98016,33
98017,4
98018,69
98019,32
98020,4
98021,87
98022,71
98023,17
98024,88
98025,17
98026,99
98027,25
98028,83
98029,19
98030,87
98031,83
98032,3
98033,21
98034,88
98035,84
98036,81
98037,72
98038,8
98039,58
98040,32
98041,6
98042,32
98043,65
98044,71
98045,96
98046,58
98047,34
98048,92
98049,31
98050,0
98051,94
98052,51
98053,34
98054,39
98055,43
98056,38
98057,19
98058,96
98059,86
98060,2
98061,52
98062,11
98063,7
98064,63
98065,40
98066,10
98067,25
98068,86
98069,37
98070,4
98071,31
98072,68
98073,14
98074,60
98075,51
98076,86
98077,27
98078,18
98079,53
98080,80
98081,14
98082,12
98083,86
98084,81
98085,22
98086,79
98087,61
98088,83
98089,24
98090,31
98091,20
98092,0
98093,27
98094,90
98095,90
98096,99
98097,11
98098,78
98099,19
98100,82
98101,50
98102,25
98103,84
98104,100
98105,42
98106,49
98107,73
98108,27
98109,25
98110,76
98111,24
98112,30
98113,83
98114,78
98115,17
98116,39
98117,86
98118,66
98119,62
98120,10
98121,26
98122,36
98123,11
98124,96
98125,27
98126,5
98127,69
98128,43
98129,84
98130,88
98131,46
98132,35
98133,81
98134,43
98135,68
98136,22
98137,22
98138,86
98139,34
98140,92
98141,68
98142,60
98143,80
98144,37
98145,51
98146,1
98147,18
98148,62
98149,66
98150,93
98151,96
98152,22
98153,25
98154,29
98155,18
98156,38
98157,89
98158,95
98159,27
98160,72
98161,60
98162,47
98163,94
98164,78
98165,95
98166,12
98167,85
98168,10
98169,96
98170,87
98171,39
98172,50
98173,69
98174,79
98175,29
98176,29
98177,77
98178,53
98179,6
98180,66
98181,94
98182,9
98183,96
98184,60
98185,36
98186,14
98187,49
98188,3
98189,100
98190,41
98191,67
98192,9
98193,21
98194,30
98195,99
98196,75
98197,72
98198,27
98199,97
98200,68
98201,93
98202,79
98203,18
98204,77
98205,46
98206,23
98207,55
98208,10
98209,76
98210,73
98211,92
98212,90
98213,53
98214,58
98215,64
98216,31
98217,17
98218,3
98219,79
98220,81
98221,84
98222,50
98223,46
98224,53
98225,24
98226,9
98227,6
98228,64
98229,96
98230,96
98231,18
98232,6
98233,44
98234,77
98235,37
98236,6
98237,45
98238,66
98239,74
98240,7
98241,89
98242,2
98243,92
98244,11
98245,81
98246,42
98247,6
98248,93
98249,47
98250,79
98251,44
98252,24
98253,3
98254,3
98255,49
98256,57
98257,64
98258,66
98259,27
98260,74
98261,36
98262,1
98263,72
98264,60
98265,80
98266,95
98267,50
98268,30
98269,84
98270,80
98271,80
98272,42
98273,90
98274,27
98275,38
98276,64
98277,15
98278,66
98279,78
98280,67
98281,35
98282,29
98283,92
98284,22
98285,62
98286,68
98287,46
98288,10
98289,18
98290,61
98291,71
98292,42
98293,74
98294,8
98295,24
98296,88
98297,77
98298,30
98299,12
98300,64
98301,29
98302,72
98303,28
98304,94
98305,17
98306,2
98307,34
98308,65
98309,3
98310,40
98311,78
98312,80
98313,89
98314,94
98315,29
98316,86
98317,93
98318,10
98319,32
98320,37
98321,4
98322,58
98323,98
98324,50
98325,64
98326,67
98327,57
98328,47
98329,57
98330,36
98331,6
98332,59
98333,58
98334,9
98335,32
98336,50
98337,77
98338,35
98339,37
98340,54
98341,29
98342,25
98343,94
98344,41
98345,46
98346,18
98347,76
98348,86
98349,82
98350,79
98351,24
98352,89
98353,84
98354,17
98355,8
98356,87
98357,16
98358,93
98359,3
98360,54
98361,53
98362,27
98363,39
98364,8
98365,35
98366,7
98367,61
98368,85
98369,88
98370,48
98371,69
98372,89
98373,41
98374,1
98375,30
98376,75
98377,18
98378,100
98379,100
98380,64
98381,73
98382,59
98383,61
98384,59
98385,97
98386,15
98387,6
98388,76
98389,67
98390,94
98391,73
98392,11
98393,97
98394,91
98395,4
98396,91
98397,46
98398,10
98399,33
98400,78
98401,50
98402,4
98403,47
98404,84
98405,30
98406,39
98407,6
98408,98
98409,84
98410,39
98411,68
98412,13
98413,97
98414,9
98415,81
98416,80
98417,48
98418,95
98419,16
98420,85
98421,88
98422,50
98423,79
98424,61
98425,29
98426,54
98427,33
98428,68
98429,32
98430,4
98431,41
98432,2
98433,62
98434,37
98435,12
98436,7
98437,60
98438,29
98439,49
98440,68
98441,37
98442,58
98443,94
98444,1
98445,56
98446,6
98447,79
98448,9
98449,28
98450,93
98451,83
98452,33
98453,71
98454,97
98455,97
98456,44
98457,99
98458,70
98459,57
98460,77
98461,83
98462,100
98463,32
98464,94
98465,96
98466,89
98467,89
98468,50
98469,63
98470,37
98471,79
98472,11
98473,62
98474,64
98475,59
98476,19
98477,65
98478,94
98479,17
98480,41
98481,73
98482,5
98483,65
98484,79
98485,68
98486,85
98487,21
98488,21
98489,64
98490,99
98491,48
98492,76
98493,11
98494,62
98495,12
98496,61
98497,58
98498,10
98499,81
98500,85
98501,0
98502,67
98503,8
98504,2
98505,71
98506,8
98507,81
98508,68
98509,21
98510,100
98511,68
98512,22
98513,79
98514,4
98515,100
98516,38
98517,2
98518,25
98519,7
98520,84
98521,51
98522,81
98523,68
98524,5
98525,26
98526,85
98527,21
98528,55
98529,42
98530,26
98531,44
98532,45
98533,32
98534,94
98535,27
98536,93
98537,97
98538,80
98539,50
98540,63
98541,34
98542,35
98543,5
98544,92
98545,57
98546,22
98547,13
98548,72
98549,55
98550,78
98551,24
98552,19
98553,85
98554,70
98555,17
98556,16
98557,13
98558,25
98559,31
98560,92
98561,58
98562,70
98563,56
98564,72
98565,11
98566,2
98567,31
98568,96
98569,14
98570,8
98571,48
98572,43
98573,80
98574,27
98575,44
98576,12
98577,46
98578,20
98579,49
98580,46
98581,4
98582,6
98583,37
98584,36
98585,82
98586,31
98587,55
98588,42
98589,66
98590,98
98591,26
98592,50
98593,47
98594,71
98595,52
98596,82
98597,93
98598,47
98599,9
98600,93
98601,8
98602,85
98603,94
98604,45
98605,9
98606,35
98607,9
98608,26
98609,78
98610,18
98611,10
98612,31
98613,19
98614,45
98615,59
98616,78
98617,67
98618,16
98619,64
98620,56
98621,18
98622,4
98623,81
98624,80
98625,54
98626,3
98627,51
98628,18
98629,30
98630,2
98631,66
98632,28
98633,52
98634,7
98635,4
98636,63
98637,94
98638,26
98639,32
98640,57
98641,61
98642,81
98643,87
98644,25
98645,94
98646,13
98647,88
98648,31
98649,40
98650,13
98651,47
98652,47
98653,90
98654,85
98655,37
98656,6
98657,32
98658,96
98659,23
98660,25
98661,49
98662,41
98663,94
98664,90
98665,12
98666,30
98667,95
98668,22
98669,36
98670,58
98671,57
98672,15
98673,38
98674,71
98675,81
98676,90
98677,8
98678,63
98679,91
98680,21
98681,74
98682,53
98683,21
98684,13
98685,86
98686,65
98687,78
98688,49
98689,4
98690,92
98691,96
98692,93
98693,16
98694,0
98695,13
98696,54
98697,16
98698,8
98699,98
98700,94
98701,11
98702,65
98703,14
98704,33
98705,36
98706,52
98707,40
98708,93
98709,77
98710,3
98711,7
98712,86
98713,70
98714,16
98715,21
98716,89
98717,7
98718,21
98719,39
98720,21
98721,4
98722,8
98723,59
98724,19
98725,85
98726,33
98727,98
98728,35
98729,82
98730,91
98731,70
98732,37
98733,66
98734,31
98735,45
98736,94
98737,24
98738,63
98739,32
98740,46
98741,68
98742,28
98743,58
98744,30
98745,25
98746,62
98747,57
98748,84
98749,97
98750,100
98751,48
98752,64
98753,58
98754,61
98755,67
98756,46
98757,21
98758,79
98759,63
98760,45
98761,58
98762,31
98763,97
98764,84
98765,90
98766,36
98767,66
98768,51
98769,42
98770,33
98771,60
98772,70
98773,92
98774,66
98775,44
98776,40
98777,51
98778,65
98779,11
98780,14
98781,15
98782,2
98783,26
98784,22
98785,63
98786,32
98787,47
98788,90
98789,87
98790,54
98791,26
98792,46
98793,30
98794,78
98795,34
98796,35
98797,23
98798,16
98799,44
98800,97
98801,61
98802,0
98803,19
98804,69
98805,68
98806,63
98807,92
98808,69
98809,49
98810,52
98811,96
98812,37
98813,51
98814,92
98815,60
98816,73
98817,95
98818,24
98819,91
98820,28
98821,34
98822,46
98823,56
98824,31
98825,45
98826,35
98827,70
98828,9
98829,45
98830,97
98831,96
98832,25
98833,47
98834,47
98835,12
98836,29
98837,95
98838,96
98839,69
98840,99
98841,65
98842,6
98843,55
98844,29
98845,54
98846,89
98847,88
98848,32
98849,41
98850,5
98851,7
98852,72
98853,74
98854,87
98855,69
98856,39
98857,55
98858,79
98859,16
98860,87
98861,6
98862,39
98863,57
98864,61
98865,90
98866,73
98867,53
98868,8
98869,50
98870,9
98871,48
98872,29
98873,8
98874,45
98875,25
98876,63
98877,33
98878,98
98879,26
98880,83
98881,87
98882,26
98883,40
98884,82
98885,17
98886,49
98887,42
98888,40
98889,75
98890,17
98891,60
98892,71
98893,99
98894,52
98895,79
98896,52
98897,12
98898,25
98899,89
98900,55
98901,84
98902,60
98903,49
98904,20
98905,7
98906,96
98907,69
98908,63
98909,49
98910,1
98911,71
98912,69
98913,5
98914,21
98915,88
98916,45
98917,94
98918,60
98919,34
98920,61
98921,68
98922,85
98923,56
98924,24
98925,81
98926,72
98927,24
98928,92
98929,32
98930,7
98931,12
98932,60
98933,7
98934,26
98935,53
98936,2
98937,32
98938,94
98939,27
98940,84
98941,51
98942,28
98943,92
98944,60
98945,72
98946,60
98947,21
98948,71
98949,56
98950,44
98951,80
98952,86
98953,29
98954,78
98955,13
98956,88
98957,79
98958,47
98959,17
98960,31
98961,37
98962,52
98963,14
98964,36
98965,48
98966,32
98967,12
98968,70
98969,63
98970,18
98971,84
98972,55
98973,36
98974,57
98975,8
98976,3
98977,94
98978,70
98979,12
98980,62
98981,62
98982,60
98983,35
98984,7
98985,89
98986,26
98987,25
98988,44
98989,41
98990,13
98991,83
98992,91
98993,71
98994,51
98995,68
98996,52
98997,50
98998,76
98999,1
99000,47
99001,77
99002,48
99003,58
99004,66
99005,79
99006,8
99007,1
99008,74
99009,87
99010,42
99011,92
99012,13
99013,39
99014,54
99015,58
99016,85
99017,46
99018,33
99019,35
99020,32
99021,62
99022,17
99023,21
99024,88
99025,100
99026,4
99027,31
99028,48
99029,35
99030,72
99031,13
99032,63
99033,31
99034,8
99035,86
99036,47
99037,51
99038,8
99039,84
99040,31
99041,9
99042,92
99043,97
99044,85
99045,68
99046,10
99047,57
99048,27
99049,87
99050,33
99051,52
99052,39
99053,63
99054,9
99055,25
99056,42
99057,70
99058,43
99059,70
99060,56
99061,47
99062,78
99063,61
99064,60
99065,66
99066,44
99067,60
99068,89
99069,70
99070,1
99071,73
99072,93
99073,46
99074,66
99075,28
99076,62
99077,24
99078,3
99079,46
99080,68
99081,62
99082,5
99083,82
99084,17
99085,35
99086,75
99087,87
99088,56
99089,29
99090,13
99091,38
99092,1
99093,33
99094,57
99095,83
99096,99
99097,86
99098,34
99099,33
99100,84
99101,7
99102,42
99103,62
99104,61
99105,93
99106,19
99107,51
99108,83
99109,86
99110,83
99111,45
99112,86
99113,3
99114,61
99115,9
99116,39
99117,4
99118,95
99119,17
99120,60
99121,56
99122,62
99123,88
99124,80
99125,4
99126,98
99127,20
99128,99
99129,18
99130,22
99131,68
99132,32
99133,3
99134,96
99135,34
99136,58
99137,41
99138,89
99139,100
99140,85
99141,74
99142,48
99143,89
99144,40
99145,76
99146,77
99147,48
99148,70
99149,79
99150,83
99151,45
99152,63
99153,49
99154,42
99155,26
99156,33
99157,85
99158,62
99159,100
99160,66
99161,26
99162,6
99163,98
99164,22
99165,65
99166,87
99167,1
99168,35
99169,57
99170,80
99171,10
99172,6
99173,65
99174,78
99175,30
99176,45
99177,69
99178,100
99179,52
99180,92
99181,67
99182,45
99183,36
99184,75
99185,26
99186,24
99187,11
99188,59
99189,16
99190,49
99191,75
99192,94
99193,8
99194,82
99195,28
99196,24
99197,14
99198,8
99199,12
99200,46
99201,43
99202,2
99203,73
99204,17
99205,9
99206,35
99207,91
99208,56
99209,2
99210,19
99211,17
99212,48
99213,36
99214,19
99215,73
99216,97
99217,63
99218,21
99219,20
99220,96
99221,79
99222,34
99223,99
99224,0
99225,11
99226,12
99227,7
99228,30
99229,4
99230,43
99231,50
99232,99
99233,24
99234,44
99235,12
99236,34
99237,31
99238,71
99239,21
99240,5
99241,48
99242,10
99243,70
99244,14
99245,67
99246,39
99247,33
99248,85
99249,29
99250,18
99251,100
99252,61
99253,61
99254,37
99255,29
99256,31
99257,82
99258,24
99259,100
99260,86
99261,11
99262,8
99263,36
99264,16
99265,34
99266,93
99267,59
99268,3
99269,40
99270,67
99271,87
99272,2
99273,8
99274,10
99275,95
99276,60
99277,92
99278,97
99279,97
99280,20
99281,24
99282,84
99283,61
99284,83
99285,23
99286,68
99287,40
99288,56
99289,65
99290,8
99291,7
99292,95
99293,57
99294,70
99295,37
99296,19
99297,46
99298,78
99299,27
99300,94
99301,59
99302,21
99303,50
99304,23
99305,97
99306,72
99307,60
99308,1
99309,88
99310,75
99311,54
99312,3
99313,57
99314,12
99315,92
99316,95
99317,26
99318,29
99319,61
99320,64
99321,10
99322,86
99323,48
99324,16
99325,14
99326,26
99327,9
99328,79
99329,100
99330,27
99331,1
99332,34
99333,14
99334,58
99335,74
99336,32
99337,54
99338,79
99339,74
99340,83
99341,51
99342,18
99343,38
99344,86
99345,59
99346,9
99347,71
99348,65
99349,55
99350,6
99351,89
99352,39
99353,18
99354,69
99355,96
99356,10
99357,51
99358,99
99359,11
99360,91
99361,61
99362,72
99363,22
99364,39
99365,69
99366,49
99367,63
99368,18
99369,83
99370,17
99371,26
99372,96
99373,92
99374,72
99375,43
99376,57
99377,61
99378,49
99379,90
99380,52
99381,60
99382,74
99383,49
99384,53
99385,41
99386,58
99387,7
99388,13
99389,12
99390,70
99391,78
99392,43
99393,42
99394,17
99395,35
99396,30
99397,3
99398,76
99399,38
99400,93
99401,54
99402,18
99403,67
99404,64
99405,39
99406,95
99407,75
99408,75
99409,83
99410,74
99411,29
99412,94
99413,27
99414,48
99415,92
99416,40
99417,85
99418,48
99419,28
99420,0
99421,84
99422,30
99423,26
99424,34
99425,7
99426,39
99427,57
99428,71
99429,5
99430,14
99431,20
99432,36
99433,69
99434,53
99435,28
99436,57
99437,88
99438,86
99439,90
99440,86
99441,18
99442,91
99443,33
99444,57
99445,70
99446,12
99447,3
99448,10
99449,49
99450,20
99451,59
99452,20
99453,42
99454,44
99455,41
99456,25
99457,30
99458,48
99459,67
99460,2
99461,38
99462,47
99463,20
99464,17
99465,96
99466,34
99467,31
99468,54
99469,10
99470,57
99471,94
99472,93
99473,37
99474,45
99475,19
99476,25
99477,10
99478,65
99479,80
99480,87
99481,93
99482,36
99483,5
99484,53
99485,86
99486,46
99487,98
99488,46
99489,25
99490,24
99491,35
99492,20
99493,57
99494,42
99495,22
99496,64
99497,58
99498,60
99499,73
99500,88
99501,85
99502,71
99503,63
99504,32
99505,75
99506,47
99507,38
99508,11
99509,75
99510,10
99511,47
99512,7
99513,50
99514,7
99515,100
99516,79
99517,99
99518,81
99519,84
99520,67
99521,70
99522,97
99523,97
99524,35
99525,100
99526,29
99527,89
99528,11
99529,74
99530,28
99531,2
99532,61
99533,10
99534,72
99535,89
99536,58
99537,71
99538,84
99539,71
99540,41
99541,5
99542,54
99543,81
99544,5
99545,20
99546,43
99547,47
99548,86
99549,35
99550,81
99551,90
99552,44
99553,2
99554,58
99555,11
99556,83
99557,18
99558,22
99559,4
99560,50
99561,18
99562,11
99563,91
99564,56
99565,36
99566,33
99567,79
99568,62
99569,3
99570,53
99571,53
99572,5
99573,6
99574,33
99575,67
99576,14
99577,12
99578,72
99579,36
99580,80
99581,37
99582,77
99583,100
99584,30
99585,65
99586,82
99587,82
99588,59
99589,12
99590,20
99591,94
99592,43
99593,27
99594,56
99595,0
99596,98
99597,9
99598,7
99599,76
99600,62
99601,82
99602,66
99603,66
99604,26
99605,17
99606,34
99607,43
99608,97
99609,93
99610,7
99611,84
99612,45
99613,82
99614,42
99615,45
99616,39
99617,93
99618,55
99619,26
99620,19
99621,77
99622,56
99623,11
99624,22
99625,11
99626,43
99627,38
99628,41
99629,93
99630,47
99631,90
99632,87
99633,66
99634,93
99635,34
99636,96
99637,36
99638,39
99639,15
99640,47
99641,17
99642,17
99643,13
99644,95
99645,75
99646,41
99647,1
99648,52
99649,89
99650,86
99651,59
99652,34
99653,63
99654,32
99655,40
99656,62
99657,88
99658,3
99659,20
99660,3
99661,94
99662,55
99663,78
99664,3
99665,3
99666,2
99667,54
99668,68
99669,82
99670,31
99671,57
99672,72
99673,66
99674,33
99675,62
99676,88
99677,9
99678,31
99679,4
99680,28
99681,6
99682,14
99683,1
99684,9
99685,10
99686,52
99687,55
99688,39
99689,57
99690,84
99691,75
99692,67
99693,91
99694,92
99695,76
99696,81
99697,26
99698,2
99699,98
99700,38
99701,21
99702,80
99703,91
99704,60
99705,37
99706,15
99707,68
99708,85
99709,16
99710,60
99711,74
99712,85
99713,43
99714,43
99715,99
99716,40
99717,54
99718,2
99719,90
99720,12
99721,76
99722,50
99723,53
99724,93
99725,17
99726,39
99727,96
99728,80
99729,9
99730,40
99731,43
99732,87
99733,92
99734,7
99735,35
99736,55
99737,13
99738,28
99739,6
99740,88
99741,41
99742,29
99743,91
99744,73
99745,46
99746,33
99747,61
99748,15
99749,73
99750,28
99751,14
99752,91
99753,50
99754,55
99755,87
99756,41
99757,19
99758,46
99759,63
99760,92
99761,1
99762,31
99763,53
99764,41
99765,29
99766,8
99767,18
99768,5
99769,71
99770,97
99771,57
99772,0
99773,12
99774,5
99775,98
99776,28
99777,65
99778,73
99779,30
99780,71
99781,40
99782,38
99783,56
99784,27
99785,30
99786,12
99787,70
99788,50
99789,64
99790,44
99791,52
99792,56
99793,25
99794,15
99795,11
99796,15
99797,97
99798,53
99799,90
99800,51
99801,88
99802,82
99803,70
99804,75
99805,23
99806,57
99807,38
99808,68
99809,0
99810,70
99811,89
99812,87
99813,60
99814,47
99815,61
99816,80
99817,3
99818,79
99819,99
99820,68
99821,68
99822,51
99823,45
99824,16
99825,84
99826,29
99827,48
99828,50
99829,32
99830,86
99831,57
99832,92
99833,38
99834,70
99835,36
99836,70
99837,14
99838,60
99839,92
99840,9
99841,19
99842,8
99843,69
99844,19
99845,63
99846,84
99847,6
99848,63
99849,47
99850,97
99851,46
99852,63
99853,66
99854,44
99855,16
99856,50
99857,42
99858,65
99859,75
99860,12
99861,99
99862,75
99863,26
99864,89
99865,46
99866,39
99867,68
99868,31
99869,99
99870,44
99871,79
99872,73
99873,36
99874,14
99875,74
99876,8
99877,81
99878,96
99879,54
99880,8
99881,63
99882,40
99883,14
99884,35
99885,35
99886,64
99887,27
99888,32
99889,64
99890,53
99891,5
99892,74
99893,47
99894,90
99895,68
99896,73
99897,27
99898,15
99899,25
99900,49
99901,53
99902,91
99903,77
99904,12
99905,64
99906,34
99907,78
99908,28
99909,30
99910,11
99911,68
99912,31
99913,9
99914,4
99915,26
99916,38
99917,20
99918,15
99919,28
99920,78
99921,70
99922,81
99923,82
99924,80
99925,13
99926,40
99927,73
99928,88
99929,40
99930,43
99931,72
99932,15
99933,23
99934,20
99935,58
99936,97
99937,38
99938,70
99939,6
99940,27
99941,50
99942,34
99943,57
99944,9
99945,37
99946,31
99947,61
99948,97
99949,87
99950,49
99951,40
99952,46
99953,1
99954,41
99955,3
99956,0
99957,21
99958,10
99959,10
99960,13
99961,90
99962,96
99963,91
99964,86
99965,72
99966,58
99967,17
99968,60
99969,23
99970,26
99971,34
99972,67
99973,21
99974,10
99975,70
99976,57
99977,100
99978,97
99979,75
99980,3
99981,65
99982,64
99983,17
99984,58
99985,22
99986,97
99987,3
99988,52
99989,82
99990,39
99991,39
99992,50
99993,8
99994,22
99995,12
99996,0
99997,75
99998,9
99999,26
100000,18
